content_id,account_id,case_id,normalized_text,content_hash,language,category,semantic_family,severity_score,safe_placeholder
CT-000001,A-0001,C-001,[target-specific grievance reference],H-8238971,en,Violent Threat,THREAT_FAM_X1-P03,0.891,Yes
CT-000002,A-0007,C-001,[neutral platform activity],H-7445486,es,Violent Threat,THREAT_FAM_X1-default,0.827,Yes
CT-000003,A-0006,C-001,[template family A],H-9911857,es,Violent Threat,THREAT_FAM_X1,0.733,Yes
CT-000004,A-0007,C-001,[more specific intent reference],H-1299902,es,Violent Threat,THREAT_FAM_X1-P07,0.99,Yes
CT-000005,A-0007,C-001,[template family B with minor variation],H-4170436,es,Violent Threat,THREAT_FAM_X1,0.663,Yes
CT-000006,A-0004,C-001,[non-sensitive coordination],H-6470216,en,Violent Threat,THREAT_FAM_X1-default,0.99,Yes
CT-000007,A-0002,C-001,[neutral platform activity],H-7445486,es,Violent Threat,THREAT_FAM_X1-default,0.88,Yes
CT-000008,A-0002,C-001,[more specific intent reference],H-1299902,es,Violent Threat,THREAT_FAM_X1-P07,0.777,Yes
CT-000009,A-0002,C-001,[continued focus on same fictional target],H-0808684,es,Violent Threat,THREAT_FAM_X1-P03,0.685,Yes
CT-000010,A-0003,C-001,[fictional location proximity reference],H-5809038,en,Violent Threat,THREAT_FAM_X1-P11,0.825,Yes
CT-000011,A-0003,C-001,[fictional location proximity reference],H-5809038,en,Violent Threat,THREAT_FAM_X1-P11,0.746,Yes
CT-000012,A-0007,C-001,[more specific intent reference],H-1299902,es,Violent Threat,THREAT_FAM_X1-P07,0.99,Yes
CT-000013,A-0003,C-001,[generic discussion],H-0343767,en,Violent Threat,THREAT_FAM_X1-default,0.791,Yes
CT-000014,A-0008,C-001,[target-specific grievance reference],H-8238971,en,Violent Threat,THREAT_FAM_X1-P03,0.676,Yes
CT-000015,A-0005,C-001,[fictional location proximity reference],H-5809038,en,Violent Threat,THREAT_FAM_X1-P11,0.788,Yes
CT-000016,A-0006,C-001,[target-specific grievance reference],H-8238971,es,Violent Threat,THREAT_FAM_X1-P03,0.722,Yes
CT-000017,A-0002,C-001,[non-sensitive coordination],H-6470216,es,Violent Threat,THREAT_FAM_X1-default,0.89,Yes
CT-000018,A-0008,C-001,[coded phrase family C],H-1057060,en,Violent Threat,THREAT_FAM_X1,0.871,Yes
CT-000019,A-0003,C-001,[event date reference],H-4637430,en,Violent Threat,THREAT_FAM_X1-P11,0.826,Yes
CT-000020,A-0003,C-001,[template family B with minor variation],H-4170436,en,Violent Threat,THREAT_FAM_X1,0.86,Yes
CT-000021,A-0005,C-001,[event date reference],H-4637430,en,Violent Threat,THREAT_FAM_X1-P11,0.73,Yes
CT-000022,A-0007,C-001,[template family A],H-9911857,es,Violent Threat,THREAT_FAM_X1,0.878,Yes
CT-000023,A-0004,C-001,[coded phrase family C],H-1057060,en,Violent Threat,THREAT_FAM_X1,0.814,Yes
CT-000024,A-0008,C-001,[non-sensitive coordination],H-6470216,en,Violent Threat,THREAT_FAM_X1-default,0.706,Yes
CT-000025,A-0005,C-001,[generic discussion],H-0343767,en,Violent Threat,THREAT_FAM_X1-default,0.811,Yes
CT-000026,A-0005,C-001,[template family A],H-9911857,en,Violent Threat,THREAT_FAM_X1,0.707,Yes
CT-000027,A-0006,C-001,[target-specific grievance reference],H-8238971,es,Violent Threat,THREAT_FAM_X1-P03,0.89,Yes
CT-000028,A-0004,C-001,[neutral platform activity],H-7445486,en,Violent Threat,THREAT_FAM_X1-default,0.777,Yes
CT-000029,A-0003,C-001,[event date reference],H-4637430,en,Violent Threat,THREAT_FAM_X1-P11,0.869,Yes
CT-000030,A-0001,C-001,[event date reference],H-4637430,en,Violent Threat,THREAT_FAM_X1-P11,0.778,Yes
CT-000031,A-0008,C-001,[neutral platform activity],H-7445486,en,Violent Threat,THREAT_FAM_X1-default,0.762,Yes
CT-000032,A-0006,C-001,[template family A],H-9911857,es,Violent Threat,THREAT_FAM_X1,0.839,Yes
CT-000033,A-0001,C-001,[event date reference],H-4637430,en,Violent Threat,THREAT_FAM_X1-P11,0.658,Yes
CT-000034,A-0007,C-001,[template family B with minor variation],H-4170436,es,Violent Threat,THREAT_FAM_X1,0.786,Yes
CT-000035,A-0002,C-001,[ambiguous grievance],H-8048511,es,Violent Threat,THREAT_FAM_X1-P07,0.99,Yes
CT-000036,A-0008,C-001,[template family B with minor variation],H-4170436,en,Violent Threat,THREAT_FAM_X1,0.893,Yes
CT-000037,A-0002,C-001,[ambiguous grievance],H-8048511,es,Violent Threat,THREAT_FAM_X1-P07,0.935,Yes
CT-000038,A-0005,C-001,[template family A],H-9911857,en,Violent Threat,THREAT_FAM_X1,0.727,Yes
CT-000039,A-0005,C-001,[non-sensitive coordination],H-6470216,en,Violent Threat,THREAT_FAM_X1-default,0.667,Yes
CT-000040,A-0002,C-001,[neutral platform activity],H-7445486,es,Violent Threat,THREAT_FAM_X1-default,0.709,Yes
CT-000041,A-0002,C-001,[coded phrase family C],H-1057060,es,Violent Threat,THREAT_FAM_X1,0.82,Yes
CT-000042,A-0007,C-001,[repeated target reference],H-7577498,es,Violent Threat,THREAT_FAM_X1-P03,0.753,Yes
CT-000043,A-0001,C-001,[neutral platform activity],H-7445486,en,Violent Threat,THREAT_FAM_X1-default,0.897,Yes
CT-000044,A-0007,C-001,[repeated target reference],H-7577498,es,Violent Threat,THREAT_FAM_X1-P03,0.871,Yes
CT-000045,A-0002,C-001,[template family A],H-9911857,es,Violent Threat,THREAT_FAM_X1,0.707,Yes
CT-000046,A-0001,C-001,[time-linked escalation reference],H-2519291,en,Violent Threat,THREAT_FAM_X1-P07,0.781,Yes
CT-000047,A-0004,C-001,[continued focus on same fictional target],H-0808684,en,Violent Threat,THREAT_FAM_X1-P03,0.789,Yes
CT-000048,A-0004,C-001,[event date reference],H-4637430,en,Violent Threat,THREAT_FAM_X1-P11,0.74,Yes
CT-000049,A-0007,C-001,[neutral platform activity],H-7445486,es,Violent Threat,THREAT_FAM_X1-default,0.889,Yes
CT-000050,A-0008,C-001,[target-specific grievance reference],H-8238971,en,Violent Threat,THREAT_FAM_X1-P03,0.99,Yes
CT-000051,A-0006,C-001,[generic discussion],H-0343767,es,Violent Threat,THREAT_FAM_X1-default,0.97,Yes
CT-000052,A-0001,C-001,[ambiguous grievance],H-8048511,en,Violent Threat,THREAT_FAM_X1-P07,0.857,Yes
CT-000053,A-0003,C-001,[repeated target reference],H-7577498,en,Violent Threat,THREAT_FAM_X1-P03,0.756,Yes
CT-000054,A-0002,C-001,[generic discussion],H-0343767,es,Violent Threat,THREAT_FAM_X1-default,0.651,Yes
CT-000055,A-0002,C-001,[neutral platform activity],H-7445486,es,Violent Threat,THREAT_FAM_X1-default,0.731,Yes
CT-000056,A-0007,C-001,[template family B with minor variation],H-4170436,es,Violent Threat,THREAT_FAM_X1,0.943,Yes
CT-000057,A-0003,C-001,[template family B with minor variation],H-4170436,en,Violent Threat,THREAT_FAM_X1,0.941,Yes
CT-000058,A-0004,C-001,[ambiguous grievance],H-8048511,en,Violent Threat,THREAT_FAM_X1-P07,0.805,Yes
CT-000059,A-0002,C-001,[template family A],H-9911857,es,Violent Threat,THREAT_FAM_X1,0.99,Yes
CT-000060,A-0007,C-001,[coded phrase family C],H-1057060,es,Violent Threat,THREAT_FAM_X1,0.872,Yes
CT-000061,A-0005,C-001,[repeated target reference],H-7577498,en,Violent Threat,THREAT_FAM_X1-P03,0.99,Yes
CT-000062,A-0002,C-001,[continued focus on same fictional target],H-0808684,es,Violent Threat,THREAT_FAM_X1-P03,0.683,Yes
CT-000063,A-0007,C-001,[continued focus on same fictional target],H-0808684,es,Violent Threat,THREAT_FAM_X1-P03,0.72,Yes
CT-000064,A-0006,C-001,[coded phrase family C],H-1057060,es,Violent Threat,THREAT_FAM_X1,0.98,Yes
CT-000065,A-0004,C-001,[continued focus on same fictional target],H-0808684,en,Violent Threat,THREAT_FAM_X1-P03,0.859,Yes
CT-000066,A-0003,C-001,[template family B with minor variation],H-4170436,en,Violent Threat,THREAT_FAM_X1,0.833,Yes
CT-000067,A-0005,C-001,[neutral platform activity],H-7445486,en,Violent Threat,THREAT_FAM_X1-default,0.68,Yes
CT-000068,A-0001,C-001,[ambiguous grievance],H-8048511,en,Violent Threat,THREAT_FAM_X1-P07,0.99,Yes
CT-000069,A-0005,C-001,[neutral platform activity],H-7445486,en,Violent Threat,THREAT_FAM_X1-default,0.976,Yes
CT-000070,A-0006,C-001,[time-linked escalation reference],H-2519291,es,Violent Threat,THREAT_FAM_X1-P07,0.886,Yes
CT-000071,A-0005,C-001,[target-specific grievance reference],H-8238971,en,Violent Threat,THREAT_FAM_X1-P03,0.662,Yes
CT-000072,A-0008,C-001,[non-sensitive coordination],H-6470216,en,Violent Threat,THREAT_FAM_X1-default,0.825,Yes
CT-000073,A-0003,C-001,[continued focus on same fictional target],H-0808684,en,Violent Threat,THREAT_FAM_X1-P03,0.956,Yes
CT-000074,A-0004,C-001,[more specific intent reference],H-1299902,en,Violent Threat,THREAT_FAM_X1-P07,0.99,Yes
CT-000075,A-0007,C-001,[template family B with minor variation],H-4170436,es,Violent Threat,THREAT_FAM_X1,0.953,Yes
CT-000076,A-0008,C-001,[coded phrase family C],H-1057060,en,Violent Threat,THREAT_FAM_X1,0.661,Yes
CT-000077,A-0002,C-001,[continued focus on same fictional target],H-0808684,es,Violent Threat,THREAT_FAM_X1-P03,0.854,Yes
CT-000078,A-0007,C-001,[fictional location proximity reference],H-5809038,es,Violent Threat,THREAT_FAM_X1-P11,0.874,Yes
CT-000079,A-0004,C-001,[non-sensitive coordination],H-6470216,en,Violent Threat,THREAT_FAM_X1-default,0.909,Yes
CT-000080,A-0002,C-001,[template family B with minor variation],H-4170436,es,Violent Threat,THREAT_FAM_X1,0.671,Yes
CT-000081,A-0001,C-001,[non-sensitive coordination],H-6470216,en,Violent Threat,THREAT_FAM_X1-default,0.779,Yes
CT-000082,A-0001,C-001,[event date reference],H-4637430,en,Violent Threat,THREAT_FAM_X1-P11,0.718,Yes
CT-000083,A-0001,C-001,[generic discussion],H-0343767,en,Violent Threat,THREAT_FAM_X1-default,0.754,Yes
CT-000084,A-0003,C-001,[fictional location proximity reference],H-5809038,en,Violent Threat,THREAT_FAM_X1-P11,0.888,Yes
CT-000085,A-0001,C-001,[target-specific grievance reference],H-8238971,en,Violent Threat,THREAT_FAM_X1-P03,0.851,Yes
CT-000086,A-0002,C-001,[ambiguous grievance],H-8048511,es,Violent Threat,THREAT_FAM_X1-P07,0.816,Yes
CT-000087,A-0008,C-001,[generic discussion],H-0343767,en,Violent Threat,THREAT_FAM_X1-default,0.984,Yes
CT-000088,A-0001,C-001,[ambiguous grievance],H-8048511,en,Violent Threat,THREAT_FAM_X1-P07,0.986,Yes
CT-000089,A-0003,C-001,[template family B with minor variation],H-4170436,en,Violent Threat,THREAT_FAM_X1,0.955,Yes
CT-000090,A-0003,C-001,[more specific intent reference],H-1299902,en,Violent Threat,THREAT_FAM_X1-P07,0.856,Yes
CT-000091,A-0006,C-001,[event date reference],H-4637430,es,Violent Threat,THREAT_FAM_X1-P11,0.751,Yes
CT-000092,A-0008,C-001,[event date reference],H-4637430,en,Violent Threat,THREAT_FAM_X1-P11,0.657,Yes
CT-000093,A-0004,C-001,[continued focus on same fictional target],H-0808684,en,Violent Threat,THREAT_FAM_X1-P03,0.879,Yes
CT-000094,A-0007,C-001,[more specific intent reference],H-1299902,es,Violent Threat,THREAT_FAM_X1-P07,0.785,Yes
CT-000095,A-0002,C-001,[neutral platform activity],H-7445486,es,Violent Threat,THREAT_FAM_X1-default,0.676,Yes
CT-000096,A-0008,C-001,[continued focus on same fictional target],H-0808684,en,Violent Threat,THREAT_FAM_X1-P03,0.675,Yes
CT-000097,A-0007,C-001,[ambiguous grievance],H-8048511,es,Violent Threat,THREAT_FAM_X1-P07,0.99,Yes
CT-000098,A-0003,C-001,[template family A],H-9911857,en,Violent Threat,THREAT_FAM_X1,0.911,Yes
CT-000099,A-0002,C-001,[ambiguous grievance],H-8048511,es,Violent Threat,THREAT_FAM_X1-P07,0.99,Yes
CT-000100,A-0006,C-001,[template family A],H-9911857,es,Violent Threat,THREAT_FAM_X1,0.782,Yes
CT-000101,A-0004,C-001,[ambiguous grievance],H-8048511,en,Violent Threat,THREAT_FAM_X1-P07,0.99,Yes
CT-000102,A-0007,C-001,[more specific intent reference],H-1299902,es,Violent Threat,THREAT_FAM_X1-P07,0.972,Yes
CT-000103,A-0007,C-001,[fictional location proximity reference],H-5809038,es,Violent Threat,THREAT_FAM_X1-P11,0.82,Yes
CT-000104,A-0007,C-001,[template family B with minor variation],H-4170436,es,Violent Threat,THREAT_FAM_X1,0.871,Yes
CT-000105,A-0007,C-001,[generic discussion],H-0343767,es,Violent Threat,THREAT_FAM_X1-default,0.71,Yes
CT-000106,A-0008,C-001,[event date reference],H-4637430,en,Violent Threat,THREAT_FAM_X1-P11,0.683,Yes
CT-000107,A-0005,C-001,[template family B with minor variation],H-4170436,en,Violent Threat,THREAT_FAM_X1,0.99,Yes
CT-000108,A-0007,C-001,[ambiguous grievance],H-8048511,es,Violent Threat,THREAT_FAM_X1-P07,0.777,Yes
CT-000109,A-0007,C-001,[non-sensitive coordination],H-6470216,es,Violent Threat,THREAT_FAM_X1-default,0.641,Yes
CT-000110,A-0006,C-001,[template family B with minor variation],H-4170436,es,Violent Threat,THREAT_FAM_X1,0.71,Yes
CT-000111,A-0003,C-001,[generic discussion],H-0343767,en,Violent Threat,THREAT_FAM_X1-default,0.817,Yes
CT-000112,A-0007,C-001,[event date reference],H-4637430,es,Violent Threat,THREAT_FAM_X1-P11,0.99,Yes
CT-000113,A-0001,C-001,[event date reference],H-4637430,en,Violent Threat,THREAT_FAM_X1-P11,0.695,Yes
CT-000114,A-0002,C-001,[event date reference],H-4637430,es,Violent Threat,THREAT_FAM_X1-P11,0.963,Yes
CT-000115,A-0002,C-001,[ambiguous grievance],H-8048511,es,Violent Threat,THREAT_FAM_X1-P07,0.766,Yes
CT-000116,A-0004,C-001,[template family A],H-9911857,en,Violent Threat,THREAT_FAM_X1,0.824,Yes
CT-000117,A-0002,C-001,[coded phrase family C],H-1057060,es,Violent Threat,THREAT_FAM_X1,0.985,Yes
CT-000118,A-0008,C-001,[template family A],H-9911857,en,Violent Threat,THREAT_FAM_X1,0.67,Yes
CT-000119,A-0008,C-001,[fictional location proximity reference],H-5809038,en,Violent Threat,THREAT_FAM_X1-P11,0.697,Yes
CT-000120,A-0001,C-001,[more specific intent reference],H-1299902,en,Violent Threat,THREAT_FAM_X1-P07,0.956,Yes
CT-000121,A-0006,C-001,[repeated target reference],H-7577498,es,Violent Threat,THREAT_FAM_X1-P03,0.837,Yes
CT-000122,A-0003,C-001,[ambiguous grievance],H-8048511,en,Violent Threat,THREAT_FAM_X1-P07,0.99,Yes
CT-000123,A-0003,C-001,[fictional location proximity reference],H-5809038,en,Violent Threat,THREAT_FAM_X1-P11,0.925,Yes
CT-000124,A-0008,C-001,[continued focus on same fictional target],H-0808684,en,Violent Threat,THREAT_FAM_X1-P03,0.938,Yes
CT-000125,A-0002,C-001,[template family A],H-9911857,es,Violent Threat,THREAT_FAM_X1,0.945,Yes
CT-000126,A-0002,C-001,[generic discussion],H-0343767,es,Violent Threat,THREAT_FAM_X1-default,0.842,Yes
CT-000127,A-0005,C-001,[continued focus on same fictional target],H-0808684,en,Violent Threat,THREAT_FAM_X1-P03,0.931,Yes
CT-000128,A-0005,C-001,[event date reference],H-4637430,en,Violent Threat,THREAT_FAM_X1-P11,0.693,Yes
CT-000129,A-0005,C-001,[template family A],H-9911857,en,Violent Threat,THREAT_FAM_X1,0.646,Yes
CT-000130,A-0003,C-001,[target-specific grievance reference],H-8238971,en,Violent Threat,THREAT_FAM_X1-P03,0.69,Yes
CT-000131,A-0003,C-001,[template family A],H-9911857,en,Violent Threat,THREAT_FAM_X1,0.981,Yes
CT-000132,A-0008,C-001,[continued focus on same fictional target],H-0808684,en,Violent Threat,THREAT_FAM_X1-P03,0.881,Yes
CT-000133,A-0003,C-001,[neutral platform activity],H-7445486,en,Violent Threat,THREAT_FAM_X1-default,0.716,Yes
CT-000134,A-0006,C-001,[ambiguous grievance],H-8048511,es,Violent Threat,THREAT_FAM_X1-P07,0.934,Yes
CT-000135,A-0008,C-001,[target-specific grievance reference],H-8238971,en,Violent Threat,THREAT_FAM_X1-P03,0.923,Yes
CT-000136,A-0003,C-001,[repeated target reference],H-7577498,en,Violent Threat,THREAT_FAM_X1-P03,0.936,Yes
CT-000137,A-0007,C-001,[continued focus on same fictional target],H-0808684,es,Violent Threat,THREAT_FAM_X1-P03,0.805,Yes
CT-000138,A-0006,C-001,[repeated target reference],H-7577498,es,Violent Threat,THREAT_FAM_X1-P03,0.746,Yes
CT-000139,A-0006,C-001,[neutral platform activity],H-7445486,es,Violent Threat,THREAT_FAM_X1-default,0.671,Yes
CT-000140,A-0007,C-001,[fictional location proximity reference],H-5809038,es,Violent Threat,THREAT_FAM_X1-P11,0.907,Yes
CT-000141,A-0004,C-001,[fictional location proximity reference],H-5809038,en,Violent Threat,THREAT_FAM_X1-P11,0.803,Yes
CT-000142,A-0002,C-001,[ambiguous grievance],H-8048511,es,Violent Threat,THREAT_FAM_X1-P07,0.99,Yes
CT-000143,A-0005,C-001,[template family B with minor variation],H-4170436,en,Violent Threat,THREAT_FAM_X1,0.727,Yes
CT-000144,A-0008,C-001,[event date reference],H-4637430,en,Violent Threat,THREAT_FAM_X1-P11,0.721,Yes
CT-000145,A-0003,C-001,[repeated target reference],H-7577498,en,Violent Threat,THREAT_FAM_X1-P03,0.872,Yes
CT-000146,A-0003,C-001,[target-specific grievance reference],H-8238971,en,Violent Threat,THREAT_FAM_X1-P03,0.684,Yes
CT-000147,A-0007,C-001,[generic discussion],H-0343767,es,Violent Threat,THREAT_FAM_X1-default,0.886,Yes
CT-000148,A-0002,C-001,[neutral platform activity],H-7445486,es,Violent Threat,THREAT_FAM_X1-default,0.65,Yes
CT-000149,A-0001,C-001,[non-sensitive coordination],H-6470216,en,Violent Threat,THREAT_FAM_X1-default,0.794,Yes
CT-000150,A-0007,C-001,[event date reference],H-4637430,es,Violent Threat,THREAT_FAM_X1-P11,0.948,Yes
CT-000151,A-0006,C-001,[generic discussion],H-0343767,es,Violent Threat,THREAT_FAM_X1-default,0.84,Yes
CT-000152,A-0003,C-001,[generic discussion],H-0343767,en,Violent Threat,THREAT_FAM_X1-default,0.803,Yes
CT-000153,A-0008,C-001,[neutral platform activity],H-7445486,en,Violent Threat,THREAT_FAM_X1-default,0.975,Yes
CT-000154,A-0015,C-002,[obfuscated phrase variant],H-4014421,ar,Coordinated Abuse,HARASS_FAM_X2-OBF,0.64,Yes
CT-000155,A-0026,C-002,[neutral platform activity],H-6146059,ar,Coordinated Abuse,HARASS_FAM_X2-P02,0.714,Yes
CT-000156,A-0022,C-002,[amplification request placeholder],H-2370725,fr,Coordinated Abuse,HARASS_FAM_X2-P08,0.787,Yes
CT-000157,A-0021,C-002,[neutral platform activity],H-7238637,en,Coordinated Abuse,HARASS_FAM_X2-default,0.53,Yes
CT-000158,A-0010,C-002,[coordination instruction placeholder],H-8139650,en,Coordinated Abuse,HARASS_FAM_X2-P08,0.655,Yes
CT-000159,A-0018,C-002,[multilingual coded variant],H-8707435,de,Coordinated Abuse,HARASS_FAM_X2-OBF,0.553,Yes
CT-000160,A-0010,C-002,[generic discussion],H-6637739,en,Coordinated Abuse,HARASS_FAM_X2-P05,0.818,Yes
CT-000161,A-0013,C-002,[neutral platform activity],H-7238637,ar,Coordinated Abuse,HARASS_FAM_X2-default,0.824,Yes
CT-000162,A-0010,C-002,[generic discussion],H-3736475,en,Coordinated Abuse,HARASS_FAM_X2-P02,0.79,Yes
CT-000163,A-0024,C-002,[neutral platform activity],H-7238637,es,Coordinated Abuse,HARASS_FAM_X2-default,0.775,Yes
CT-000164,A-0014,C-002,[generic discussion],H-0351779,es,Coordinated Abuse,HARASS_FAM_X2-default,0.731,Yes
CT-000165,A-0011,C-002,[symbol-substituted phrase],H-5181675,de,Coordinated Abuse,HARASS_FAM_X2-OBF,0.684,Yes
CT-000166,A-0022,C-002,[generic discussion],H-0351779,fr,Coordinated Abuse,HARASS_FAM_X2-default,0.512,Yes
CT-000167,A-0024,C-002,[neutral platform activity],H-7238637,es,Coordinated Abuse,HARASS_FAM_X2-default,0.754,Yes
CT-000168,A-0010,C-002,[non-sensitive coordination],H-6263367,en,Coordinated Abuse,HARASS_FAM_X2-default,0.513,Yes
CT-000169,A-0012,C-002,[continued focus on same fictional target],H-2145128,fr,Coordinated Abuse,HARASS_FAM_X2-P03,0.521,Yes
CT-000170,A-0010,C-002,[continued focus on same fictional target],H-2145128,en,Coordinated Abuse,HARASS_FAM_X2-P03,0.515,Yes
CT-000171,A-0023,C-002,[generic discussion],H-6637739,de,Coordinated Abuse,HARASS_FAM_X2-P05,0.773,Yes
CT-000172,A-0023,C-002,[amplification request placeholder],H-2370725,de,Coordinated Abuse,HARASS_FAM_X2-P08,0.551,Yes
CT-000173,A-0014,C-002,[coordination instruction placeholder],H-8139650,es,Coordinated Abuse,HARASS_FAM_X2-P08,0.763,Yes
CT-000174,A-0023,C-002,[neutral platform activity],H-7238637,de,Coordinated Abuse,HARASS_FAM_X2-default,0.76,Yes
CT-000175,A-0022,C-002,[repeated target reference],H-5674485,fr,Coordinated Abuse,HARASS_FAM_X2-P03,0.681,Yes
CT-000176,A-0015,C-002,[neutral platform activity],H-7238637,ar,Coordinated Abuse,HARASS_FAM_X2-default,0.687,Yes
CT-000177,A-0010,C-002,[neutral platform activity],H-7238637,en,Coordinated Abuse,HARASS_FAM_X2-default,0.856,Yes
CT-000178,A-0011,C-002,[multilingual coded variant],H-8707435,de,Coordinated Abuse,HARASS_FAM_X2-OBF,0.843,Yes
CT-000179,A-0026,C-002,[non-sensitive coordination],H-7121329,ar,Coordinated Abuse,HARASS_FAM_X2-P02,0.571,Yes
CT-000180,A-0017,C-002,[neutral platform activity],H-7238637,de,Coordinated Abuse,HARASS_FAM_X2-default,0.697,Yes
CT-000181,A-0016,C-002,[continued focus on same fictional target],H-2145128,fr,Coordinated Abuse,HARASS_FAM_X2-P03,0.74,Yes
CT-000182,A-0025,C-002,[generic discussion],H-0351779,en,Coordinated Abuse,HARASS_FAM_X2-default,0.689,Yes
CT-000183,A-0018,C-002,[continued focus on same fictional target],H-2145128,de,Coordinated Abuse,HARASS_FAM_X2-P03,0.812,Yes
CT-000184,A-0009,C-002,[target-specific grievance reference],H-0141984,de,Coordinated Abuse,HARASS_FAM_X2-P03,0.822,Yes
CT-000185,A-0024,C-002,[non-sensitive coordination],H-7121329,es,Coordinated Abuse,HARASS_FAM_X2-P02,0.784,Yes
CT-000186,A-0016,C-002,[target-specific grievance reference],H-0141984,fr,Coordinated Abuse,HARASS_FAM_X2-P03,0.713,Yes
CT-000187,A-0026,C-002,[symbol-substituted phrase],H-5181675,ar,Coordinated Abuse,HARASS_FAM_X2-OBF,0.547,Yes
CT-000188,A-0011,C-002,[multilingual coded variant],H-8707435,de,Coordinated Abuse,HARASS_FAM_X2-OBF,0.748,Yes
CT-000189,A-0010,C-002,[obfuscated phrase variant],H-4014421,en,Coordinated Abuse,HARASS_FAM_X2-OBF,0.694,Yes
CT-000190,A-0018,C-002,[coordination instruction placeholder],H-8139650,de,Coordinated Abuse,HARASS_FAM_X2-P08,0.829,Yes
CT-000191,A-0016,C-002,[neutral platform activity],H-7238637,fr,Coordinated Abuse,HARASS_FAM_X2-default,0.858,Yes
CT-000192,A-0011,C-002,[neutral platform activity],H-7238637,de,Coordinated Abuse,HARASS_FAM_X2-default,0.596,Yes
CT-000193,A-0025,C-002,[obfuscated phrase variant],H-4014421,en,Coordinated Abuse,HARASS_FAM_X2-OBF,0.703,Yes
CT-000194,A-0011,C-002,[obfuscated phrase variant],H-4014421,de,Coordinated Abuse,HARASS_FAM_X2-OBF,0.566,Yes
CT-000195,A-0017,C-002,[generic discussion],H-6637739,de,Coordinated Abuse,HARASS_FAM_X2-P05,0.526,Yes
CT-000196,A-0024,C-002,[target-specific grievance reference],H-0141984,es,Coordinated Abuse,HARASS_FAM_X2-P03,0.835,Yes
CT-000197,A-0018,C-002,[target-specific grievance reference],H-0141984,de,Coordinated Abuse,HARASS_FAM_X2-P03,0.566,Yes
CT-000198,A-0026,C-002,[amplification request placeholder],H-2370725,ar,Coordinated Abuse,HARASS_FAM_X2-P08,0.651,Yes
CT-000199,A-0016,C-002,[non-sensitive coordination],H-7121329,fr,Coordinated Abuse,HARASS_FAM_X2-P02,0.645,Yes
CT-000200,A-0025,C-002,[non-sensitive coordination],H-6263367,en,Coordinated Abuse,HARASS_FAM_X2-default,0.76,Yes
CT-000201,A-0014,C-002,[target-specific grievance reference],H-0141984,es,Coordinated Abuse,HARASS_FAM_X2-P03,0.677,Yes
CT-000202,A-0018,C-002,[neutral platform activity],H-7238637,de,Coordinated Abuse,HARASS_FAM_X2-default,0.722,Yes
CT-000203,A-0024,C-002,[research handoff placeholder],H-3713127,es,Coordinated Abuse,HARASS_FAM_X2-P08,0.631,Yes
CT-000204,A-0012,C-002,[neutral platform activity],H-7238637,fr,Coordinated Abuse,HARASS_FAM_X2-default,0.746,Yes
CT-000205,A-0026,C-002,[multilingual coded variant],H-8707435,ar,Coordinated Abuse,HARASS_FAM_X2-OBF,0.595,Yes
CT-000206,A-0017,C-002,[generic discussion],H-0351779,de,Coordinated Abuse,HARASS_FAM_X2-default,0.797,Yes
CT-000207,A-0026,C-002,[coordination instruction placeholder],H-8139650,ar,Coordinated Abuse,HARASS_FAM_X2-P08,0.787,Yes
CT-000208,A-0021,C-002,[multilingual coded variant],H-8707435,en,Coordinated Abuse,HARASS_FAM_X2-OBF,0.796,Yes
CT-000209,A-0009,C-002,[continued focus on same fictional target],H-2145128,de,Coordinated Abuse,HARASS_FAM_X2-P03,0.786,Yes
CT-000210,A-0012,C-002,[neutral platform activity],H-7238637,fr,Coordinated Abuse,HARASS_FAM_X2-default,0.792,Yes
CT-000211,A-0022,C-002,[obfuscated phrase variant],H-4014421,fr,Coordinated Abuse,HARASS_FAM_X2-OBF,0.627,Yes
CT-000212,A-0012,C-002,[symbol-substituted phrase],H-5181675,fr,Coordinated Abuse,HARASS_FAM_X2-OBF,0.849,Yes
CT-000213,A-0025,C-002,[non-sensitive coordination],H-7121329,en,Coordinated Abuse,HARASS_FAM_X2-P02,0.646,Yes
CT-000214,A-0017,C-002,[non-sensitive coordination],H-1603940,de,Coordinated Abuse,HARASS_FAM_X2-P05,0.691,Yes
CT-000215,A-0014,C-002,[amplification request placeholder],H-2370725,es,Coordinated Abuse,HARASS_FAM_X2-P08,0.649,Yes
CT-000216,A-0018,C-002,[non-sensitive coordination],H-7121329,de,Coordinated Abuse,HARASS_FAM_X2-P02,0.566,Yes
CT-000217,A-0022,C-002,[continued focus on same fictional target],H-2145128,fr,Coordinated Abuse,HARASS_FAM_X2-P03,0.729,Yes
CT-000218,A-0015,C-002,[generic discussion],H-3736475,ar,Coordinated Abuse,HARASS_FAM_X2-P02,0.732,Yes
CT-000219,A-0024,C-002,[amplification request placeholder],H-2370725,es,Coordinated Abuse,HARASS_FAM_X2-P08,0.645,Yes
CT-000220,A-0015,C-002,[non-sensitive coordination],H-6263367,ar,Coordinated Abuse,HARASS_FAM_X2-default,0.536,Yes
CT-000221,A-0012,C-002,[non-sensitive coordination],H-7121329,fr,Coordinated Abuse,HARASS_FAM_X2-P02,0.722,Yes
CT-000222,A-0018,C-002,[neutral platform activity],H-7238637,de,Coordinated Abuse,HARASS_FAM_X2-default,0.613,Yes
CT-000223,A-0025,C-002,[non-sensitive coordination],H-6263367,en,Coordinated Abuse,HARASS_FAM_X2-default,0.574,Yes
CT-000224,A-0017,C-002,[generic discussion],H-6637739,de,Coordinated Abuse,HARASS_FAM_X2-P05,0.592,Yes
CT-000225,A-0015,C-002,[research handoff placeholder],H-3713127,ar,Coordinated Abuse,HARASS_FAM_X2-P08,0.706,Yes
CT-000226,A-0018,C-002,[neutral platform activity],H-6146059,de,Coordinated Abuse,HARASS_FAM_X2-P02,0.724,Yes
CT-000227,A-0016,C-002,[obfuscated phrase variant],H-4014421,fr,Coordinated Abuse,HARASS_FAM_X2-OBF,0.51,Yes
CT-000228,A-0022,C-002,[generic discussion],H-6637739,fr,Coordinated Abuse,HARASS_FAM_X2-P05,0.544,Yes
CT-000229,A-0015,C-002,[target-specific grievance reference],H-0141984,ar,Coordinated Abuse,HARASS_FAM_X2-P03,0.611,Yes
CT-000230,A-0018,C-002,[generic discussion],H-3736475,de,Coordinated Abuse,HARASS_FAM_X2-P02,0.772,Yes
CT-000231,A-0017,C-002,[symbol-substituted phrase],H-5181675,de,Coordinated Abuse,HARASS_FAM_X2-OBF,0.568,Yes
CT-000232,A-0012,C-002,[repeated target reference],H-5674485,fr,Coordinated Abuse,HARASS_FAM_X2-P03,0.749,Yes
CT-000233,A-0014,C-002,[multilingual coded variant],H-8707435,es,Coordinated Abuse,HARASS_FAM_X2-OBF,0.633,Yes
CT-000234,A-0009,C-002,[generic discussion],H-6637739,de,Coordinated Abuse,HARASS_FAM_X2-P05,0.831,Yes
CT-000235,A-0010,C-002,[non-sensitive coordination],H-6263367,en,Coordinated Abuse,HARASS_FAM_X2-default,0.664,Yes
CT-000236,A-0009,C-002,[repeated target reference],H-5674485,de,Coordinated Abuse,HARASS_FAM_X2-P03,0.793,Yes
CT-000237,A-0024,C-002,[target-specific grievance reference],H-0141984,es,Coordinated Abuse,HARASS_FAM_X2-P03,0.512,Yes
CT-000238,A-0018,C-002,[neutral platform activity],H-7238637,de,Coordinated Abuse,HARASS_FAM_X2-default,0.803,Yes
CT-000239,A-0024,C-002,[target-specific grievance reference],H-0141984,es,Coordinated Abuse,HARASS_FAM_X2-P03,0.617,Yes
CT-000240,A-0016,C-002,[continued focus on same fictional target],H-2145128,fr,Coordinated Abuse,HARASS_FAM_X2-P03,0.522,Yes
CT-000241,A-0011,C-002,[continued focus on same fictional target],H-2145128,de,Coordinated Abuse,HARASS_FAM_X2-P03,0.717,Yes
CT-000242,A-0014,C-002,[neutral platform activity],H-6146059,es,Coordinated Abuse,HARASS_FAM_X2-P02,0.721,Yes
CT-000243,A-0014,C-002,[continued focus on same fictional target],H-2145128,es,Coordinated Abuse,HARASS_FAM_X2-P03,0.796,Yes
CT-000244,A-0024,C-002,[multilingual coded variant],H-8707435,es,Coordinated Abuse,HARASS_FAM_X2-OBF,0.554,Yes
CT-000245,A-0015,C-002,[neutral platform activity],H-7238637,ar,Coordinated Abuse,HARASS_FAM_X2-default,0.846,Yes
CT-000246,A-0021,C-002,[non-sensitive coordination],H-6263367,en,Coordinated Abuse,HARASS_FAM_X2-default,0.666,Yes
CT-000247,A-0025,C-002,[research handoff placeholder],H-3713127,en,Coordinated Abuse,HARASS_FAM_X2-P08,0.652,Yes
CT-000248,A-0017,C-002,[generic discussion],H-0351779,de,Coordinated Abuse,HARASS_FAM_X2-default,0.641,Yes
CT-000249,A-0026,C-002,[generic discussion],H-6637739,ar,Coordinated Abuse,HARASS_FAM_X2-P05,0.721,Yes
CT-000250,A-0014,C-002,[non-sensitive coordination],H-6263367,es,Coordinated Abuse,HARASS_FAM_X2-default,0.734,Yes
CT-000251,A-0015,C-002,[target-specific grievance reference],H-0141984,ar,Coordinated Abuse,HARASS_FAM_X2-P03,0.668,Yes
CT-000252,A-0026,C-002,[research handoff placeholder],H-3713127,ar,Coordinated Abuse,HARASS_FAM_X2-P08,0.817,Yes
CT-000253,A-0023,C-002,[neutral platform activity],H-6146059,de,Coordinated Abuse,HARASS_FAM_X2-P02,0.626,Yes
CT-000254,A-0019,C-002,[amplification request placeholder],H-2370725,en,Coordinated Abuse,HARASS_FAM_X2-P08,0.585,Yes
CT-000255,A-0023,C-002,[generic discussion],H-0351779,de,Coordinated Abuse,HARASS_FAM_X2-default,0.756,Yes
CT-000256,A-0013,C-002,[repeated target reference],H-5674485,ar,Coordinated Abuse,HARASS_FAM_X2-P03,0.708,Yes
CT-000257,A-0010,C-002,[neutral platform activity],H-9371330,en,Coordinated Abuse,HARASS_FAM_X2-P05,0.65,Yes
CT-000258,A-0013,C-002,[neutral platform activity],H-9371330,ar,Coordinated Abuse,HARASS_FAM_X2-P05,0.63,Yes
CT-000259,A-0014,C-002,[non-sensitive coordination],H-1603940,es,Coordinated Abuse,HARASS_FAM_X2-P05,0.646,Yes
CT-000260,A-0015,C-002,[neutral platform activity],H-7238637,ar,Coordinated Abuse,HARASS_FAM_X2-default,0.713,Yes
CT-000261,A-0017,C-002,[non-sensitive coordination],H-1603940,de,Coordinated Abuse,HARASS_FAM_X2-P05,0.782,Yes
CT-000262,A-0016,C-002,[neutral platform activity],H-6146059,fr,Coordinated Abuse,HARASS_FAM_X2-P02,0.76,Yes
CT-000263,A-0019,C-002,[symbol-substituted phrase],H-5181675,en,Coordinated Abuse,HARASS_FAM_X2-OBF,0.586,Yes
CT-000264,A-0015,C-002,[target-specific grievance reference],H-0141984,ar,Coordinated Abuse,HARASS_FAM_X2-P03,0.675,Yes
CT-000265,A-0009,C-002,[non-sensitive coordination],H-7121329,de,Coordinated Abuse,HARASS_FAM_X2-P02,0.848,Yes
CT-000266,A-0012,C-002,[non-sensitive coordination],H-6263367,fr,Coordinated Abuse,HARASS_FAM_X2-default,0.743,Yes
CT-000267,A-0018,C-002,[generic discussion],H-0351779,de,Coordinated Abuse,HARASS_FAM_X2-default,0.795,Yes
CT-000268,A-0021,C-002,[generic discussion],H-3736475,en,Coordinated Abuse,HARASS_FAM_X2-P02,0.684,Yes
CT-000269,A-0015,C-002,[symbol-substituted phrase],H-5181675,ar,Coordinated Abuse,HARASS_FAM_X2-OBF,0.713,Yes
CT-000270,A-0019,C-002,[multilingual coded variant],H-8707435,en,Coordinated Abuse,HARASS_FAM_X2-OBF,0.649,Yes
CT-000271,A-0015,C-002,[obfuscated phrase variant],H-4014421,ar,Coordinated Abuse,HARASS_FAM_X2-OBF,0.815,Yes
CT-000272,A-0015,C-002,[multilingual coded variant],H-8707435,ar,Coordinated Abuse,HARASS_FAM_X2-OBF,0.817,Yes
CT-000273,A-0020,C-002,[research handoff placeholder],H-3713127,de,Coordinated Abuse,HARASS_FAM_X2-P08,0.574,Yes
CT-000274,A-0013,C-002,[continued focus on same fictional target],H-2145128,ar,Coordinated Abuse,HARASS_FAM_X2-P03,0.508,Yes
CT-000275,A-0023,C-002,[non-sensitive coordination],H-1603940,de,Coordinated Abuse,HARASS_FAM_X2-P05,0.561,Yes
CT-000276,A-0010,C-002,[generic discussion],H-6637739,en,Coordinated Abuse,HARASS_FAM_X2-P05,0.664,Yes
CT-000277,A-0020,C-002,[amplification request placeholder],H-2370725,de,Coordinated Abuse,HARASS_FAM_X2-P08,0.804,Yes
CT-000278,A-0026,C-002,[non-sensitive coordination],H-1603940,ar,Coordinated Abuse,HARASS_FAM_X2-P05,0.756,Yes
CT-000279,A-0017,C-002,[generic discussion],H-3736475,de,Coordinated Abuse,HARASS_FAM_X2-P02,0.83,Yes
CT-000280,A-0019,C-002,[multilingual coded variant],H-8707435,en,Coordinated Abuse,HARASS_FAM_X2-OBF,0.577,Yes
CT-000281,A-0009,C-002,[generic discussion],H-3736475,de,Coordinated Abuse,HARASS_FAM_X2-P02,0.763,Yes
CT-000282,A-0009,C-002,[neutral platform activity],H-6146059,de,Coordinated Abuse,HARASS_FAM_X2-P02,0.683,Yes
CT-000283,A-0009,C-002,[multilingual coded variant],H-8707435,de,Coordinated Abuse,HARASS_FAM_X2-OBF,0.728,Yes
CT-000284,A-0025,C-002,[coordination instruction placeholder],H-8139650,en,Coordinated Abuse,HARASS_FAM_X2-P08,0.718,Yes
CT-000285,A-0014,C-002,[non-sensitive coordination],H-6263367,es,Coordinated Abuse,HARASS_FAM_X2-default,0.857,Yes
CT-000286,A-0020,C-002,[generic discussion],H-3736475,de,Coordinated Abuse,HARASS_FAM_X2-P02,0.595,Yes
CT-000287,A-0023,C-002,[repeated target reference],H-5674485,de,Coordinated Abuse,HARASS_FAM_X2-P03,0.766,Yes
CT-000288,A-0021,C-002,[multilingual coded variant],H-8707435,en,Coordinated Abuse,HARASS_FAM_X2-OBF,0.647,Yes
CT-000289,A-0018,C-002,[amplification request placeholder],H-2370725,de,Coordinated Abuse,HARASS_FAM_X2-P08,0.639,Yes
CT-000290,A-0021,C-002,[multilingual coded variant],H-8707435,en,Coordinated Abuse,HARASS_FAM_X2-OBF,0.779,Yes
CT-000291,A-0026,C-002,[generic discussion],H-3736475,ar,Coordinated Abuse,HARASS_FAM_X2-P02,0.739,Yes
CT-000292,A-0013,C-002,[repeated target reference],H-5674485,ar,Coordinated Abuse,HARASS_FAM_X2-P03,0.733,Yes
CT-000293,A-0009,C-002,[neutral platform activity],H-7238637,de,Coordinated Abuse,HARASS_FAM_X2-default,0.857,Yes
CT-000294,A-0022,C-002,[non-sensitive coordination],H-1603940,fr,Coordinated Abuse,HARASS_FAM_X2-P05,0.817,Yes
CT-000295,A-0011,C-002,[neutral platform activity],H-7238637,de,Coordinated Abuse,HARASS_FAM_X2-default,0.637,Yes
CT-000296,A-0021,C-002,[generic discussion],H-3736475,en,Coordinated Abuse,HARASS_FAM_X2-P02,0.711,Yes
CT-000297,A-0022,C-002,[target-specific grievance reference],H-0141984,fr,Coordinated Abuse,HARASS_FAM_X2-P03,0.507,Yes
CT-000298,A-0015,C-002,[neutral platform activity],H-6146059,ar,Coordinated Abuse,HARASS_FAM_X2-P02,0.645,Yes
CT-000299,A-0018,C-002,[neutral platform activity],H-6146059,de,Coordinated Abuse,HARASS_FAM_X2-P02,0.785,Yes
CT-000300,A-0025,C-002,[multilingual coded variant],H-8707435,en,Coordinated Abuse,HARASS_FAM_X2-OBF,0.552,Yes
CT-000301,A-0013,C-002,[non-sensitive coordination],H-6263367,ar,Coordinated Abuse,HARASS_FAM_X2-default,0.535,Yes
CT-000302,A-0010,C-002,[research handoff placeholder],H-3713127,en,Coordinated Abuse,HARASS_FAM_X2-P08,0.736,Yes
CT-000303,A-0026,C-002,[generic discussion],H-0351779,ar,Coordinated Abuse,HARASS_FAM_X2-default,0.51,Yes
CT-000304,A-0022,C-002,[multilingual coded variant],H-8707435,fr,Coordinated Abuse,HARASS_FAM_X2-OBF,0.799,Yes
CT-000305,A-0026,C-002,[multilingual coded variant],H-8707435,ar,Coordinated Abuse,HARASS_FAM_X2-OBF,0.661,Yes
CT-000306,A-0017,C-002,[neutral platform activity],H-6146059,de,Coordinated Abuse,HARASS_FAM_X2-P02,0.563,Yes
CT-000307,A-0025,C-002,[non-sensitive coordination],H-7121329,en,Coordinated Abuse,HARASS_FAM_X2-P02,0.669,Yes
CT-000308,A-0013,C-002,[non-sensitive coordination],H-6263367,ar,Coordinated Abuse,HARASS_FAM_X2-default,0.666,Yes
CT-000309,A-0019,C-002,[non-sensitive coordination],H-1603940,en,Coordinated Abuse,HARASS_FAM_X2-P05,0.781,Yes
CT-000310,A-0014,C-002,[amplification request placeholder],H-2370725,es,Coordinated Abuse,HARASS_FAM_X2-P08,0.604,Yes
CT-000311,A-0023,C-002,[repeated target reference],H-5674485,de,Coordinated Abuse,HARASS_FAM_X2-P03,0.781,Yes
CT-000312,A-0011,C-002,[non-sensitive coordination],H-6263367,de,Coordinated Abuse,HARASS_FAM_X2-default,0.696,Yes
CT-000313,A-0019,C-002,[obfuscated phrase variant],H-4014421,en,Coordinated Abuse,HARASS_FAM_X2-OBF,0.837,Yes
CT-000314,A-0025,C-002,[repeated target reference],H-5674485,en,Coordinated Abuse,HARASS_FAM_X2-P03,0.646,Yes
CT-000315,A-0015,C-002,[obfuscated phrase variant],H-4014421,ar,Coordinated Abuse,HARASS_FAM_X2-OBF,0.532,Yes
CT-000316,A-0011,C-002,[non-sensitive coordination],H-6263367,de,Coordinated Abuse,HARASS_FAM_X2-default,0.659,Yes
CT-000317,A-0011,C-002,[neutral platform activity],H-6146059,de,Coordinated Abuse,HARASS_FAM_X2-P02,0.694,Yes
CT-000318,A-0021,C-002,[non-sensitive coordination],H-1603940,en,Coordinated Abuse,HARASS_FAM_X2-P05,0.633,Yes
CT-000319,A-0010,C-002,[neutral platform activity],H-9371330,en,Coordinated Abuse,HARASS_FAM_X2-P05,0.852,Yes
CT-000320,A-0020,C-002,[repeated target reference],H-5674485,de,Coordinated Abuse,HARASS_FAM_X2-P03,0.701,Yes
CT-000321,A-0018,C-002,[non-sensitive coordination],H-6263367,de,Coordinated Abuse,HARASS_FAM_X2-default,0.536,Yes
CT-000322,A-0024,C-002,[generic discussion],H-6637739,es,Coordinated Abuse,HARASS_FAM_X2-P05,0.553,Yes
CT-000323,A-0012,C-002,[non-sensitive coordination],H-6263367,fr,Coordinated Abuse,HARASS_FAM_X2-default,0.666,Yes
CT-000324,A-0025,C-002,[symbol-substituted phrase],H-5181675,en,Coordinated Abuse,HARASS_FAM_X2-OBF,0.854,Yes
CT-000325,A-0014,C-002,[amplification request placeholder],H-2370725,es,Coordinated Abuse,HARASS_FAM_X2-P08,0.576,Yes
CT-000326,A-0024,C-002,[research handoff placeholder],H-3713127,es,Coordinated Abuse,HARASS_FAM_X2-P08,0.71,Yes
CT-000327,A-0011,C-002,[non-sensitive coordination],H-1603940,de,Coordinated Abuse,HARASS_FAM_X2-P05,0.802,Yes
CT-000328,A-0019,C-002,[neutral platform activity],H-7238637,en,Coordinated Abuse,HARASS_FAM_X2-default,0.537,Yes
CT-000329,A-0018,C-002,[repeated target reference],H-5674485,de,Coordinated Abuse,HARASS_FAM_X2-P03,0.831,Yes
CT-000330,A-0011,C-002,[non-sensitive coordination],H-6263367,de,Coordinated Abuse,HARASS_FAM_X2-default,0.503,Yes
CT-000331,A-0020,C-002,[repeated target reference],H-5674485,de,Coordinated Abuse,HARASS_FAM_X2-P03,0.671,Yes
CT-000332,A-0023,C-002,[target-specific grievance reference],H-0141984,de,Coordinated Abuse,HARASS_FAM_X2-P03,0.799,Yes
CT-000333,A-0015,C-002,[neutral platform activity],H-7238637,ar,Coordinated Abuse,HARASS_FAM_X2-default,0.791,Yes
CT-000334,A-0022,C-002,[symbol-substituted phrase],H-5181675,fr,Coordinated Abuse,HARASS_FAM_X2-OBF,0.67,Yes
CT-000335,A-0018,C-002,[generic discussion],H-0351779,de,Coordinated Abuse,HARASS_FAM_X2-default,0.829,Yes
CT-000336,A-0010,C-002,[multilingual coded variant],H-8707435,en,Coordinated Abuse,HARASS_FAM_X2-OBF,0.767,Yes
CT-000337,A-0012,C-002,[generic discussion],H-3736475,fr,Coordinated Abuse,HARASS_FAM_X2-P02,0.584,Yes
CT-000338,A-0015,C-002,[non-sensitive coordination],H-6263367,ar,Coordinated Abuse,HARASS_FAM_X2-default,0.696,Yes
CT-000339,A-0010,C-002,[continued focus on same fictional target],H-2145128,en,Coordinated Abuse,HARASS_FAM_X2-P03,0.734,Yes
CT-000340,A-0015,C-002,[non-sensitive coordination],H-7121329,ar,Coordinated Abuse,HARASS_FAM_X2-P02,0.705,Yes
CT-000341,A-0019,C-002,[non-sensitive coordination],H-6263367,en,Coordinated Abuse,HARASS_FAM_X2-default,0.514,Yes
CT-000342,A-0018,C-002,[neutral platform activity],H-7238637,de,Coordinated Abuse,HARASS_FAM_X2-default,0.629,Yes
CT-000343,A-0018,C-002,[coordination instruction placeholder],H-8139650,de,Coordinated Abuse,HARASS_FAM_X2-P08,0.731,Yes
CT-000344,A-0026,C-002,[generic discussion],H-0351779,ar,Coordinated Abuse,HARASS_FAM_X2-default,0.712,Yes
CT-000345,A-0025,C-002,[non-sensitive coordination],H-1603940,en,Coordinated Abuse,HARASS_FAM_X2-P05,0.856,Yes
CT-000346,A-0018,C-002,[generic discussion],H-3736475,de,Coordinated Abuse,HARASS_FAM_X2-P02,0.647,Yes
CT-000347,A-0017,C-002,[non-sensitive coordination],H-6263367,de,Coordinated Abuse,HARASS_FAM_X2-default,0.772,Yes
CT-000348,A-0017,C-002,[neutral platform activity],H-7238637,de,Coordinated Abuse,HARASS_FAM_X2-default,0.749,Yes
CT-000349,A-0026,C-002,[generic discussion],H-0351779,ar,Coordinated Abuse,HARASS_FAM_X2-default,0.842,Yes
CT-000350,A-0024,C-002,[neutral platform activity],H-6146059,es,Coordinated Abuse,HARASS_FAM_X2-P02,0.669,Yes
CT-000351,A-0020,C-002,[generic discussion],H-3736475,de,Coordinated Abuse,HARASS_FAM_X2-P02,0.796,Yes
CT-000352,A-0009,C-002,[continued focus on same fictional target],H-2145128,de,Coordinated Abuse,HARASS_FAM_X2-P03,0.574,Yes
CT-000353,A-0022,C-002,[repeated target reference],H-5674485,fr,Coordinated Abuse,HARASS_FAM_X2-P03,0.658,Yes
CT-000354,A-0016,C-002,[non-sensitive coordination],H-6263367,fr,Coordinated Abuse,HARASS_FAM_X2-default,0.717,Yes
CT-000355,A-0023,C-002,[obfuscated phrase variant],H-4014421,de,Coordinated Abuse,HARASS_FAM_X2-OBF,0.641,Yes
CT-000356,A-0027,C-003,[non-sensitive coordination],H-9389197,en,Evasion / Account Network,EVASION_FAM_X3-P01,0.463,Yes
CT-000357,A-0032,C-003,[neutral platform activity],H-1125610,es,Evasion / Account Network,EVASION_FAM_X3-default,0.741,Yes
CT-000358,A-0029,C-003,[generic discussion],H-0558515,en,Evasion / Account Network,EVASION_FAM_X3-P05,0.717,Yes
CT-000359,A-0030,C-003,[migration invitation placeholder],H-4170535,es,Evasion / Account Network,EVASION_FAM_X3-P09,0.554,Yes
CT-000360,A-0031,C-003,[non-sensitive coordination],H-0150340,es,Evasion / Account Network,EVASION_FAM_X3-default,0.497,Yes
CT-000361,A-0031,C-003,[neutral platform activity],H-3292106,es,Evasion / Account Network,EVASION_FAM_X3-P05,0.65,Yes
CT-000362,A-0033,C-003,[neutral platform activity],H-1125610,en,Evasion / Account Network,EVASION_FAM_X3-default,0.777,Yes
CT-000363,A-0030,C-003,[non-sensitive coordination],H-9039076,es,Evasion / Account Network,EVASION_FAM_X3-P06,0.678,Yes
CT-000364,A-0032,C-003,[neutral platform activity],H-1125610,es,Evasion / Account Network,EVASION_FAM_X3-default,0.73,Yes
CT-000365,A-0034,C-003,[external-channel handoff placeholder],H-1135628,es,Evasion / Account Network,EVASION_FAM_X3-P09,0.72,Yes
CT-000366,A-0028,C-003,[neutral platform activity],H-3292106,es,Evasion / Account Network,EVASION_FAM_X3-P05,0.663,Yes
CT-000367,A-0029,C-003,[non-sensitive coordination],H-0150340,en,Evasion / Account Network,EVASION_FAM_X3-default,0.7,Yes
CT-000368,A-0032,C-003,[non-sensitive coordination],H-9389197,es,Evasion / Account Network,EVASION_FAM_X3-P01,0.592,Yes
CT-000369,A-0030,C-003,[generic discussion],H-6004343,es,Evasion / Account Network,EVASION_FAM_X3-P01,0.636,Yes
CT-000370,A-0029,C-003,[generic discussion],H-3535194,en,Evasion / Account Network,EVASION_FAM_X3-default,0.594,Yes
CT-000371,A-0033,C-003,[non-sensitive coordination],H-0150340,en,Evasion / Account Network,EVASION_FAM_X3-default,0.442,Yes
CT-000372,A-0035,C-003,[non-sensitive coordination],H-9039076,en,Evasion / Account Network,EVASION_FAM_X3-P06,0.7,Yes
CT-000373,A-0030,C-003,[neutral platform activity],H-0014346,es,Evasion / Account Network,EVASION_FAM_X3-P06,0.738,Yes
CT-000374,A-0029,C-003,[generic discussion],H-3535194,en,Evasion / Account Network,EVASION_FAM_X3-default,0.501,Yes
CT-000375,A-0034,C-003,[neutral platform activity],H-1125610,es,Evasion / Account Network,EVASION_FAM_X3-default,0.75,Yes
CT-000376,A-0035,C-003,[neutral platform activity],H-1125610,en,Evasion / Account Network,EVASION_FAM_X3-default,0.554,Yes
CT-000377,A-0033,C-003,[migration invitation placeholder],H-4170535,en,Evasion / Account Network,EVASION_FAM_X3-P09,0.582,Yes
CT-000378,A-0035,C-003,[generic discussion],H-3535194,en,Evasion / Account Network,EVASION_FAM_X3-default,0.684,Yes
CT-000379,A-0028,C-003,[neutral platform activity],H-1125610,es,Evasion / Account Network,EVASION_FAM_X3-default,0.466,Yes
CT-000380,A-0032,C-003,[external-channel handoff placeholder],H-1135628,es,Evasion / Account Network,EVASION_FAM_X3-P09,0.717,Yes
CT-000381,A-0032,C-003,[neutral platform activity],H-1125610,es,Evasion / Account Network,EVASION_FAM_X3-default,0.627,Yes
CT-000382,A-0029,C-003,[generic discussion],H-0558515,en,Evasion / Account Network,EVASION_FAM_X3-P05,0.515,Yes
CT-000383,A-0028,C-003,[generic discussion],H-6004343,es,Evasion / Account Network,EVASION_FAM_X3-P01,0.735,Yes
CT-000384,A-0033,C-003,[neutral platform activity],H-3292106,en,Evasion / Account Network,EVASION_FAM_X3-P05,0.643,Yes
CT-000385,A-0031,C-003,[migration invitation placeholder],H-4170535,es,Evasion / Account Network,EVASION_FAM_X3-P09,0.754,Yes
CT-000386,A-0034,C-003,[neutral platform activity],H-3292106,es,Evasion / Account Network,EVASION_FAM_X3-P05,0.754,Yes
CT-000387,A-0029,C-003,[neutral platform activity],H-1125610,en,Evasion / Account Network,EVASION_FAM_X3-default,0.65,Yes
CT-000388,A-0031,C-003,[generic discussion],H-6004343,es,Evasion / Account Network,EVASION_FAM_X3-P01,0.64,Yes
CT-000389,A-0027,C-003,[non-sensitive coordination],H-0150340,en,Evasion / Account Network,EVASION_FAM_X3-default,0.755,Yes
CT-000390,A-0032,C-003,[neutral platform activity],H-1125610,es,Evasion / Account Network,EVASION_FAM_X3-default,0.677,Yes
CT-000391,A-0031,C-003,[neutral platform activity],H-1125610,es,Evasion / Account Network,EVASION_FAM_X3-default,0.663,Yes
CT-000392,A-0034,C-003,[non-sensitive coordination],H-0150340,es,Evasion / Account Network,EVASION_FAM_X3-default,0.618,Yes
CT-000393,A-0033,C-003,[neutral platform activity],H-8413927,en,Evasion / Account Network,EVASION_FAM_X3-P01,0.595,Yes
CT-000394,A-0029,C-003,[non-sensitive coordination],H-0150340,en,Evasion / Account Network,EVASION_FAM_X3-default,0.534,Yes
CT-000395,A-0033,C-003,[non-sensitive coordination],H-9039076,en,Evasion / Account Network,EVASION_FAM_X3-P06,0.671,Yes
CT-000396,A-0027,C-003,[generic discussion],H-7576070,en,Evasion / Account Network,EVASION_FAM_X3-P06,0.754,Yes
CT-000397,A-0031,C-003,[generic discussion],H-6004343,es,Evasion / Account Network,EVASION_FAM_X3-P01,0.71,Yes
CT-000398,A-0029,C-003,[neutral platform activity],H-1125610,en,Evasion / Account Network,EVASION_FAM_X3-default,0.773,Yes
CT-000399,A-0030,C-003,[non-sensitive coordination],H-0150340,es,Evasion / Account Network,EVASION_FAM_X3-default,0.608,Yes
CT-000400,A-0032,C-003,[neutral platform activity],H-8413927,es,Evasion / Account Network,EVASION_FAM_X3-P01,0.772,Yes
CT-000401,A-0032,C-003,[migration invitation placeholder],H-4170535,es,Evasion / Account Network,EVASION_FAM_X3-P09,0.465,Yes
CT-000402,A-0028,C-003,[external-channel handoff placeholder],H-1135628,es,Evasion / Account Network,EVASION_FAM_X3-P09,0.664,Yes
CT-000403,A-0028,C-003,[generic discussion],H-3535194,es,Evasion / Account Network,EVASION_FAM_X3-default,0.711,Yes
CT-000404,A-0031,C-003,[neutral platform activity],H-0014346,es,Evasion / Account Network,EVASION_FAM_X3-P06,0.564,Yes
CT-000405,A-0031,C-003,[migration invitation placeholder],H-4170535,es,Evasion / Account Network,EVASION_FAM_X3-P09,0.442,Yes
CT-000406,A-0032,C-003,[non-sensitive coordination],H-2316836,es,Evasion / Account Network,EVASION_FAM_X3-P05,0.642,Yes
CT-000407,A-0035,C-003,[generic discussion],H-7576070,en,Evasion / Account Network,EVASION_FAM_X3-P06,0.746,Yes
CT-000408,A-0029,C-003,[non-sensitive coordination],H-0150340,en,Evasion / Account Network,EVASION_FAM_X3-default,0.52,Yes
CT-000409,A-0031,C-003,[neutral platform activity],H-1125610,es,Evasion / Account Network,EVASION_FAM_X3-default,0.524,Yes
CT-000410,A-0027,C-003,[generic discussion],H-0558515,en,Evasion / Account Network,EVASION_FAM_X3-P05,0.75,Yes
CT-000411,A-0028,C-003,[non-sensitive coordination],H-2316836,es,Evasion / Account Network,EVASION_FAM_X3-P05,0.608,Yes
CT-000412,A-0031,C-003,[neutral platform activity],H-8413927,es,Evasion / Account Network,EVASION_FAM_X3-P01,0.753,Yes
CT-000413,A-0029,C-003,[neutral platform activity],H-1125610,en,Evasion / Account Network,EVASION_FAM_X3-default,0.747,Yes
CT-000414,A-0032,C-003,[external-channel handoff placeholder],H-1135628,es,Evasion / Account Network,EVASION_FAM_X3-P09,0.479,Yes
CT-000415,A-0032,C-003,[migration invitation placeholder],H-4170535,es,Evasion / Account Network,EVASION_FAM_X3-P09,0.527,Yes
CT-000416,A-0030,C-003,[non-sensitive coordination],H-0150340,es,Evasion / Account Network,EVASION_FAM_X3-default,0.603,Yes
CT-000417,A-0034,C-003,[generic discussion],H-3535194,es,Evasion / Account Network,EVASION_FAM_X3-default,0.434,Yes
CT-000418,A-0030,C-003,[neutral platform activity],H-1125610,es,Evasion / Account Network,EVASION_FAM_X3-default,0.549,Yes
CT-000419,A-0029,C-003,[neutral platform activity],H-8413927,en,Evasion / Account Network,EVASION_FAM_X3-P01,0.692,Yes
CT-000420,A-0034,C-003,[neutral platform activity],H-0014346,es,Evasion / Account Network,EVASION_FAM_X3-P06,0.495,Yes
CT-000421,A-0032,C-003,[non-sensitive coordination],H-2316836,es,Evasion / Account Network,EVASION_FAM_X3-P05,0.436,Yes
CT-000422,A-0028,C-003,[generic discussion],H-7576070,es,Evasion / Account Network,EVASION_FAM_X3-P06,0.671,Yes
CT-000423,A-0027,C-003,[neutral platform activity],H-1125610,en,Evasion / Account Network,EVASION_FAM_X3-default,0.619,Yes
CT-000424,A-0032,C-003,[migration invitation placeholder],H-4170535,es,Evasion / Account Network,EVASION_FAM_X3-P09,0.67,Yes
CT-000425,A-0029,C-003,[neutral platform activity],H-1125610,en,Evasion / Account Network,EVASION_FAM_X3-default,0.755,Yes
CT-000426,A-0034,C-003,[external-channel handoff placeholder],H-1135628,es,Evasion / Account Network,EVASION_FAM_X3-P09,0.554,Yes
CT-000427,A-0034,C-003,[migration invitation placeholder],H-4170535,es,Evasion / Account Network,EVASION_FAM_X3-P09,0.771,Yes
CT-000428,A-0029,C-003,[migration invitation placeholder],H-4170535,en,Evasion / Account Network,EVASION_FAM_X3-P09,0.665,Yes
CT-000429,A-0031,C-003,[non-sensitive coordination],H-9039076,es,Evasion / Account Network,EVASION_FAM_X3-P06,0.764,Yes
CT-000430,A-0031,C-003,[neutral platform activity],H-0014346,es,Evasion / Account Network,EVASION_FAM_X3-P06,0.579,Yes
CT-000431,A-0028,C-003,[neutral platform activity],H-0014346,es,Evasion / Account Network,EVASION_FAM_X3-P06,0.508,Yes
CT-000432,A-0031,C-003,[neutral platform activity],H-1125610,es,Evasion / Account Network,EVASION_FAM_X3-default,0.677,Yes
CT-000433,A-0035,C-003,[generic discussion],H-3535194,en,Evasion / Account Network,EVASION_FAM_X3-default,0.536,Yes
CT-000434,A-0028,C-003,[generic discussion],H-3535194,es,Evasion / Account Network,EVASION_FAM_X3-default,0.768,Yes
CT-000435,A-0034,C-003,[non-sensitive coordination],H-9039076,es,Evasion / Account Network,EVASION_FAM_X3-P06,0.477,Yes
CT-000436,A-0034,C-003,[generic discussion],H-0558515,es,Evasion / Account Network,EVASION_FAM_X3-P05,0.62,Yes
CT-000437,A-0030,C-003,[non-sensitive coordination],H-9039076,es,Evasion / Account Network,EVASION_FAM_X3-P06,0.598,Yes
CT-000438,A-0033,C-003,[neutral platform activity],H-3292106,en,Evasion / Account Network,EVASION_FAM_X3-P05,0.597,Yes
CT-000439,A-0029,C-003,[generic discussion],H-3535194,en,Evasion / Account Network,EVASION_FAM_X3-default,0.452,Yes
CT-000440,A-0029,C-003,[external-channel handoff placeholder],H-1135628,en,Evasion / Account Network,EVASION_FAM_X3-P09,0.722,Yes
CT-000441,A-0033,C-003,[migration invitation placeholder],H-4170535,en,Evasion / Account Network,EVASION_FAM_X3-P09,0.786,Yes
CT-000442,A-0035,C-003,[neutral platform activity],H-8413927,en,Evasion / Account Network,EVASION_FAM_X3-P01,0.48,Yes
CT-000443,A-0029,C-003,[generic discussion],H-3535194,en,Evasion / Account Network,EVASION_FAM_X3-default,0.705,Yes
CT-000444,A-0035,C-003,[generic discussion],H-0558515,en,Evasion / Account Network,EVASION_FAM_X3-P05,0.525,Yes
CT-000445,A-0030,C-003,[neutral platform activity],H-3292106,es,Evasion / Account Network,EVASION_FAM_X3-P05,0.744,Yes
CT-000446,A-0035,C-003,[neutral platform activity],H-1125610,en,Evasion / Account Network,EVASION_FAM_X3-default,0.431,Yes
CT-000447,A-0033,C-003,[neutral platform activity],H-8413927,en,Evasion / Account Network,EVASION_FAM_X3-P01,0.608,Yes
CT-000448,A-0034,C-003,[neutral platform activity],H-8413927,es,Evasion / Account Network,EVASION_FAM_X3-P01,0.453,Yes
CT-000449,A-0027,C-003,[non-sensitive coordination],H-2316836,en,Evasion / Account Network,EVASION_FAM_X3-P05,0.567,Yes
CT-000450,A-0030,C-003,[generic discussion],H-3535194,es,Evasion / Account Network,EVASION_FAM_X3-default,0.466,Yes
CT-000451,A-0032,C-003,[non-sensitive coordination],H-9389197,es,Evasion / Account Network,EVASION_FAM_X3-P01,0.597,Yes
CT-000452,A-0031,C-003,[generic discussion],H-7576070,es,Evasion / Account Network,EVASION_FAM_X3-P06,0.562,Yes
CT-000453,A-0030,C-003,[non-sensitive coordination],H-0150340,es,Evasion / Account Network,EVASION_FAM_X3-default,0.586,Yes
CT-000454,A-0035,C-003,[non-sensitive coordination],H-0150340,en,Evasion / Account Network,EVASION_FAM_X3-default,0.632,Yes
CT-000455,A-0033,C-003,[neutral platform activity],H-0014346,en,Evasion / Account Network,EVASION_FAM_X3-P06,0.783,Yes
CT-000456,A-0033,C-003,[neutral platform activity],H-3292106,en,Evasion / Account Network,EVASION_FAM_X3-P05,0.585,Yes
CT-000457,A-0032,C-003,[non-sensitive coordination],H-9389197,es,Evasion / Account Network,EVASION_FAM_X3-P01,0.675,Yes
CT-000458,A-0032,C-003,[non-sensitive coordination],H-9389197,es,Evasion / Account Network,EVASION_FAM_X3-P01,0.596,Yes
CT-000459,A-0035,C-003,[generic discussion],H-3535194,en,Evasion / Account Network,EVASION_FAM_X3-default,0.709,Yes
CT-000460,A-0030,C-003,[neutral platform activity],H-1125610,es,Evasion / Account Network,EVASION_FAM_X3-default,0.618,Yes
CT-000461,A-0032,C-003,[neutral platform activity],H-1125610,es,Evasion / Account Network,EVASION_FAM_X3-default,0.657,Yes
CT-000462,A-0034,C-003,[migration invitation placeholder],H-4170535,es,Evasion / Account Network,EVASION_FAM_X3-P09,0.672,Yes
CT-000463,A-0034,C-003,[non-sensitive coordination],H-9389197,es,Evasion / Account Network,EVASION_FAM_X3-P01,0.57,Yes
CT-000464,A-0033,C-003,[non-sensitive coordination],H-0150340,en,Evasion / Account Network,EVASION_FAM_X3-default,0.685,Yes
CT-000465,A-0028,C-003,[generic discussion],H-3535194,es,Evasion / Account Network,EVASION_FAM_X3-default,0.703,Yes
CT-000466,A-0034,C-003,[non-sensitive coordination],H-9039076,es,Evasion / Account Network,EVASION_FAM_X3-P06,0.773,Yes
CT-000467,A-0028,C-003,[neutral platform activity],H-8413927,es,Evasion / Account Network,EVASION_FAM_X3-P01,0.593,Yes
CT-000468,A-0031,C-003,[non-sensitive coordination],H-2316836,es,Evasion / Account Network,EVASION_FAM_X3-P05,0.525,Yes
CT-000469,A-0032,C-003,[non-sensitive coordination],H-0150340,es,Evasion / Account Network,EVASION_FAM_X3-default,0.51,Yes
CT-000470,A-0027,C-003,[non-sensitive coordination],H-9389197,en,Evasion / Account Network,EVASION_FAM_X3-P01,0.447,Yes
CT-000471,A-0035,C-003,[non-sensitive coordination],H-0150340,en,Evasion / Account Network,EVASION_FAM_X3-default,0.487,Yes
CT-000472,A-0027,C-003,[neutral platform activity],H-0014346,en,Evasion / Account Network,EVASION_FAM_X3-P06,0.76,Yes
CT-000473,A-0031,C-003,[external-channel handoff placeholder],H-1135628,es,Evasion / Account Network,EVASION_FAM_X3-P09,0.708,Yes
CT-000474,A-0028,C-003,[generic discussion],H-6004343,es,Evasion / Account Network,EVASION_FAM_X3-P01,0.786,Yes
CT-000475,A-0033,C-003,[generic discussion],H-3535194,en,Evasion / Account Network,EVASION_FAM_X3-default,0.735,Yes
CT-000476,A-0027,C-003,[non-sensitive coordination],H-9389197,en,Evasion / Account Network,EVASION_FAM_X3-P01,0.686,Yes
CT-000477,A-0033,C-003,[non-sensitive coordination],H-0150340,en,Evasion / Account Network,EVASION_FAM_X3-default,0.459,Yes
CT-000478,A-0035,C-003,[non-sensitive coordination],H-9389197,en,Evasion / Account Network,EVASION_FAM_X3-P01,0.753,Yes
CT-000479,A-0031,C-003,[non-sensitive coordination],H-2316836,es,Evasion / Account Network,EVASION_FAM_X3-P05,0.596,Yes
CT-000480,A-0028,C-003,[external-channel handoff placeholder],H-1135628,es,Evasion / Account Network,EVASION_FAM_X3-P09,0.568,Yes
CT-000481,A-0030,C-003,[non-sensitive coordination],H-9389197,es,Evasion / Account Network,EVASION_FAM_X3-P01,0.651,Yes
CT-000482,A-0027,C-003,[migration invitation placeholder],H-4170535,en,Evasion / Account Network,EVASION_FAM_X3-P09,0.521,Yes
CT-000483,A-0033,C-003,[migration invitation placeholder],H-4170535,en,Evasion / Account Network,EVASION_FAM_X3-P09,0.563,Yes
CT-000484,A-0034,C-003,[generic discussion],H-3535194,es,Evasion / Account Network,EVASION_FAM_X3-default,0.456,Yes
CT-000485,A-0032,C-003,[non-sensitive coordination],H-9039076,es,Evasion / Account Network,EVASION_FAM_X3-P06,0.677,Yes
CT-000486,A-0035,C-003,[generic discussion],H-7576070,en,Evasion / Account Network,EVASION_FAM_X3-P06,0.768,Yes
CT-000487,A-0034,C-003,[external-channel handoff placeholder],H-1135628,es,Evasion / Account Network,EVASION_FAM_X3-P09,0.734,Yes
CT-000488,A-0033,C-003,[neutral platform activity],H-3292106,en,Evasion / Account Network,EVASION_FAM_X3-P05,0.459,Yes
CT-000489,A-0028,C-003,[non-sensitive coordination],H-9039076,es,Evasion / Account Network,EVASION_FAM_X3-P06,0.584,Yes
CT-000490,A-0035,C-003,[neutral platform activity],H-3292106,en,Evasion / Account Network,EVASION_FAM_X3-P05,0.517,Yes
CT-000491,A-0032,C-003,[neutral platform activity],H-3292106,es,Evasion / Account Network,EVASION_FAM_X3-P05,0.571,Yes
CT-000492,A-0035,C-003,[neutral platform activity],H-1125610,en,Evasion / Account Network,EVASION_FAM_X3-default,0.706,Yes
CT-000493,A-0035,C-003,[generic discussion],H-3535194,en,Evasion / Account Network,EVASION_FAM_X3-default,0.604,Yes
CT-000494,A-0032,C-003,[non-sensitive coordination],H-0150340,es,Evasion / Account Network,EVASION_FAM_X3-default,0.727,Yes
CT-000495,A-0031,C-003,[generic discussion],H-7576070,es,Evasion / Account Network,EVASION_FAM_X3-P06,0.576,Yes
CT-000496,A-0030,C-003,[neutral platform activity],H-1125610,es,Evasion / Account Network,EVASION_FAM_X3-default,0.46,Yes
CT-000497,A-0033,C-003,[non-sensitive coordination],H-9389197,en,Evasion / Account Network,EVASION_FAM_X3-P01,0.732,Yes
CT-000498,A-0032,C-003,[non-sensitive coordination],H-9389197,es,Evasion / Account Network,EVASION_FAM_X3-P01,0.509,Yes
CT-000499,A-0030,C-003,[generic discussion],H-0558515,es,Evasion / Account Network,EVASION_FAM_X3-P05,0.641,Yes
CT-000500,A-0041,C-004,[coordination instruction placeholder],H-7863818,en,Extremist Activity,EVASION_FAM_X3-P08,0.67,Yes
CT-000501,A-0041,C-004,[migration invitation placeholder],H-4170535,en,Extremist Activity,EVASION_FAM_X3-P09,0.933,Yes
CT-000502,A-0037,C-004,[migration invitation placeholder],H-4170535,en,Extremist Activity,EVASION_FAM_X3-P09,0.652,Yes
CT-000503,A-0046,C-004,[template family A],H-8456337,ar,Extremist Activity,EVASION_FAM_X3,0.903,Yes
CT-000504,A-0037,C-004,[external-channel handoff placeholder],H-1135628,en,Extremist Activity,EVASION_FAM_X3-P09,0.805,Yes
CT-000505,A-0042,C-004,[template family B with minor variation],H-7681805,de,Extremist Activity,EVASION_FAM_X3,0.714,Yes
CT-000506,A-0040,C-004,[symbol-substituted phrase],H-7857967,es,Extremist Activity,EVASION_FAM_X3-OBF,0.694,Yes
CT-000507,A-0040,C-004,[generic discussion],H-3535194,es,Extremist Activity,EVASION_FAM_X3-default,0.926,Yes
CT-000508,A-0040,C-004,[multilingual coded variant],H-0362584,es,Extremist Activity,EVASION_FAM_X3-OBF,0.854,Yes
CT-000509,A-0046,C-004,[template family B with minor variation],H-7681805,ar,Extremist Activity,EVASION_FAM_X3,0.633,Yes
CT-000510,A-0040,C-004,[coordination instruction placeholder],H-7863818,es,Extremist Activity,EVASION_FAM_X3-P08,0.648,Yes
CT-000511,A-0041,C-004,[template family A],H-8456337,en,Extremist Activity,EVASION_FAM_X3,0.851,Yes
CT-000512,A-0043,C-004,[obfuscated phrase variant],H-9513918,es,Extremist Activity,EVASION_FAM_X3-OBF,0.938,Yes
CT-000513,A-0039,C-004,[migration invitation placeholder],H-4170535,ar,Extremist Activity,EVASION_FAM_X3-P09,0.749,Yes
CT-000514,A-0039,C-004,[external-channel handoff placeholder],H-1135628,ar,Extremist Activity,EVASION_FAM_X3-P09,0.749,Yes
CT-000515,A-0039,C-004,[external-channel handoff placeholder],H-1135628,ar,Extremist Activity,EVASION_FAM_X3-P09,0.705,Yes
CT-000516,A-0039,C-004,[symbol-substituted phrase],H-7857967,ar,Extremist Activity,EVASION_FAM_X3-OBF,0.955,Yes
CT-000517,A-0045,C-004,[external-channel handoff placeholder],H-1135628,ar,Extremist Activity,EVASION_FAM_X3-P09,0.874,Yes
CT-000518,A-0047,C-004,[generic discussion],H-3535194,de,Extremist Activity,EVASION_FAM_X3-default,0.689,Yes
CT-000519,A-0036,C-004,[template family A],H-8456337,de,Extremist Activity,EVASION_FAM_X3,0.687,Yes
CT-000520,A-0039,C-004,[template family A],H-8456337,ar,Extremist Activity,EVASION_FAM_X3,0.938,Yes
CT-000521,A-0044,C-004,[generic discussion],H-3535194,ar,Extremist Activity,EVASION_FAM_X3-default,0.635,Yes
CT-000522,A-0046,C-004,[neutral platform activity],H-1125610,ar,Extremist Activity,EVASION_FAM_X3-default,0.724,Yes
CT-000523,A-0037,C-004,[non-sensitive coordination],H-0150340,en,Extremist Activity,EVASION_FAM_X3-default,0.645,Yes
CT-000524,A-0036,C-004,[template family A],H-8456337,de,Extremist Activity,EVASION_FAM_X3,0.635,Yes
CT-000525,A-0042,C-004,[obfuscated phrase variant],H-9513918,de,Extremist Activity,EVASION_FAM_X3-OBF,0.773,Yes
CT-000526,A-0042,C-004,[external-channel handoff placeholder],H-1135628,de,Extremist Activity,EVASION_FAM_X3-P09,0.722,Yes
CT-000527,A-0037,C-004,[coded phrase family C],H-2688866,en,Extremist Activity,EVASION_FAM_X3,0.731,Yes
CT-000528,A-0047,C-004,[migration invitation placeholder],H-4170535,de,Extremist Activity,EVASION_FAM_X3-P09,0.892,Yes
CT-000529,A-0043,C-004,[neutral platform activity],H-1125610,es,Extremist Activity,EVASION_FAM_X3-default,0.812,Yes
CT-000530,A-0040,C-004,[generic discussion],H-3535194,es,Extremist Activity,EVASION_FAM_X3-default,0.786,Yes
CT-000531,A-0042,C-004,[coordination instruction placeholder],H-7863818,de,Extremist Activity,EVASION_FAM_X3-P08,0.726,Yes
CT-000532,A-0046,C-004,[obfuscated phrase variant],H-9513918,ar,Extremist Activity,EVASION_FAM_X3-OBF,0.902,Yes
CT-000533,A-0047,C-004,[coordination instruction placeholder],H-7863818,de,Extremist Activity,EVASION_FAM_X3-P08,0.952,Yes
CT-000534,A-0045,C-004,[neutral platform activity],H-1125610,ar,Extremist Activity,EVASION_FAM_X3-default,0.65,Yes
CT-000535,A-0036,C-004,[non-sensitive coordination],H-0150340,de,Extremist Activity,EVASION_FAM_X3-default,0.709,Yes
CT-000536,A-0046,C-004,[generic discussion],H-3535194,ar,Extremist Activity,EVASION_FAM_X3-default,0.881,Yes
CT-000537,A-0037,C-004,[non-sensitive coordination],H-0150340,en,Extremist Activity,EVASION_FAM_X3-default,0.746,Yes
CT-000538,A-0038,C-004,[coded phrase family C],H-2688866,ar,Extremist Activity,EVASION_FAM_X3,0.955,Yes
CT-000539,A-0036,C-004,[research handoff placeholder],H-9835021,de,Extremist Activity,EVASION_FAM_X3-P08,0.787,Yes
CT-000540,A-0040,C-004,[template family A],H-8456337,es,Extremist Activity,EVASION_FAM_X3,0.683,Yes
CT-000541,A-0046,C-004,[research handoff placeholder],H-9835021,ar,Extremist Activity,EVASION_FAM_X3-P08,0.68,Yes
CT-000542,A-0037,C-004,[obfuscated phrase variant],H-9513918,en,Extremist Activity,EVASION_FAM_X3-OBF,0.657,Yes
CT-000543,A-0042,C-004,[coordination instruction placeholder],H-7863818,de,Extremist Activity,EVASION_FAM_X3-P08,0.609,Yes
CT-000544,A-0039,C-004,[migration invitation placeholder],H-4170535,ar,Extremist Activity,EVASION_FAM_X3-P09,0.751,Yes
CT-000545,A-0037,C-004,[non-sensitive coordination],H-0150340,en,Extremist Activity,EVASION_FAM_X3-default,0.727,Yes
CT-000546,A-0040,C-004,[migration invitation placeholder],H-4170535,es,Extremist Activity,EVASION_FAM_X3-P09,0.642,Yes
CT-000547,A-0041,C-004,[generic discussion],H-3535194,en,Extremist Activity,EVASION_FAM_X3-default,0.782,Yes
CT-000548,A-0046,C-004,[template family A],H-8456337,ar,Extremist Activity,EVASION_FAM_X3,0.891,Yes
CT-000549,A-0040,C-004,[symbol-substituted phrase],H-7857967,es,Extremist Activity,EVASION_FAM_X3-OBF,0.908,Yes
CT-000550,A-0044,C-004,[template family B with minor variation],H-7681805,ar,Extremist Activity,EVASION_FAM_X3,0.671,Yes
CT-000551,A-0040,C-004,[symbol-substituted phrase],H-7857967,es,Extremist Activity,EVASION_FAM_X3-OBF,0.671,Yes
CT-000552,A-0037,C-004,[research handoff placeholder],H-9835021,en,Extremist Activity,EVASION_FAM_X3-P08,0.831,Yes
CT-000553,A-0047,C-004,[obfuscated phrase variant],H-9513918,de,Extremist Activity,EVASION_FAM_X3-OBF,0.777,Yes
CT-000554,A-0039,C-004,[non-sensitive coordination],H-0150340,ar,Extremist Activity,EVASION_FAM_X3-default,0.804,Yes
CT-000555,A-0036,C-004,[coded phrase family C],H-2688866,de,Extremist Activity,EVASION_FAM_X3,0.913,Yes
CT-000556,A-0047,C-004,[amplification request placeholder],H-1177423,de,Extremist Activity,EVASION_FAM_X3-P08,0.825,Yes
CT-000557,A-0047,C-004,[template family B with minor variation],H-7681805,de,Extremist Activity,EVASION_FAM_X3,0.808,Yes
CT-000558,A-0038,C-004,[obfuscated phrase variant],H-9513918,ar,Extremist Activity,EVASION_FAM_X3-OBF,0.695,Yes
CT-000559,A-0041,C-004,[generic discussion],H-3535194,en,Extremist Activity,EVASION_FAM_X3-default,0.675,Yes
CT-000560,A-0037,C-004,[neutral platform activity],H-1125610,en,Extremist Activity,EVASION_FAM_X3-default,0.675,Yes
CT-000561,A-0044,C-004,[migration invitation placeholder],H-4170535,ar,Extremist Activity,EVASION_FAM_X3-P09,0.625,Yes
CT-000562,A-0044,C-004,[coordination instruction placeholder],H-7863818,ar,Extremist Activity,EVASION_FAM_X3-P08,0.822,Yes
CT-000563,A-0044,C-004,[generic discussion],H-3535194,ar,Extremist Activity,EVASION_FAM_X3-default,0.659,Yes
CT-000564,A-0041,C-004,[generic discussion],H-3535194,en,Extremist Activity,EVASION_FAM_X3-default,0.801,Yes
CT-000565,A-0036,C-004,[coordination instruction placeholder],H-7863818,de,Extremist Activity,EVASION_FAM_X3-P08,0.62,Yes
CT-000566,A-0046,C-004,[generic discussion],H-3535194,ar,Extremist Activity,EVASION_FAM_X3-default,0.864,Yes
CT-000567,A-0041,C-004,[external-channel handoff placeholder],H-1135628,en,Extremist Activity,EVASION_FAM_X3-P09,0.744,Yes
CT-000568,A-0037,C-004,[neutral platform activity],H-1125610,en,Extremist Activity,EVASION_FAM_X3-default,0.658,Yes
CT-000569,A-0046,C-004,[research handoff placeholder],H-9835021,ar,Extremist Activity,EVASION_FAM_X3-P08,0.879,Yes
CT-000570,A-0043,C-004,[generic discussion],H-3535194,es,Extremist Activity,EVASION_FAM_X3-default,0.819,Yes
CT-000571,A-0038,C-004,[non-sensitive coordination],H-0150340,ar,Extremist Activity,EVASION_FAM_X3-default,0.815,Yes
CT-000572,A-0038,C-004,[coded phrase family C],H-2688866,ar,Extremist Activity,EVASION_FAM_X3,0.949,Yes
CT-000573,A-0040,C-004,[generic discussion],H-3535194,es,Extremist Activity,EVASION_FAM_X3-default,0.884,Yes
CT-000574,A-0044,C-004,[generic discussion],H-3535194,ar,Extremist Activity,EVASION_FAM_X3-default,0.63,Yes
CT-000575,A-0044,C-004,[non-sensitive coordination],H-0150340,ar,Extremist Activity,EVASION_FAM_X3-default,0.881,Yes
CT-000576,A-0046,C-004,[external-channel handoff placeholder],H-1135628,ar,Extremist Activity,EVASION_FAM_X3-P09,0.821,Yes
CT-000577,A-0040,C-004,[template family B with minor variation],H-7681805,es,Extremist Activity,EVASION_FAM_X3,0.611,Yes
CT-000578,A-0047,C-004,[obfuscated phrase variant],H-9513918,de,Extremist Activity,EVASION_FAM_X3-OBF,0.887,Yes
CT-000579,A-0036,C-004,[generic discussion],H-3535194,de,Extremist Activity,EVASION_FAM_X3-default,0.762,Yes
CT-000580,A-0042,C-004,[non-sensitive coordination],H-0150340,de,Extremist Activity,EVASION_FAM_X3-default,0.768,Yes
CT-000581,A-0042,C-004,[neutral platform activity],H-1125610,de,Extremist Activity,EVASION_FAM_X3-default,0.867,Yes
CT-000582,A-0038,C-004,[non-sensitive coordination],H-0150340,ar,Extremist Activity,EVASION_FAM_X3-default,0.762,Yes
CT-000583,A-0047,C-004,[external-channel handoff placeholder],H-1135628,de,Extremist Activity,EVASION_FAM_X3-P09,0.664,Yes
CT-000584,A-0040,C-004,[external-channel handoff placeholder],H-1135628,es,Extremist Activity,EVASION_FAM_X3-P09,0.892,Yes
CT-000585,A-0045,C-004,[generic discussion],H-3535194,ar,Extremist Activity,EVASION_FAM_X3-default,0.755,Yes
CT-000586,A-0040,C-004,[symbol-substituted phrase],H-7857967,es,Extremist Activity,EVASION_FAM_X3-OBF,0.793,Yes
CT-000587,A-0037,C-004,[external-channel handoff placeholder],H-1135628,en,Extremist Activity,EVASION_FAM_X3-P09,0.85,Yes
CT-000588,A-0044,C-004,[external-channel handoff placeholder],H-1135628,ar,Extremist Activity,EVASION_FAM_X3-P09,0.924,Yes
CT-000589,A-0043,C-004,[coded phrase family C],H-2688866,es,Extremist Activity,EVASION_FAM_X3,0.645,Yes
CT-000590,A-0038,C-004,[coded phrase family C],H-2688866,ar,Extremist Activity,EVASION_FAM_X3,0.697,Yes
CT-000591,A-0046,C-004,[amplification request placeholder],H-1177423,ar,Extremist Activity,EVASION_FAM_X3-P08,0.867,Yes
CT-000592,A-0045,C-004,[research handoff placeholder],H-9835021,ar,Extremist Activity,EVASION_FAM_X3-P08,0.953,Yes
CT-000593,A-0040,C-004,[neutral platform activity],H-1125610,es,Extremist Activity,EVASION_FAM_X3-default,0.759,Yes
CT-000594,A-0039,C-004,[non-sensitive coordination],H-0150340,ar,Extremist Activity,EVASION_FAM_X3-default,0.724,Yes
CT-000595,A-0036,C-004,[amplification request placeholder],H-1177423,de,Extremist Activity,EVASION_FAM_X3-P08,0.641,Yes
CT-000596,A-0036,C-004,[neutral platform activity],H-1125610,de,Extremist Activity,EVASION_FAM_X3-default,0.73,Yes
CT-000597,A-0044,C-004,[neutral platform activity],H-1125610,ar,Extremist Activity,EVASION_FAM_X3-default,0.618,Yes
CT-000598,A-0045,C-004,[neutral platform activity],H-1125610,ar,Extremist Activity,EVASION_FAM_X3-default,0.826,Yes
CT-000599,A-0046,C-004,[migration invitation placeholder],H-4170535,ar,Extremist Activity,EVASION_FAM_X3-P09,0.819,Yes
CT-000600,A-0043,C-004,[external-channel handoff placeholder],H-1135628,es,Extremist Activity,EVASION_FAM_X3-P09,0.611,Yes
CT-000601,A-0041,C-004,[external-channel handoff placeholder],H-1135628,en,Extremist Activity,EVASION_FAM_X3-P09,0.677,Yes
CT-000602,A-0038,C-004,[migration invitation placeholder],H-4170535,ar,Extremist Activity,EVASION_FAM_X3-P09,0.831,Yes
CT-000603,A-0045,C-004,[symbol-substituted phrase],H-7857967,ar,Extremist Activity,EVASION_FAM_X3-OBF,0.888,Yes
CT-000604,A-0038,C-004,[amplification request placeholder],H-1177423,ar,Extremist Activity,EVASION_FAM_X3-P08,0.919,Yes
CT-000605,A-0043,C-004,[migration invitation placeholder],H-4170535,es,Extremist Activity,EVASION_FAM_X3-P09,0.905,Yes
CT-000606,A-0040,C-004,[external-channel handoff placeholder],H-1135628,es,Extremist Activity,EVASION_FAM_X3-P09,0.8,Yes
CT-000607,A-0044,C-004,[neutral platform activity],H-1125610,ar,Extremist Activity,EVASION_FAM_X3-default,0.934,Yes
CT-000608,A-0044,C-004,[template family A],H-8456337,ar,Extremist Activity,EVASION_FAM_X3,0.95,Yes
CT-000609,A-0047,C-004,[coded phrase family C],H-2688866,de,Extremist Activity,EVASION_FAM_X3,0.848,Yes
CT-000610,A-0041,C-004,[obfuscated phrase variant],H-9513918,en,Extremist Activity,EVASION_FAM_X3-OBF,0.949,Yes
CT-000611,A-0036,C-004,[neutral platform activity],H-1125610,de,Extremist Activity,EVASION_FAM_X3-default,0.779,Yes
CT-000612,A-0038,C-004,[generic discussion],H-3535194,ar,Extremist Activity,EVASION_FAM_X3-default,0.906,Yes
CT-000613,A-0039,C-004,[generic discussion],H-3535194,ar,Extremist Activity,EVASION_FAM_X3-default,0.608,Yes
CT-000614,A-0047,C-004,[migration invitation placeholder],H-4170535,de,Extremist Activity,EVASION_FAM_X3-P09,0.871,Yes
CT-000615,A-0040,C-004,[coded phrase family C],H-2688866,es,Extremist Activity,EVASION_FAM_X3,0.786,Yes
CT-000616,A-0043,C-004,[neutral platform activity],H-1125610,es,Extremist Activity,EVASION_FAM_X3-default,0.65,Yes
CT-000617,A-0044,C-004,[neutral platform activity],H-1125610,ar,Extremist Activity,EVASION_FAM_X3-default,0.864,Yes
CT-000618,A-0037,C-004,[neutral platform activity],H-1125610,en,Extremist Activity,EVASION_FAM_X3-default,0.776,Yes
CT-000619,A-0037,C-004,[coordination instruction placeholder],H-7863818,en,Extremist Activity,EVASION_FAM_X3-P08,0.724,Yes
CT-000620,A-0036,C-004,[migration invitation placeholder],H-4170535,de,Extremist Activity,EVASION_FAM_X3-P09,0.645,Yes
CT-000621,A-0040,C-004,[symbol-substituted phrase],H-7857967,es,Extremist Activity,EVASION_FAM_X3-OBF,0.718,Yes
CT-000622,A-0037,C-004,[symbol-substituted phrase],H-7857967,en,Extremist Activity,EVASION_FAM_X3-OBF,0.746,Yes
CT-000623,A-0043,C-004,[external-channel handoff placeholder],H-1135628,es,Extremist Activity,EVASION_FAM_X3-P09,0.648,Yes
CT-000624,A-0045,C-004,[migration invitation placeholder],H-4170535,ar,Extremist Activity,EVASION_FAM_X3-P09,0.917,Yes
CT-000625,A-0040,C-004,[symbol-substituted phrase],H-7857967,es,Extremist Activity,EVASION_FAM_X3-OBF,0.821,Yes
CT-000626,A-0044,C-004,[amplification request placeholder],H-1177423,ar,Extremist Activity,EVASION_FAM_X3-P08,0.923,Yes
CT-000627,A-0038,C-004,[template family B with minor variation],H-7681805,ar,Extremist Activity,EVASION_FAM_X3,0.836,Yes
CT-000628,A-0043,C-004,[template family A],H-8456337,es,Extremist Activity,EVASION_FAM_X3,0.855,Yes
CT-000629,A-0043,C-004,[non-sensitive coordination],H-0150340,es,Extremist Activity,EVASION_FAM_X3-default,0.618,Yes
CT-000630,A-0041,C-004,[external-channel handoff placeholder],H-1135628,en,Extremist Activity,EVASION_FAM_X3-P09,0.862,Yes
CT-000631,A-0045,C-004,[neutral platform activity],H-1125610,ar,Extremist Activity,EVASION_FAM_X3-default,0.755,Yes
CT-000632,A-0040,C-004,[coded phrase family C],H-2688866,es,Extremist Activity,EVASION_FAM_X3,0.796,Yes
CT-000633,A-0044,C-004,[multilingual coded variant],H-0362584,ar,Extremist Activity,EVASION_FAM_X3-OBF,0.74,Yes
CT-000634,A-0042,C-004,[obfuscated phrase variant],H-9513918,de,Extremist Activity,EVASION_FAM_X3-OBF,0.645,Yes
CT-000635,A-0047,C-004,[template family A],H-8456337,de,Extremist Activity,EVASION_FAM_X3,0.63,Yes
CT-000636,A-0046,C-004,[coded phrase family C],H-2688866,ar,Extremist Activity,EVASION_FAM_X3,0.68,Yes
CT-000637,A-0039,C-004,[obfuscated phrase variant],H-9513918,ar,Extremist Activity,EVASION_FAM_X3-OBF,0.884,Yes
CT-000638,A-0036,C-004,[template family B with minor variation],H-7681805,de,Extremist Activity,EVASION_FAM_X3,0.763,Yes
CT-000639,A-0045,C-004,[obfuscated phrase variant],H-9513918,ar,Extremist Activity,EVASION_FAM_X3-OBF,0.722,Yes
CT-000640,A-0042,C-004,[external-channel handoff placeholder],H-1135628,de,Extremist Activity,EVASION_FAM_X3-P09,0.64,Yes
CT-000641,A-0040,C-004,[template family B with minor variation],H-7681805,es,Extremist Activity,EVASION_FAM_X3,0.784,Yes
CT-000642,A-0040,C-004,[obfuscated phrase variant],H-9513918,es,Extremist Activity,EVASION_FAM_X3-OBF,0.885,Yes
CT-000643,A-0041,C-004,[coordination instruction placeholder],H-7863818,en,Extremist Activity,EVASION_FAM_X3-P08,0.799,Yes
CT-000644,A-0040,C-004,[migration invitation placeholder],H-4170535,es,Extremist Activity,EVASION_FAM_X3-P09,0.78,Yes
CT-000645,A-0043,C-004,[research handoff placeholder],H-9835021,es,Extremist Activity,EVASION_FAM_X3-P08,0.832,Yes
CT-000646,A-0038,C-004,[external-channel handoff placeholder],H-1135628,ar,Extremist Activity,EVASION_FAM_X3-P09,0.694,Yes
CT-000647,A-0040,C-004,[coded phrase family C],H-2688866,es,Extremist Activity,EVASION_FAM_X3,0.604,Yes
CT-000648,A-0043,C-004,[non-sensitive coordination],H-0150340,es,Extremist Activity,EVASION_FAM_X3-default,0.787,Yes
CT-000649,A-0042,C-004,[generic discussion],H-3535194,de,Extremist Activity,EVASION_FAM_X3-default,0.681,Yes
CT-000650,A-0043,C-004,[multilingual coded variant],H-0362584,es,Extremist Activity,EVASION_FAM_X3-OBF,0.616,Yes
CT-000651,A-0046,C-004,[generic discussion],H-3535194,ar,Extremist Activity,EVASION_FAM_X3-default,0.89,Yes
CT-000652,A-0039,C-004,[neutral platform activity],H-1125610,ar,Extremist Activity,EVASION_FAM_X3-default,0.676,Yes
CT-000653,A-0041,C-004,[research handoff placeholder],H-9835021,en,Extremist Activity,EVASION_FAM_X3-P08,0.852,Yes
CT-000654,A-0037,C-004,[neutral platform activity],H-1125610,en,Extremist Activity,EVASION_FAM_X3-default,0.651,Yes
CT-000655,A-0044,C-004,[non-sensitive coordination],H-0150340,ar,Extremist Activity,EVASION_FAM_X3-default,0.699,Yes
CT-000656,A-0041,C-004,[coded phrase family C],H-2688866,en,Extremist Activity,EVASION_FAM_X3,0.602,Yes
CT-000657,A-0047,C-004,[research handoff placeholder],H-9835021,de,Extremist Activity,EVASION_FAM_X3-P08,0.855,Yes
CT-000658,A-0046,C-004,[template family B with minor variation],H-7681805,ar,Extremist Activity,EVASION_FAM_X3,0.74,Yes
CT-000659,A-0039,C-004,[generic discussion],H-3535194,ar,Extremist Activity,EVASION_FAM_X3-default,0.876,Yes
CT-000660,A-0037,C-004,[symbol-substituted phrase],H-7857967,en,Extremist Activity,EVASION_FAM_X3-OBF,0.687,Yes
CT-000661,A-0041,C-004,[multilingual coded variant],H-0362584,en,Extremist Activity,EVASION_FAM_X3-OBF,0.862,Yes
CT-000662,A-0039,C-004,[obfuscated phrase variant],H-9513918,ar,Extremist Activity,EVASION_FAM_X3-OBF,0.615,Yes
CT-000663,A-0043,C-004,[external-channel handoff placeholder],H-1135628,es,Extremist Activity,EVASION_FAM_X3-P09,0.643,Yes
CT-000664,A-0044,C-004,[migration invitation placeholder],H-4170535,ar,Extremist Activity,EVASION_FAM_X3-P09,0.666,Yes
CT-000665,A-0038,C-004,[amplification request placeholder],H-1177423,ar,Extremist Activity,EVASION_FAM_X3-P08,0.808,Yes
CT-000666,A-0044,C-004,[template family B with minor variation],H-7681805,ar,Extremist Activity,EVASION_FAM_X3,0.828,Yes
CT-000667,A-0038,C-004,[migration invitation placeholder],H-4170535,ar,Extremist Activity,EVASION_FAM_X3-P09,0.794,Yes
CT-000668,A-0041,C-004,[amplification request placeholder],H-1177423,en,Extremist Activity,EVASION_FAM_X3-P08,0.895,Yes
CT-000669,A-0042,C-004,[generic discussion],H-3535194,de,Extremist Activity,EVASION_FAM_X3-default,0.643,Yes
CT-000670,A-0036,C-004,[non-sensitive coordination],H-0150340,de,Extremist Activity,EVASION_FAM_X3-default,0.621,Yes
CT-000671,A-0042,C-004,[template family B with minor variation],H-7681805,de,Extremist Activity,EVASION_FAM_X3,0.8,Yes
CT-000672,A-0041,C-004,[coded phrase family C],H-2688866,en,Extremist Activity,EVASION_FAM_X3,0.687,Yes
CT-000673,A-0044,C-004,[coded phrase family C],H-2688866,ar,Extremist Activity,EVASION_FAM_X3,0.825,Yes
CT-000674,A-0044,C-004,[coordination instruction placeholder],H-7863818,ar,Extremist Activity,EVASION_FAM_X3-P08,0.827,Yes
CT-000675,A-0044,C-004,[generic discussion],H-3535194,ar,Extremist Activity,EVASION_FAM_X3-default,0.765,Yes
CT-000676,A-0040,C-004,[neutral platform activity],H-1125610,es,Extremist Activity,EVASION_FAM_X3-default,0.903,Yes
CT-000677,A-0042,C-004,[symbol-substituted phrase],H-7857967,de,Extremist Activity,EVASION_FAM_X3-OBF,0.639,Yes
CT-000678,A-0039,C-004,[generic discussion],H-3535194,ar,Extremist Activity,EVASION_FAM_X3-default,0.954,Yes
CT-000679,A-0046,C-004,[coordination instruction placeholder],H-7863818,ar,Extremist Activity,EVASION_FAM_X3-P08,0.875,Yes
CT-000680,A-0036,C-004,[coordination instruction placeholder],H-7863818,de,Extremist Activity,EVASION_FAM_X3-P08,0.65,Yes
CT-000681,A-0036,C-004,[multilingual coded variant],H-0362584,de,Extremist Activity,EVASION_FAM_X3-OBF,0.698,Yes
CT-000682,A-0047,C-004,[migration invitation placeholder],H-4170535,de,Extremist Activity,EVASION_FAM_X3-P09,0.947,Yes
CT-000683,A-0039,C-004,[coordination instruction placeholder],H-7863818,ar,Extremist Activity,EVASION_FAM_X3-P08,0.892,Yes
CT-000684,A-0037,C-004,[template family B with minor variation],H-7681805,en,Extremist Activity,EVASION_FAM_X3,0.905,Yes
CT-000685,A-0042,C-004,[coordination instruction placeholder],H-7863818,de,Extremist Activity,EVASION_FAM_X3-P08,0.914,Yes
CT-000686,A-0047,C-004,[generic discussion],H-3535194,de,Extremist Activity,EVASION_FAM_X3-default,0.848,Yes
CT-000687,A-0071,C-005,[time-linked escalation reference],H-8030662,en,Violent Threat,EVENT_FAM_X4-P07,0.653,Yes
CT-000688,A-0062,C-005,[neutral platform activity],H-9043347,en,Violent Threat,EVENT_FAM_X4-P02,0.454,Yes
CT-000689,A-0067,C-005,[ambiguous grievance],H-8254673,en,Violent Threat,EVENT_FAM_X4-P07,0.681,Yes
CT-000690,A-0059,C-005,[generic discussion],H-1420299,es,Violent Threat,EVENT_FAM_X4-default,0.43,Yes
CT-000691,A-0059,C-005,[fictional location proximity reference],H-6042605,es,Violent Threat,EVENT_FAM_X4-P11,0.406,Yes
CT-000692,A-0059,C-005,[continued focus on same fictional target],H-1594813,es,Violent Threat,EVENT_FAM_X4-P03,0.619,Yes
CT-000693,A-0056,C-005,[neutral platform activity],H-4318580,en,Violent Threat,EVENT_FAM_X4-default,0.649,Yes
CT-000694,A-0070,C-005,[lawful event logistics],H-0703371,es,Violent Threat,BENIGN-COORDINATION,0.225,Yes
CT-000695,A-0065,C-005,[event date reference],H-2785787,en,Violent Threat,EVENT_FAM_X4-P11,0.709,Yes
CT-000696,A-0050,C-005,[target-specific grievance reference],H-0692299,en,Violent Threat,EVENT_FAM_X4-P03,0.658,Yes
CT-000697,A-0055,C-005,[benign scheduling message],H-3629325,es,Violent Threat,BENIGN-COORDINATION,0.278,Yes
CT-000698,A-0054,C-005,[non-sensitive coordination],H-8068077,en,Violent Threat,EVENT_FAM_X4-P02,0.721,Yes
CT-000699,A-0051,C-005,[generic discussion],H-1420299,en,Violent Threat,EVENT_FAM_X4-default,0.491,Yes
CT-000700,A-0068,C-005,[fictional location proximity reference],H-6042605,en,Violent Threat,EVENT_FAM_X4-P11,0.48,Yes
CT-000701,A-0063,C-005,[mutual-aid coordination],H-5150997,es,Violent Threat,BENIGN-COORDINATION,0.249,Yes
CT-000702,A-0055,C-005,[neutral platform activity],H-4318580,es,Violent Threat,EVENT_FAM_X4-default,0.661,Yes
CT-000703,A-0071,C-005,[generic discussion],H-8547069,en,Violent Threat,EVENT_FAM_X4-P02,0.42,Yes
CT-000704,A-0055,C-005,[fictional location proximity reference],H-6042605,es,Violent Threat,EVENT_FAM_X4-P11,0.721,Yes
CT-000705,A-0056,C-005,[target-specific grievance reference],H-0692299,en,Violent Threat,EVENT_FAM_X4-P03,0.721,Yes
CT-000706,A-0065,C-005,[time-linked escalation reference],H-8030662,en,Violent Threat,EVENT_FAM_X4-P07,0.736,Yes
CT-000707,A-0062,C-005,[repeated target reference],H-9980995,en,Violent Threat,EVENT_FAM_X4-P03,0.724,Yes
CT-000708,A-0057,C-005,[fictional location proximity reference],H-6042605,es,Violent Threat,EVENT_FAM_X4-P11,0.451,Yes
CT-000709,A-0060,C-005,[fictional location proximity reference],H-6042605,es,Violent Threat,EVENT_FAM_X4-P11,0.589,Yes
CT-000710,A-0049,C-005,[generic discussion],H-1420299,en,Violent Threat,EVENT_FAM_X4-default,0.487,Yes
CT-000711,A-0066,C-005,[non-sensitive coordination],H-5293850,en,Violent Threat,EVENT_FAM_X4-default,0.554,Yes
CT-000712,A-0062,C-005,[continued focus on same fictional target],H-1594813,en,Violent Threat,EVENT_FAM_X4-P03,0.595,Yes
CT-000713,A-0066,C-005,[fictional location proximity reference],H-6042605,en,Violent Threat,EVENT_FAM_X4-P11,0.414,Yes
CT-000714,A-0065,C-005,[non-sensitive coordination],H-5293850,en,Violent Threat,EVENT_FAM_X4-default,0.67,Yes
CT-000715,A-0065,C-005,[neutral platform activity],H-4318580,en,Violent Threat,EVENT_FAM_X4-default,0.736,Yes
CT-000716,A-0063,C-005,[repeated target reference],H-9980995,es,Violent Threat,EVENT_FAM_X4-P03,0.497,Yes
CT-000717,A-0055,C-005,[generic discussion],H-1420299,es,Violent Threat,EVENT_FAM_X4-default,0.464,Yes
CT-000718,A-0066,C-005,[non-sensitive coordination],H-5293850,en,Violent Threat,EVENT_FAM_X4-default,0.736,Yes
CT-000719,A-0067,C-005,[non-sensitive coordination],H-5293850,en,Violent Threat,EVENT_FAM_X4-default,0.686,Yes
CT-000720,A-0048,C-005,[non-sensitive coordination],H-8068077,en,Violent Threat,EVENT_FAM_X4-P02,0.59,Yes
CT-000721,A-0070,C-005,[non-sensitive coordination],H-5293850,es,Violent Threat,EVENT_FAM_X4-default,0.662,Yes
CT-000722,A-0063,C-005,[repeated target reference],H-9980995,es,Violent Threat,EVENT_FAM_X4-P03,0.675,Yes
CT-000723,A-0065,C-005,[mutual-aid coordination],H-5150997,en,Violent Threat,BENIGN-COORDINATION,0.374,Yes
CT-000724,A-0053,C-005,[continued focus on same fictional target],H-1594813,es,Violent Threat,EVENT_FAM_X4-P03,0.566,Yes
CT-000725,A-0058,C-005,[neutral platform activity],H-4318580,es,Violent Threat,EVENT_FAM_X4-default,0.758,Yes
CT-000726,A-0053,C-005,[neutral platform activity],H-4318580,es,Violent Threat,EVENT_FAM_X4-default,0.405,Yes
CT-000727,A-0050,C-005,[generic discussion],H-1420299,en,Violent Threat,EVENT_FAM_X4-default,0.543,Yes
CT-000728,A-0067,C-005,[non-sensitive coordination],H-5293850,en,Violent Threat,EVENT_FAM_X4-default,0.441,Yes
CT-000729,A-0071,C-005,[benign scheduling message],H-3629325,en,Violent Threat,BENIGN-COORDINATION,0.225,Yes
CT-000730,A-0057,C-005,[more specific intent reference],H-2413680,es,Violent Threat,EVENT_FAM_X4-P07,0.762,Yes
CT-000731,A-0067,C-005,[neutral platform activity],H-4318580,en,Violent Threat,EVENT_FAM_X4-default,0.471,Yes
CT-000732,A-0048,C-005,[neutral platform activity],H-4318580,en,Violent Threat,EVENT_FAM_X4-default,0.617,Yes
CT-000733,A-0063,C-005,[neutral platform activity],H-4318580,es,Violent Threat,EVENT_FAM_X4-default,0.709,Yes
CT-000734,A-0069,C-005,[neutral platform activity],H-4318580,en,Violent Threat,EVENT_FAM_X4-default,0.759,Yes
CT-000735,A-0062,C-005,[target-specific grievance reference],H-0692299,en,Violent Threat,EVENT_FAM_X4-P03,0.588,Yes
CT-000736,A-0055,C-005,[generic discussion],H-8547069,es,Violent Threat,EVENT_FAM_X4-P02,0.57,Yes
CT-000737,A-0066,C-005,[more specific intent reference],H-2413680,en,Violent Threat,EVENT_FAM_X4-P07,0.568,Yes
CT-000738,A-0050,C-005,[non-sensitive coordination],H-5293850,en,Violent Threat,EVENT_FAM_X4-default,0.43,Yes
CT-000739,A-0057,C-005,[benign scheduling message],H-3629325,es,Violent Threat,BENIGN-COORDINATION,0.261,Yes
CT-000740,A-0060,C-005,[target-specific grievance reference],H-0692299,es,Violent Threat,EVENT_FAM_X4-P03,0.504,Yes
CT-000741,A-0056,C-005,[event date reference],H-2785787,en,Violent Threat,EVENT_FAM_X4-P11,0.641,Yes
CT-000742,A-0067,C-005,[lawful event logistics],H-0703371,en,Violent Threat,BENIGN-COORDINATION,0.277,Yes
CT-000743,A-0068,C-005,[target-specific grievance reference],H-0692299,en,Violent Threat,EVENT_FAM_X4-P03,0.439,Yes
CT-000744,A-0048,C-005,[continued focus on same fictional target],H-1594813,en,Violent Threat,EVENT_FAM_X4-P03,0.554,Yes
CT-000745,A-0051,C-005,[non-sensitive coordination],H-5293850,en,Violent Threat,EVENT_FAM_X4-default,0.59,Yes
CT-000746,A-0056,C-005,[non-sensitive coordination],H-5293850,en,Violent Threat,EVENT_FAM_X4-default,0.56,Yes
CT-000747,A-0057,C-005,[neutral platform activity],H-4318580,es,Violent Threat,EVENT_FAM_X4-default,0.649,Yes
CT-000748,A-0067,C-005,[non-sensitive coordination],H-8068077,en,Violent Threat,EVENT_FAM_X4-P02,0.672,Yes
CT-000749,A-0050,C-005,[generic discussion],H-8547069,en,Violent Threat,EVENT_FAM_X4-P02,0.724,Yes
CT-000750,A-0051,C-005,[generic discussion],H-1420299,en,Violent Threat,EVENT_FAM_X4-default,0.477,Yes
CT-000751,A-0059,C-005,[fictional location proximity reference],H-6042605,es,Violent Threat,EVENT_FAM_X4-P11,0.529,Yes
CT-000752,A-0052,C-005,[generic discussion],H-1420299,en,Violent Threat,EVENT_FAM_X4-default,0.608,Yes
CT-000753,A-0065,C-005,[non-sensitive coordination],H-8068077,en,Violent Threat,EVENT_FAM_X4-P02,0.688,Yes
CT-000754,A-0056,C-005,[ambiguous grievance],H-8254673,en,Violent Threat,EVENT_FAM_X4-P07,0.615,Yes
CT-000755,A-0053,C-005,[target-specific grievance reference],H-0692299,es,Violent Threat,EVENT_FAM_X4-P03,0.481,Yes
CT-000756,A-0070,C-005,[non-sensitive coordination],H-5293850,es,Violent Threat,EVENT_FAM_X4-default,0.726,Yes
CT-000757,A-0052,C-005,[target-specific grievance reference],H-0692299,en,Violent Threat,EVENT_FAM_X4-P03,0.561,Yes
CT-000758,A-0060,C-005,[neutral platform activity],H-4318580,es,Violent Threat,EVENT_FAM_X4-default,0.726,Yes
CT-000759,A-0050,C-005,[fictional location proximity reference],H-6042605,en,Violent Threat,EVENT_FAM_X4-P11,0.512,Yes
CT-000760,A-0049,C-005,[lawful event logistics],H-0703371,en,Violent Threat,BENIGN-COORDINATION,0.481,Yes
CT-000761,A-0060,C-005,[neutral platform activity],H-4318580,es,Violent Threat,EVENT_FAM_X4-default,0.522,Yes
CT-000762,A-0053,C-005,[repeated target reference],H-9980995,es,Violent Threat,EVENT_FAM_X4-P03,0.5,Yes
CT-000763,A-0066,C-005,[target-specific grievance reference],H-0692299,en,Violent Threat,EVENT_FAM_X4-P03,0.661,Yes
CT-000764,A-0058,C-005,[fictional location proximity reference],H-6042605,es,Violent Threat,EVENT_FAM_X4-P11,0.612,Yes
CT-000765,A-0049,C-005,[benign scheduling message],H-3629325,en,Violent Threat,BENIGN-COORDINATION,0.275,Yes
CT-000766,A-0058,C-005,[generic discussion],H-1420299,es,Violent Threat,EVENT_FAM_X4-default,0.723,Yes
CT-000767,A-0070,C-005,[mutual-aid coordination],H-5150997,es,Violent Threat,BENIGN-COORDINATION,0.473,Yes
CT-000768,A-0065,C-005,[neutral platform activity],H-9043347,en,Violent Threat,EVENT_FAM_X4-P02,0.506,Yes
CT-000769,A-0055,C-005,[fictional location proximity reference],H-6042605,es,Violent Threat,EVENT_FAM_X4-P11,0.445,Yes
CT-000770,A-0057,C-005,[non-sensitive coordination],H-5293850,es,Violent Threat,EVENT_FAM_X4-default,0.706,Yes
CT-000771,A-0062,C-005,[repeated target reference],H-9980995,en,Violent Threat,EVENT_FAM_X4-P03,0.487,Yes
CT-000772,A-0052,C-005,[continued focus on same fictional target],H-1594813,en,Violent Threat,EVENT_FAM_X4-P03,0.459,Yes
CT-000773,A-0050,C-005,[non-sensitive coordination],H-5293850,en,Violent Threat,EVENT_FAM_X4-default,0.581,Yes
CT-000774,A-0057,C-005,[neutral platform activity],H-9043347,es,Violent Threat,EVENT_FAM_X4-P02,0.522,Yes
CT-000775,A-0067,C-005,[mutual-aid coordination],H-5150997,en,Violent Threat,BENIGN-COORDINATION,0.393,Yes
CT-000776,A-0068,C-005,[time-linked escalation reference],H-8030662,en,Violent Threat,EVENT_FAM_X4-P07,0.61,Yes
CT-000777,A-0058,C-005,[non-sensitive coordination],H-5293850,es,Violent Threat,EVENT_FAM_X4-default,0.672,Yes
CT-000778,A-0059,C-005,[generic discussion],H-1420299,es,Violent Threat,EVENT_FAM_X4-default,0.502,Yes
CT-000779,A-0051,C-005,[generic discussion],H-8547069,en,Violent Threat,EVENT_FAM_X4-P02,0.456,Yes
CT-000780,A-0069,C-005,[event date reference],H-2785787,en,Violent Threat,EVENT_FAM_X4-P11,0.501,Yes
CT-000781,A-0054,C-005,[generic discussion],H-1420299,en,Violent Threat,EVENT_FAM_X4-default,0.484,Yes
CT-000782,A-0065,C-005,[time-linked escalation reference],H-8030662,en,Violent Threat,EVENT_FAM_X4-P07,0.562,Yes
CT-000783,A-0050,C-005,[time-linked escalation reference],H-8030662,en,Violent Threat,EVENT_FAM_X4-P07,0.562,Yes
CT-000784,A-0067,C-005,[non-sensitive coordination],H-5293850,en,Violent Threat,EVENT_FAM_X4-default,0.415,Yes
CT-000785,A-0048,C-005,[non-sensitive coordination],H-8068077,en,Violent Threat,EVENT_FAM_X4-P02,0.421,Yes
CT-000786,A-0061,C-005,[neutral platform activity],H-9043347,en,Violent Threat,EVENT_FAM_X4-P02,0.501,Yes
CT-000787,A-0052,C-005,[event date reference],H-2785787,en,Violent Threat,EVENT_FAM_X4-P11,0.495,Yes
CT-000788,A-0061,C-005,[fictional location proximity reference],H-6042605,en,Violent Threat,EVENT_FAM_X4-P11,0.663,Yes
CT-000789,A-0064,C-005,[non-sensitive coordination],H-5293850,es,Violent Threat,EVENT_FAM_X4-default,0.46,Yes
CT-000790,A-0055,C-005,[non-sensitive coordination],H-5293850,es,Violent Threat,EVENT_FAM_X4-default,0.58,Yes
CT-000791,A-0067,C-005,[non-sensitive coordination],H-8068077,en,Violent Threat,EVENT_FAM_X4-P02,0.714,Yes
CT-000792,A-0058,C-005,[non-sensitive coordination],H-8068077,es,Violent Threat,EVENT_FAM_X4-P02,0.41,Yes
CT-000793,A-0058,C-005,[non-sensitive coordination],H-8068077,es,Violent Threat,EVENT_FAM_X4-P02,0.489,Yes
CT-000794,A-0067,C-005,[lawful event logistics],H-0703371,en,Violent Threat,BENIGN-COORDINATION,0.375,Yes
CT-000795,A-0058,C-005,[more specific intent reference],H-2413680,es,Violent Threat,EVENT_FAM_X4-P07,0.875,Yes
CT-000796,A-0048,C-005,[time-linked escalation reference],H-8030662,en,Violent Threat,EVENT_FAM_X4-P07,0.676,Yes
CT-000797,A-0062,C-005,[target-specific grievance reference],H-0692299,en,Violent Threat,EVENT_FAM_X4-P03,0.551,Yes
CT-000798,A-0070,C-005,[benign scheduling message],H-3629325,es,Violent Threat,BENIGN-COORDINATION,0.253,Yes
CT-000799,A-0065,C-005,[mutual-aid coordination],H-5150997,en,Violent Threat,BENIGN-COORDINATION,0.241,Yes
CT-000800,A-0069,C-005,[lawful event logistics],H-0703371,en,Violent Threat,BENIGN-COORDINATION,0.505,Yes
CT-000801,A-0058,C-005,[repeated target reference],H-9980995,es,Violent Threat,EVENT_FAM_X4-P03,0.706,Yes
CT-000802,A-0068,C-005,[more specific intent reference],H-2413680,en,Violent Threat,EVENT_FAM_X4-P07,0.637,Yes
CT-000803,A-0056,C-005,[generic discussion],H-1420299,en,Violent Threat,EVENT_FAM_X4-default,0.631,Yes
CT-000804,A-0068,C-005,[continued focus on same fictional target],H-1594813,en,Violent Threat,EVENT_FAM_X4-P03,0.539,Yes
CT-000805,A-0050,C-005,[event date reference],H-2785787,en,Violent Threat,EVENT_FAM_X4-P11,0.569,Yes
CT-000806,A-0064,C-005,[mutual-aid coordination],H-5150997,es,Violent Threat,BENIGN-COORDINATION,0.396,Yes
CT-000807,A-0062,C-005,[more specific intent reference],H-2413680,en,Violent Threat,EVENT_FAM_X4-P07,0.681,Yes
CT-000808,A-0056,C-005,[neutral platform activity],H-4318580,en,Violent Threat,EVENT_FAM_X4-default,0.408,Yes
CT-000809,A-0060,C-005,[neutral platform activity],H-4318580,es,Violent Threat,EVENT_FAM_X4-default,0.591,Yes
CT-000810,A-0071,C-005,[continued focus on same fictional target],H-1594813,en,Violent Threat,EVENT_FAM_X4-P03,0.61,Yes
CT-000811,A-0059,C-005,[target-specific grievance reference],H-0692299,es,Violent Threat,EVENT_FAM_X4-P03,0.593,Yes
CT-000812,A-0056,C-005,[ambiguous grievance],H-8254673,en,Violent Threat,EVENT_FAM_X4-P07,0.621,Yes
CT-000813,A-0059,C-005,[event date reference],H-2785787,es,Violent Threat,EVENT_FAM_X4-P11,0.747,Yes
CT-000814,A-0048,C-005,[non-sensitive coordination],H-5293850,en,Violent Threat,EVENT_FAM_X4-default,0.548,Yes
CT-000815,A-0060,C-005,[benign scheduling message],H-3629325,es,Violent Threat,BENIGN-COORDINATION,0.462,Yes
CT-000816,A-0066,C-005,[lawful event logistics],H-0703371,en,Violent Threat,BENIGN-COORDINATION,0.166,Yes
CT-000817,A-0048,C-005,[generic discussion],H-1420299,en,Violent Threat,EVENT_FAM_X4-default,0.678,Yes
CT-000818,A-0053,C-005,[ambiguous grievance],H-8254673,es,Violent Threat,EVENT_FAM_X4-P07,0.584,Yes
CT-000819,A-0059,C-005,[event date reference],H-2785787,es,Violent Threat,EVENT_FAM_X4-P11,0.554,Yes
CT-000820,A-0054,C-005,[time-linked escalation reference],H-8030662,en,Violent Threat,EVENT_FAM_X4-P07,0.532,Yes
CT-000821,A-0063,C-005,[generic discussion],H-1420299,es,Violent Threat,EVENT_FAM_X4-default,0.706,Yes
CT-000822,A-0048,C-005,[generic discussion],H-1420299,en,Violent Threat,EVENT_FAM_X4-default,0.667,Yes
CT-000823,A-0049,C-005,[continued focus on same fictional target],H-1594813,en,Violent Threat,EVENT_FAM_X4-P03,0.655,Yes
CT-000824,A-0058,C-005,[neutral platform activity],H-9043347,es,Violent Threat,EVENT_FAM_X4-P02,0.419,Yes
CT-000825,A-0064,C-005,[repeated target reference],H-9980995,es,Violent Threat,EVENT_FAM_X4-P03,0.502,Yes
CT-000826,A-0053,C-005,[continued focus on same fictional target],H-1594813,es,Violent Threat,EVENT_FAM_X4-P03,0.696,Yes
CT-000827,A-0065,C-005,[neutral platform activity],H-4318580,en,Violent Threat,EVENT_FAM_X4-default,0.616,Yes
CT-000828,A-0067,C-005,[event date reference],H-2785787,en,Violent Threat,EVENT_FAM_X4-P11,0.678,Yes
CT-000829,A-0069,C-005,[benign scheduling message],H-3629325,en,Violent Threat,BENIGN-COORDINATION,0.285,Yes
CT-000830,A-0068,C-005,[continued focus on same fictional target],H-1594813,en,Violent Threat,EVENT_FAM_X4-P03,0.446,Yes
CT-000831,A-0054,C-005,[fictional location proximity reference],H-6042605,en,Violent Threat,EVENT_FAM_X4-P11,0.747,Yes
CT-000832,A-0059,C-005,[generic discussion],H-1420299,es,Violent Threat,EVENT_FAM_X4-default,0.438,Yes
CT-000833,A-0054,C-005,[ambiguous grievance],H-8254673,en,Violent Threat,EVENT_FAM_X4-P07,0.772,Yes
CT-000834,A-0060,C-005,[mutual-aid coordination],H-5150997,es,Violent Threat,BENIGN-COORDINATION,0.15,Yes
CT-000835,A-0060,C-005,[time-linked escalation reference],H-8030662,es,Violent Threat,EVENT_FAM_X4-P07,0.552,Yes
CT-000836,A-0065,C-005,[neutral platform activity],H-9043347,en,Violent Threat,EVENT_FAM_X4-P02,0.744,Yes
CT-000837,A-0057,C-005,[non-sensitive coordination],H-8068077,es,Violent Threat,EVENT_FAM_X4-P02,0.645,Yes
CT-000838,A-0056,C-005,[neutral platform activity],H-9043347,en,Violent Threat,EVENT_FAM_X4-P02,0.543,Yes
CT-000839,A-0069,C-005,[non-sensitive coordination],H-5293850,en,Violent Threat,EVENT_FAM_X4-default,0.604,Yes
CT-000840,A-0069,C-005,[target-specific grievance reference],H-0692299,en,Violent Threat,EVENT_FAM_X4-P03,0.585,Yes
CT-000841,A-0057,C-005,[repeated target reference],H-9980995,es,Violent Threat,EVENT_FAM_X4-P03,0.655,Yes
CT-000842,A-0056,C-005,[neutral platform activity],H-9043347,en,Violent Threat,EVENT_FAM_X4-P02,0.45,Yes
CT-000843,A-0068,C-005,[more specific intent reference],H-2413680,en,Violent Threat,EVENT_FAM_X4-P07,0.866,Yes
CT-000844,A-0056,C-005,[generic discussion],H-1420299,en,Violent Threat,EVENT_FAM_X4-default,0.467,Yes
CT-000845,A-0059,C-005,[benign scheduling message],H-3629325,es,Violent Threat,BENIGN-COORDINATION,0.219,Yes
CT-000846,A-0066,C-005,[neutral platform activity],H-4318580,en,Violent Threat,EVENT_FAM_X4-default,0.573,Yes
CT-000847,A-0065,C-005,[more specific intent reference],H-2413680,en,Violent Threat,EVENT_FAM_X4-P07,0.848,Yes
CT-000848,A-0065,C-005,[mutual-aid coordination],H-5150997,en,Violent Threat,BENIGN-COORDINATION,0.47,Yes
CT-000849,A-0057,C-005,[non-sensitive coordination],H-5293850,es,Violent Threat,EVENT_FAM_X4-default,0.472,Yes
CT-000850,A-0058,C-005,[target-specific grievance reference],H-0692299,es,Violent Threat,EVENT_FAM_X4-P03,0.451,Yes
CT-000851,A-0062,C-005,[generic discussion],H-1420299,en,Violent Threat,EVENT_FAM_X4-default,0.651,Yes
CT-000852,A-0063,C-005,[fictional location proximity reference],H-6042605,es,Violent Threat,EVENT_FAM_X4-P11,0.583,Yes
CT-000853,A-0070,C-005,[generic discussion],H-1420299,es,Violent Threat,EVENT_FAM_X4-default,0.454,Yes
CT-000854,A-0050,C-005,[neutral platform activity],H-9043347,en,Violent Threat,EVENT_FAM_X4-P02,0.516,Yes
CT-000855,A-0051,C-005,[non-sensitive coordination],H-5293850,en,Violent Threat,EVENT_FAM_X4-default,0.68,Yes
CT-000856,A-0054,C-005,[continued focus on same fictional target],H-1594813,en,Violent Threat,EVENT_FAM_X4-P03,0.543,Yes
CT-000857,A-0067,C-005,[generic discussion],H-1420299,en,Violent Threat,EVENT_FAM_X4-default,0.432,Yes
CT-000858,A-0070,C-005,[time-linked escalation reference],H-8030662,es,Violent Threat,EVENT_FAM_X4-P07,0.709,Yes
CT-000859,A-0048,C-005,[lawful event logistics],H-0703371,en,Violent Threat,BENIGN-COORDINATION,0.37,Yes
CT-000860,A-0053,C-005,[event date reference],H-2785787,es,Violent Threat,EVENT_FAM_X4-P11,0.64,Yes
CT-000861,A-0063,C-005,[benign scheduling message],H-3629325,es,Violent Threat,BENIGN-COORDINATION,0.327,Yes
CT-000862,A-0067,C-005,[target-specific grievance reference],H-0692299,en,Violent Threat,EVENT_FAM_X4-P03,0.43,Yes
CT-000863,A-0059,C-005,[benign scheduling message],H-3629325,es,Violent Threat,BENIGN-COORDINATION,0.459,Yes
CT-000864,A-0055,C-005,[repeated target reference],H-9980995,es,Violent Threat,EVENT_FAM_X4-P03,0.522,Yes
CT-000865,A-0066,C-005,[benign scheduling message],H-3629325,en,Violent Threat,BENIGN-COORDINATION,0.475,Yes
CT-000866,A-0051,C-005,[lawful event logistics],H-0703371,en,Violent Threat,BENIGN-COORDINATION,0.218,Yes
CT-000867,A-0053,C-005,[non-sensitive coordination],H-5293850,es,Violent Threat,EVENT_FAM_X4-default,0.473,Yes
CT-000868,A-0052,C-005,[continued focus on same fictional target],H-1594813,en,Violent Threat,EVENT_FAM_X4-P03,0.48,Yes
CT-000869,A-0049,C-005,[ambiguous grievance],H-8254673,en,Violent Threat,EVENT_FAM_X4-P07,0.589,Yes
CT-000870,A-0068,C-005,[target-specific grievance reference],H-0692299,en,Violent Threat,EVENT_FAM_X4-P03,0.542,Yes
CT-000871,A-0051,C-005,[non-sensitive coordination],H-5293850,en,Violent Threat,EVENT_FAM_X4-default,0.542,Yes
CT-000872,A-0051,C-005,[target-specific grievance reference],H-0692299,en,Violent Threat,EVENT_FAM_X4-P03,0.582,Yes
CT-000873,A-0051,C-005,[target-specific grievance reference],H-0692299,en,Violent Threat,EVENT_FAM_X4-P03,0.695,Yes
CT-000874,A-0067,C-005,[non-sensitive coordination],H-5293850,en,Violent Threat,EVENT_FAM_X4-default,0.471,Yes
CT-000875,A-0069,C-005,[benign scheduling message],H-3629325,en,Violent Threat,BENIGN-COORDINATION,0.272,Yes
CT-000876,A-0068,C-005,[non-sensitive coordination],H-8068077,en,Violent Threat,EVENT_FAM_X4-P02,0.584,Yes
CT-000877,A-0062,C-005,[neutral platform activity],H-4318580,en,Violent Threat,EVENT_FAM_X4-default,0.627,Yes
CT-000878,A-0053,C-005,[non-sensitive coordination],H-5293850,es,Violent Threat,EVENT_FAM_X4-default,0.725,Yes
CT-000879,A-0062,C-005,[neutral platform activity],H-4318580,en,Violent Threat,EVENT_FAM_X4-default,0.727,Yes
CT-000880,A-0067,C-005,[generic discussion],H-1420299,en,Violent Threat,EVENT_FAM_X4-default,0.547,Yes
CT-000881,A-0061,C-005,[generic discussion],H-8547069,en,Violent Threat,EVENT_FAM_X4-P02,0.699,Yes
CT-000882,A-0062,C-005,[non-sensitive coordination],H-8068077,en,Violent Threat,EVENT_FAM_X4-P02,0.541,Yes
CT-000883,A-0054,C-005,[non-sensitive coordination],H-5293850,en,Violent Threat,EVENT_FAM_X4-default,0.404,Yes
CT-000884,A-0049,C-005,[neutral platform activity],H-4318580,en,Violent Threat,EVENT_FAM_X4-default,0.577,Yes
CT-000885,A-0062,C-005,[time-linked escalation reference],H-8030662,en,Violent Threat,EVENT_FAM_X4-P07,0.855,Yes
CT-000886,A-0057,C-005,[neutral platform activity],H-4318580,es,Violent Threat,EVENT_FAM_X4-default,0.634,Yes
CT-000887,A-0064,C-005,[fictional location proximity reference],H-6042605,es,Violent Threat,EVENT_FAM_X4-P11,0.409,Yes
CT-000888,A-0051,C-005,[ambiguous grievance],H-8254673,en,Violent Threat,EVENT_FAM_X4-P07,0.732,Yes
CT-000889,A-0055,C-005,[neutral platform activity],H-4318580,es,Violent Threat,EVENT_FAM_X4-default,0.409,Yes
CT-000890,A-0069,C-005,[neutral platform activity],H-4318580,en,Violent Threat,EVENT_FAM_X4-default,0.533,Yes
CT-000891,A-0056,C-005,[event date reference],H-2785787,en,Violent Threat,EVENT_FAM_X4-P11,0.717,Yes
CT-000892,A-0066,C-005,[neutral platform activity],H-4318580,en,Violent Threat,EVENT_FAM_X4-default,0.477,Yes
CT-000893,A-0063,C-005,[repeated target reference],H-9980995,es,Violent Threat,EVENT_FAM_X4-P03,0.598,Yes
CT-000894,A-0057,C-005,[non-sensitive coordination],H-5293850,es,Violent Threat,EVENT_FAM_X4-default,0.685,Yes
CT-000895,A-0048,C-005,[event date reference],H-2785787,en,Violent Threat,EVENT_FAM_X4-P11,0.64,Yes
CT-000896,A-0059,C-005,[time-linked escalation reference],H-8030662,es,Violent Threat,EVENT_FAM_X4-P07,0.87,Yes
CT-000897,A-0065,C-005,[fictional location proximity reference],H-6042605,en,Violent Threat,EVENT_FAM_X4-P11,0.498,Yes
CT-000898,A-0056,C-005,[more specific intent reference],H-2413680,en,Violent Threat,EVENT_FAM_X4-P07,0.613,Yes
CT-000899,A-0069,C-005,[neutral platform activity],H-4318580,en,Violent Threat,EVENT_FAM_X4-default,0.754,Yes
CT-000900,A-0060,C-005,[non-sensitive coordination],H-5293850,es,Violent Threat,EVENT_FAM_X4-default,0.426,Yes
CT-000901,A-0050,C-005,[event date reference],H-2785787,en,Violent Threat,EVENT_FAM_X4-P11,0.67,Yes
CT-000902,A-0055,C-005,[benign scheduling message],H-3629325,es,Violent Threat,BENIGN-COORDINATION,0.418,Yes
CT-000903,A-0065,C-005,[fictional location proximity reference],H-6042605,en,Violent Threat,EVENT_FAM_X4-P11,0.602,Yes
CT-000904,A-0070,C-005,[non-sensitive coordination],H-5293850,es,Violent Threat,EVENT_FAM_X4-default,0.422,Yes
CT-000905,A-0056,C-005,[generic discussion],H-8547069,en,Violent Threat,EVENT_FAM_X4-P02,0.559,Yes
CT-000906,A-0049,C-005,[non-sensitive coordination],H-5293850,en,Violent Threat,EVENT_FAM_X4-default,0.568,Yes
CT-000907,A-0058,C-005,[neutral platform activity],H-4318580,es,Violent Threat,EVENT_FAM_X4-default,0.613,Yes
CT-000908,A-0056,C-005,[event date reference],H-2785787,en,Violent Threat,EVENT_FAM_X4-P11,0.673,Yes
CT-000909,A-0064,C-005,[neutral platform activity],H-4318580,es,Violent Threat,EVENT_FAM_X4-default,0.535,Yes
CT-000910,A-0053,C-005,[target-specific grievance reference],H-0692299,es,Violent Threat,EVENT_FAM_X4-P03,0.701,Yes
CT-000911,A-0049,C-005,[benign scheduling message],H-3629325,en,Violent Threat,BENIGN-COORDINATION,0.303,Yes
CT-000912,A-0051,C-005,[non-sensitive coordination],H-5293850,en,Violent Threat,EVENT_FAM_X4-default,0.613,Yes
CT-000913,A-0070,C-005,[neutral platform activity],H-4318580,es,Violent Threat,EVENT_FAM_X4-default,0.665,Yes
CT-000914,A-0053,C-005,[fictional location proximity reference],H-6042605,es,Violent Threat,EVENT_FAM_X4-P11,0.515,Yes
CT-000915,A-0058,C-005,[continued focus on same fictional target],H-1594813,es,Violent Threat,EVENT_FAM_X4-P03,0.512,Yes
CT-000916,A-0059,C-005,[target-specific grievance reference],H-0692299,es,Violent Threat,EVENT_FAM_X4-P03,0.568,Yes
CT-000917,A-0057,C-005,[generic discussion],H-1420299,es,Violent Threat,EVENT_FAM_X4-default,0.728,Yes
CT-000918,A-0067,C-005,[fictional location proximity reference],H-6042605,en,Violent Threat,EVENT_FAM_X4-P11,0.511,Yes
CT-000919,A-0071,C-005,[benign scheduling message],H-3629325,en,Violent Threat,BENIGN-COORDINATION,0.224,Yes
CT-000920,A-0067,C-005,[fictional location proximity reference],H-6042605,en,Violent Threat,EVENT_FAM_X4-P11,0.477,Yes
CT-000921,A-0069,C-005,[neutral platform activity],H-9043347,en,Violent Threat,EVENT_FAM_X4-P02,0.567,Yes
CT-000922,A-0048,C-005,[generic discussion],H-8547069,en,Violent Threat,EVENT_FAM_X4-P02,0.509,Yes
CT-000923,A-0052,C-005,[non-sensitive coordination],H-5293850,en,Violent Threat,EVENT_FAM_X4-default,0.467,Yes
CT-000924,A-0051,C-005,[generic discussion],H-1420299,en,Violent Threat,EVENT_FAM_X4-default,0.508,Yes
CT-000925,A-0058,C-005,[event date reference],H-2785787,es,Violent Threat,EVENT_FAM_X4-P11,0.512,Yes
CT-000926,A-0070,C-005,[non-sensitive coordination],H-5293850,es,Violent Threat,EVENT_FAM_X4-default,0.668,Yes
CT-000927,A-0052,C-005,[event date reference],H-2785787,en,Violent Threat,EVENT_FAM_X4-P11,0.605,Yes
CT-000928,A-0069,C-005,[generic discussion],H-1420299,en,Violent Threat,EVENT_FAM_X4-default,0.645,Yes
CT-000929,A-0056,C-005,[fictional location proximity reference],H-6042605,en,Violent Threat,EVENT_FAM_X4-P11,0.532,Yes
CT-000930,A-0054,C-005,[neutral platform activity],H-4318580,en,Violent Threat,EVENT_FAM_X4-default,0.428,Yes
CT-000931,A-0054,C-005,[event date reference],H-2785787,en,Violent Threat,EVENT_FAM_X4-P11,0.535,Yes
CT-000932,A-0067,C-005,[ambiguous grievance],H-8254673,en,Violent Threat,EVENT_FAM_X4-P07,0.628,Yes
CT-000933,A-0056,C-005,[repeated target reference],H-9980995,en,Violent Threat,EVENT_FAM_X4-P03,0.503,Yes
CT-000934,A-0062,C-005,[continued focus on same fictional target],H-1594813,en,Violent Threat,EVENT_FAM_X4-P03,0.42,Yes
CT-000935,A-0057,C-005,[neutral platform activity],H-4318580,es,Violent Threat,EVENT_FAM_X4-default,0.758,Yes
CT-000936,A-0065,C-005,[fictional location proximity reference],H-6042605,en,Violent Threat,EVENT_FAM_X4-P11,0.698,Yes
CT-000937,A-0062,C-005,[neutral platform activity],H-4318580,en,Violent Threat,EVENT_FAM_X4-default,0.745,Yes
CT-000938,A-0049,C-005,[more specific intent reference],H-2413680,en,Violent Threat,EVENT_FAM_X4-P07,0.606,Yes
CT-000939,A-0064,C-005,[ambiguous grievance],H-8254673,es,Violent Threat,EVENT_FAM_X4-P07,0.649,Yes
CT-000940,A-0052,C-005,[ambiguous grievance],H-8254673,en,Violent Threat,EVENT_FAM_X4-P07,0.827,Yes
CT-000941,A-0055,C-005,[benign scheduling message],H-3629325,es,Violent Threat,BENIGN-COORDINATION,0.498,Yes
CT-000942,A-0064,C-005,[non-sensitive coordination],H-8068077,es,Violent Threat,EVENT_FAM_X4-P02,0.725,Yes
CT-000943,A-0061,C-005,[fictional location proximity reference],H-6042605,en,Violent Threat,EVENT_FAM_X4-P11,0.594,Yes
CT-000944,A-0063,C-005,[neutral platform activity],H-4318580,es,Violent Threat,EVENT_FAM_X4-default,0.564,Yes
CT-000945,A-0066,C-005,[benign scheduling message],H-3629325,en,Violent Threat,BENIGN-COORDINATION,0.376,Yes
CT-000946,A-0063,C-005,[continued focus on same fictional target],H-1594813,es,Violent Threat,EVENT_FAM_X4-P03,0.444,Yes
CT-000947,A-0071,C-005,[neutral platform activity],H-4318580,en,Violent Threat,EVENT_FAM_X4-default,0.401,Yes
CT-000948,A-0078,C-006,[non-sensitive coordination],H-5580046,es,Coordinated Abuse,HOAX_FAM_X5-default,0.774,Yes
CT-000949,A-0080,C-006,[non-sensitive coordination],H-5580046,es,Coordinated Abuse,HOAX_FAM_X5-default,0.537,Yes
CT-000950,A-0080,C-006,[neutral platform activity],H-4712923,es,Coordinated Abuse,HOAX_FAM_X5-P05,0.561,Yes
CT-000951,A-0072,C-006,[generic discussion],H-7446514,en,Coordinated Abuse,HOAX_FAM_X5-P05,0.533,Yes
CT-000952,A-0077,C-006,[non-sensitive coordination],H-5580046,es,Coordinated Abuse,HOAX_FAM_X5-default,0.561,Yes
CT-000953,A-0080,C-006,[generic discussion],H-2661633,es,Coordinated Abuse,HOAX_FAM_X5-default,0.652,Yes
CT-000954,A-0084,C-006,[coordination instruction placeholder],H-3143969,es,Coordinated Abuse,HOAX_FAM_X5-P08,0.593,Yes
CT-000955,A-0079,C-006,[neutral platform activity],H-5395224,en,Coordinated Abuse,HOAX_FAM_X5-default,0.586,Yes
CT-000956,A-0081,C-006,[generic discussion],H-2114062,en,Coordinated Abuse,HOAX_FAM_X5-P01,0.652,Yes
CT-000957,A-0085,C-006,[generic discussion],H-6699966,es,Coordinated Abuse,HOAX_FAM_X5-P02,0.531,Yes
CT-000958,A-0075,C-006,[neutral platform activity],H-4712923,es,Coordinated Abuse,HOAX_FAM_X5-P05,0.515,Yes
CT-000959,A-0080,C-006,[non-sensitive coordination],H-5580046,es,Coordinated Abuse,HOAX_FAM_X5-default,0.822,Yes
CT-000960,A-0081,C-006,[neutral platform activity],H-0566443,en,Coordinated Abuse,HOAX_FAM_X5-P02,0.488,Yes
CT-000961,A-0086,C-006,[neutral platform activity],H-9704478,en,Coordinated Abuse,HOAX_FAM_X5-P01,0.61,Yes
CT-000962,A-0076,C-006,[non-sensitive coordination],H-1320065,en,Coordinated Abuse,HOAX_FAM_X5-P05,0.724,Yes
CT-000963,A-0076,C-006,[amplification request placeholder],H-5897272,en,Coordinated Abuse,HOAX_FAM_X5-P08,0.583,Yes
CT-000964,A-0081,C-006,[neutral platform activity],H-5395224,en,Coordinated Abuse,HOAX_FAM_X5-default,0.769,Yes
CT-000965,A-0072,C-006,[generic discussion],H-2661633,en,Coordinated Abuse,HOAX_FAM_X5-default,0.774,Yes
CT-000966,A-0082,C-006,[generic discussion],H-6699966,en,Coordinated Abuse,HOAX_FAM_X5-P02,0.605,Yes
CT-000967,A-0081,C-006,[non-sensitive coordination],H-1541713,en,Coordinated Abuse,HOAX_FAM_X5-P02,0.66,Yes
CT-000968,A-0081,C-006,[generic discussion],H-2114062,en,Coordinated Abuse,HOAX_FAM_X5-P01,0.711,Yes
CT-000969,A-0085,C-006,[generic discussion],H-7446514,es,Coordinated Abuse,HOAX_FAM_X5-P05,0.641,Yes
CT-000970,A-0081,C-006,[neutral platform activity],H-9704478,en,Coordinated Abuse,HOAX_FAM_X5-P01,0.525,Yes
CT-000971,A-0073,C-006,[research handoff placeholder],H-4554870,en,Coordinated Abuse,HOAX_FAM_X5-P08,0.583,Yes
CT-000972,A-0082,C-006,[non-sensitive coordination],H-1541713,en,Coordinated Abuse,HOAX_FAM_X5-P02,0.558,Yes
CT-000973,A-0076,C-006,[non-sensitive coordination],H-5580046,en,Coordinated Abuse,HOAX_FAM_X5-default,0.496,Yes
CT-000974,A-0076,C-006,[neutral platform activity],H-5395224,en,Coordinated Abuse,HOAX_FAM_X5-default,0.783,Yes
CT-000975,A-0084,C-006,[generic discussion],H-2661633,es,Coordinated Abuse,HOAX_FAM_X5-default,0.481,Yes
CT-000976,A-0084,C-006,[non-sensitive coordination],H-5580046,es,Coordinated Abuse,HOAX_FAM_X5-default,0.529,Yes
CT-000977,A-0078,C-006,[neutral platform activity],H-9704478,es,Coordinated Abuse,HOAX_FAM_X5-P01,0.798,Yes
CT-000978,A-0073,C-006,[neutral platform activity],H-5395224,en,Coordinated Abuse,HOAX_FAM_X5-default,0.802,Yes
CT-000979,A-0084,C-006,[neutral platform activity],H-5395224,es,Coordinated Abuse,HOAX_FAM_X5-default,0.553,Yes
CT-000980,A-0084,C-006,[neutral platform activity],H-0566443,es,Coordinated Abuse,HOAX_FAM_X5-P02,0.782,Yes
CT-000981,A-0075,C-006,[non-sensitive coordination],H-5580046,es,Coordinated Abuse,HOAX_FAM_X5-default,0.504,Yes
CT-000982,A-0079,C-006,[generic discussion],H-2114062,en,Coordinated Abuse,HOAX_FAM_X5-P01,0.672,Yes
CT-000983,A-0077,C-006,[amplification request placeholder],H-5897272,es,Coordinated Abuse,HOAX_FAM_X5-P08,0.749,Yes
CT-000984,A-0086,C-006,[generic discussion],H-6699966,en,Coordinated Abuse,HOAX_FAM_X5-P02,0.835,Yes
CT-000985,A-0081,C-006,[generic discussion],H-2661633,en,Coordinated Abuse,HOAX_FAM_X5-default,0.539,Yes
CT-000986,A-0074,C-006,[generic discussion],H-6699966,es,Coordinated Abuse,HOAX_FAM_X5-P02,0.488,Yes
CT-000987,A-0080,C-006,[non-sensitive coordination],H-5580046,es,Coordinated Abuse,HOAX_FAM_X5-default,0.552,Yes
CT-000988,A-0085,C-006,[neutral platform activity],H-9704478,es,Coordinated Abuse,HOAX_FAM_X5-P01,0.497,Yes
CT-000989,A-0076,C-006,[generic discussion],H-2114062,en,Coordinated Abuse,HOAX_FAM_X5-P01,0.599,Yes
CT-000990,A-0078,C-006,[generic discussion],H-2114062,es,Coordinated Abuse,HOAX_FAM_X5-P01,0.529,Yes
CT-000991,A-0085,C-006,[neutral platform activity],H-5395224,es,Coordinated Abuse,HOAX_FAM_X5-default,0.798,Yes
CT-000992,A-0074,C-006,[generic discussion],H-7446514,es,Coordinated Abuse,HOAX_FAM_X5-P05,0.829,Yes
CT-000993,A-0076,C-006,[generic discussion],H-7446514,en,Coordinated Abuse,HOAX_FAM_X5-P05,0.511,Yes
CT-000994,A-0076,C-006,[amplification request placeholder],H-5897272,en,Coordinated Abuse,HOAX_FAM_X5-P08,0.558,Yes
CT-000995,A-0075,C-006,[neutral platform activity],H-9704478,es,Coordinated Abuse,HOAX_FAM_X5-P01,0.67,Yes
CT-000996,A-0079,C-006,[neutral platform activity],H-9704478,en,Coordinated Abuse,HOAX_FAM_X5-P01,0.714,Yes
CT-000997,A-0074,C-006,[non-sensitive coordination],H-1320065,es,Coordinated Abuse,HOAX_FAM_X5-P05,0.492,Yes
CT-000998,A-0085,C-006,[non-sensitive coordination],H-1541713,es,Coordinated Abuse,HOAX_FAM_X5-P02,0.612,Yes
CT-000999,A-0076,C-006,[non-sensitive coordination],H-1320065,en,Coordinated Abuse,HOAX_FAM_X5-P05,0.664,Yes
CT-001000,A-0076,C-006,[generic discussion],H-2114062,en,Coordinated Abuse,HOAX_FAM_X5-P01,0.602,Yes
CT-001001,A-0078,C-006,[generic discussion],H-2661633,es,Coordinated Abuse,HOAX_FAM_X5-default,0.78,Yes
CT-001002,A-0080,C-006,[non-sensitive coordination],H-1541713,es,Coordinated Abuse,HOAX_FAM_X5-P02,0.483,Yes
CT-001003,A-0075,C-006,[non-sensitive coordination],H-1320065,es,Coordinated Abuse,HOAX_FAM_X5-P05,0.797,Yes
CT-001004,A-0074,C-006,[generic discussion],H-7446514,es,Coordinated Abuse,HOAX_FAM_X5-P05,0.78,Yes
CT-001005,A-0084,C-006,[non-sensitive coordination],H-1541713,es,Coordinated Abuse,HOAX_FAM_X5-P02,0.83,Yes
CT-001006,A-0078,C-006,[neutral platform activity],H-0566443,es,Coordinated Abuse,HOAX_FAM_X5-P02,0.501,Yes
CT-001007,A-0077,C-006,[neutral platform activity],H-5395224,es,Coordinated Abuse,HOAX_FAM_X5-default,0.809,Yes
CT-001008,A-0076,C-006,[generic discussion],H-2661633,en,Coordinated Abuse,HOAX_FAM_X5-default,0.547,Yes
CT-001009,A-0074,C-006,[non-sensitive coordination],H-5580046,es,Coordinated Abuse,HOAX_FAM_X5-default,0.692,Yes
CT-001010,A-0082,C-006,[coordination instruction placeholder],H-3143969,en,Coordinated Abuse,HOAX_FAM_X5-P08,0.525,Yes
CT-001011,A-0083,C-006,[non-sensitive coordination],H-3097336,en,Coordinated Abuse,HOAX_FAM_X5-P01,0.529,Yes
CT-001012,A-0085,C-006,[non-sensitive coordination],H-3097336,es,Coordinated Abuse,HOAX_FAM_X5-P01,0.541,Yes
CT-001013,A-0073,C-006,[coordination instruction placeholder],H-3143969,en,Coordinated Abuse,HOAX_FAM_X5-P08,0.56,Yes
CT-001014,A-0075,C-006,[non-sensitive coordination],H-1541713,es,Coordinated Abuse,HOAX_FAM_X5-P02,0.656,Yes
CT-001015,A-0081,C-006,[neutral platform activity],H-9704478,en,Coordinated Abuse,HOAX_FAM_X5-P01,0.686,Yes
CT-001016,A-0074,C-006,[research handoff placeholder],H-4554870,es,Coordinated Abuse,HOAX_FAM_X5-P08,0.736,Yes
CT-001017,A-0083,C-006,[generic discussion],H-2661633,en,Coordinated Abuse,HOAX_FAM_X5-default,0.568,Yes
CT-001018,A-0075,C-006,[non-sensitive coordination],H-1320065,es,Coordinated Abuse,HOAX_FAM_X5-P05,0.562,Yes
CT-001019,A-0084,C-006,[generic discussion],H-2661633,es,Coordinated Abuse,HOAX_FAM_X5-default,0.707,Yes
CT-001020,A-0077,C-006,[neutral platform activity],H-9704478,es,Coordinated Abuse,HOAX_FAM_X5-P01,0.527,Yes
CT-001021,A-0079,C-006,[generic discussion],H-2661633,en,Coordinated Abuse,HOAX_FAM_X5-default,0.825,Yes
CT-001022,A-0081,C-006,[generic discussion],H-2661633,en,Coordinated Abuse,HOAX_FAM_X5-default,0.593,Yes
CT-001023,A-0083,C-006,[non-sensitive coordination],H-5580046,en,Coordinated Abuse,HOAX_FAM_X5-default,0.61,Yes
CT-001024,A-0081,C-006,[coordination instruction placeholder],H-3143969,en,Coordinated Abuse,HOAX_FAM_X5-P08,0.637,Yes
CT-001025,A-0080,C-006,[research handoff placeholder],H-4554870,es,Coordinated Abuse,HOAX_FAM_X5-P08,0.486,Yes
CT-001026,A-0072,C-006,[non-sensitive coordination],H-1541713,en,Coordinated Abuse,HOAX_FAM_X5-P02,0.725,Yes
CT-001027,A-0072,C-006,[non-sensitive coordination],H-1541713,en,Coordinated Abuse,HOAX_FAM_X5-P02,0.677,Yes
CT-001028,A-0084,C-006,[amplification request placeholder],H-5897272,es,Coordinated Abuse,HOAX_FAM_X5-P08,0.816,Yes
CT-001029,A-0074,C-006,[coordination instruction placeholder],H-3143969,es,Coordinated Abuse,HOAX_FAM_X5-P08,0.706,Yes
CT-001030,A-0076,C-006,[non-sensitive coordination],H-5580046,en,Coordinated Abuse,HOAX_FAM_X5-default,0.494,Yes
CT-001031,A-0086,C-006,[neutral platform activity],H-4712923,en,Coordinated Abuse,HOAX_FAM_X5-P05,0.811,Yes
CT-001032,A-0081,C-006,[generic discussion],H-2661633,en,Coordinated Abuse,HOAX_FAM_X5-default,0.816,Yes
CT-001033,A-0077,C-006,[neutral platform activity],H-5395224,es,Coordinated Abuse,HOAX_FAM_X5-default,0.79,Yes
CT-001034,A-0086,C-006,[neutral platform activity],H-4712923,en,Coordinated Abuse,HOAX_FAM_X5-P05,0.679,Yes
CT-001035,A-0072,C-006,[generic discussion],H-2114062,en,Coordinated Abuse,HOAX_FAM_X5-P01,0.611,Yes
CT-001036,A-0084,C-006,[generic discussion],H-2661633,es,Coordinated Abuse,HOAX_FAM_X5-default,0.694,Yes
CT-001037,A-0075,C-006,[non-sensitive coordination],H-5580046,es,Coordinated Abuse,HOAX_FAM_X5-default,0.784,Yes
CT-001038,A-0079,C-006,[generic discussion],H-2661633,en,Coordinated Abuse,HOAX_FAM_X5-default,0.756,Yes
CT-001039,A-0076,C-006,[coordination instruction placeholder],H-3143969,en,Coordinated Abuse,HOAX_FAM_X5-P08,0.487,Yes
CT-001040,A-0085,C-006,[neutral platform activity],H-9704478,es,Coordinated Abuse,HOAX_FAM_X5-P01,0.688,Yes
CT-001041,A-0077,C-006,[generic discussion],H-2661633,es,Coordinated Abuse,HOAX_FAM_X5-default,0.751,Yes
CT-001042,A-0084,C-006,[generic discussion],H-7446514,es,Coordinated Abuse,HOAX_FAM_X5-P05,0.688,Yes
CT-001043,A-0078,C-006,[amplification request placeholder],H-5897272,es,Coordinated Abuse,HOAX_FAM_X5-P08,0.836,Yes
CT-001044,A-0081,C-006,[neutral platform activity],H-9704478,en,Coordinated Abuse,HOAX_FAM_X5-P01,0.676,Yes
CT-001045,A-0072,C-006,[neutral platform activity],H-5395224,en,Coordinated Abuse,HOAX_FAM_X5-default,0.516,Yes
CT-001046,A-0083,C-006,[neutral platform activity],H-5395224,en,Coordinated Abuse,HOAX_FAM_X5-default,0.625,Yes
CT-001047,A-0083,C-006,[non-sensitive coordination],H-5580046,en,Coordinated Abuse,HOAX_FAM_X5-default,0.508,Yes
CT-001048,A-0074,C-006,[neutral platform activity],H-0566443,es,Coordinated Abuse,HOAX_FAM_X5-P02,0.815,Yes
CT-001049,A-0085,C-006,[neutral platform activity],H-5395224,es,Coordinated Abuse,HOAX_FAM_X5-default,0.734,Yes
CT-001050,A-0084,C-006,[generic discussion],H-2114062,es,Coordinated Abuse,HOAX_FAM_X5-P01,0.515,Yes
CT-001051,A-0084,C-006,[generic discussion],H-7446514,es,Coordinated Abuse,HOAX_FAM_X5-P05,0.49,Yes
CT-001052,A-0084,C-006,[amplification request placeholder],H-5897272,es,Coordinated Abuse,HOAX_FAM_X5-P08,0.713,Yes
CT-001053,A-0072,C-006,[generic discussion],H-6699966,en,Coordinated Abuse,HOAX_FAM_X5-P02,0.646,Yes
CT-001054,A-0084,C-006,[non-sensitive coordination],H-3097336,es,Coordinated Abuse,HOAX_FAM_X5-P01,0.708,Yes
CT-001055,A-0072,C-006,[non-sensitive coordination],H-1320065,en,Coordinated Abuse,HOAX_FAM_X5-P05,0.574,Yes
CT-001056,A-0086,C-006,[neutral platform activity],H-5395224,en,Coordinated Abuse,HOAX_FAM_X5-default,0.802,Yes
CT-001057,A-0077,C-006,[non-sensitive coordination],H-1541713,es,Coordinated Abuse,HOAX_FAM_X5-P02,0.742,Yes
CT-001058,A-0073,C-006,[generic discussion],H-2661633,en,Coordinated Abuse,HOAX_FAM_X5-default,0.574,Yes
CT-001059,A-0086,C-006,[generic discussion],H-2114062,en,Coordinated Abuse,HOAX_FAM_X5-P01,0.748,Yes
CT-001060,A-0078,C-006,[generic discussion],H-6699966,es,Coordinated Abuse,HOAX_FAM_X5-P02,0.783,Yes
CT-001061,A-0074,C-006,[generic discussion],H-2114062,es,Coordinated Abuse,HOAX_FAM_X5-P01,0.662,Yes
CT-001062,A-0076,C-006,[generic discussion],H-2661633,en,Coordinated Abuse,HOAX_FAM_X5-default,0.724,Yes
CT-001063,A-0075,C-006,[generic discussion],H-7446514,es,Coordinated Abuse,HOAX_FAM_X5-P05,0.613,Yes
CT-001064,A-0082,C-006,[generic discussion],H-2114062,en,Coordinated Abuse,HOAX_FAM_X5-P01,0.77,Yes
CT-001065,A-0076,C-006,[neutral platform activity],H-9704478,en,Coordinated Abuse,HOAX_FAM_X5-P01,0.528,Yes
CT-001066,A-0077,C-006,[generic discussion],H-2661633,es,Coordinated Abuse,HOAX_FAM_X5-default,0.721,Yes
CT-001067,A-0073,C-006,[non-sensitive coordination],H-5580046,en,Coordinated Abuse,HOAX_FAM_X5-default,0.767,Yes
CT-001068,A-0075,C-006,[neutral platform activity],H-9704478,es,Coordinated Abuse,HOAX_FAM_X5-P01,0.55,Yes
CT-001069,A-0072,C-006,[neutral platform activity],H-9704478,en,Coordinated Abuse,HOAX_FAM_X5-P01,0.497,Yes
CT-001070,A-0082,C-006,[non-sensitive coordination],H-1541713,en,Coordinated Abuse,HOAX_FAM_X5-P02,0.53,Yes
CT-001071,A-0079,C-006,[generic discussion],H-2661633,en,Coordinated Abuse,HOAX_FAM_X5-default,0.497,Yes
CT-001072,A-0074,C-006,[neutral platform activity],H-9704478,es,Coordinated Abuse,HOAX_FAM_X5-P01,0.812,Yes
CT-001073,A-0078,C-006,[non-sensitive coordination],H-5580046,es,Coordinated Abuse,HOAX_FAM_X5-default,0.666,Yes
CT-001074,A-0081,C-006,[non-sensitive coordination],H-3097336,en,Coordinated Abuse,HOAX_FAM_X5-P01,0.835,Yes
CT-001075,A-0083,C-006,[generic discussion],H-6699966,en,Coordinated Abuse,HOAX_FAM_X5-P02,0.644,Yes
CT-001076,A-0074,C-006,[non-sensitive coordination],H-3097336,es,Coordinated Abuse,HOAX_FAM_X5-P01,0.526,Yes
CT-001077,A-0072,C-006,[generic discussion],H-2661633,en,Coordinated Abuse,HOAX_FAM_X5-default,0.804,Yes
CT-001078,A-0074,C-006,[coordination instruction placeholder],H-3143969,es,Coordinated Abuse,HOAX_FAM_X5-P08,0.625,Yes
CT-001079,A-0075,C-006,[non-sensitive coordination],H-5580046,es,Coordinated Abuse,HOAX_FAM_X5-default,0.555,Yes
CT-001080,A-0075,C-006,[coordination instruction placeholder],H-3143969,es,Coordinated Abuse,HOAX_FAM_X5-P08,0.563,Yes
CT-001081,A-0082,C-006,[non-sensitive coordination],H-5580046,en,Coordinated Abuse,HOAX_FAM_X5-default,0.742,Yes
CT-001082,A-0078,C-006,[generic discussion],H-2661633,es,Coordinated Abuse,HOAX_FAM_X5-default,0.605,Yes
CT-001083,A-0079,C-006,[amplification request placeholder],H-5897272,en,Coordinated Abuse,HOAX_FAM_X5-P08,0.593,Yes
CT-001084,A-0082,C-006,[non-sensitive coordination],H-3097336,en,Coordinated Abuse,HOAX_FAM_X5-P01,0.719,Yes
CT-001085,A-0084,C-006,[neutral platform activity],H-4712923,es,Coordinated Abuse,HOAX_FAM_X5-P05,0.817,Yes
CT-001086,A-0086,C-006,[neutral platform activity],H-5395224,en,Coordinated Abuse,HOAX_FAM_X5-default,0.695,Yes
CT-001087,A-0080,C-006,[non-sensitive coordination],H-1541713,es,Coordinated Abuse,HOAX_FAM_X5-P02,0.529,Yes
CT-001088,A-0076,C-006,[non-sensitive coordination],H-5580046,en,Coordinated Abuse,HOAX_FAM_X5-default,0.492,Yes
CT-001089,A-0083,C-006,[generic discussion],H-6699966,en,Coordinated Abuse,HOAX_FAM_X5-P02,0.533,Yes
CT-001090,A-0081,C-006,[non-sensitive coordination],H-5580046,en,Coordinated Abuse,HOAX_FAM_X5-default,0.515,Yes
CT-001091,A-0076,C-006,[neutral platform activity],H-0566443,en,Coordinated Abuse,HOAX_FAM_X5-P02,0.625,Yes
CT-001092,A-0084,C-006,[neutral platform activity],H-5395224,es,Coordinated Abuse,HOAX_FAM_X5-default,0.598,Yes
CT-001093,A-0074,C-006,[neutral platform activity],H-5395224,es,Coordinated Abuse,HOAX_FAM_X5-default,0.733,Yes
CT-001094,A-0075,C-006,[neutral platform activity],H-0566443,es,Coordinated Abuse,HOAX_FAM_X5-P02,0.741,Yes
CT-001095,A-0075,C-006,[neutral platform activity],H-5395224,es,Coordinated Abuse,HOAX_FAM_X5-default,0.781,Yes
CT-001096,A-0072,C-006,[neutral platform activity],H-5395224,en,Coordinated Abuse,HOAX_FAM_X5-default,0.675,Yes
CT-001097,A-0085,C-006,[non-sensitive coordination],H-1541713,es,Coordinated Abuse,HOAX_FAM_X5-P02,0.716,Yes
CT-001098,A-0077,C-006,[research handoff placeholder],H-4554870,es,Coordinated Abuse,HOAX_FAM_X5-P08,0.563,Yes
CT-001099,A-0083,C-006,[generic discussion],H-6699966,en,Coordinated Abuse,HOAX_FAM_X5-P02,0.599,Yes
CT-001100,A-0081,C-006,[neutral platform activity],H-9704478,en,Coordinated Abuse,HOAX_FAM_X5-P01,0.609,Yes
CT-001101,A-0086,C-006,[coordination instruction placeholder],H-3143969,en,Coordinated Abuse,HOAX_FAM_X5-P08,0.669,Yes
CT-001102,A-0078,C-006,[neutral platform activity],H-4712923,es,Coordinated Abuse,HOAX_FAM_X5-P05,0.55,Yes
CT-001103,A-0072,C-006,[non-sensitive coordination],H-1320065,en,Coordinated Abuse,HOAX_FAM_X5-P05,0.482,Yes
CT-001104,A-0081,C-006,[research handoff placeholder],H-4554870,en,Coordinated Abuse,HOAX_FAM_X5-P08,0.749,Yes
CT-001105,A-0086,C-006,[neutral platform activity],H-5395224,en,Coordinated Abuse,HOAX_FAM_X5-default,0.692,Yes
CT-001106,A-0078,C-006,[neutral platform activity],H-5395224,es,Coordinated Abuse,HOAX_FAM_X5-default,0.715,Yes
CT-001107,A-0084,C-006,[amplification request placeholder],H-5897272,es,Coordinated Abuse,HOAX_FAM_X5-P08,0.803,Yes
CT-001108,A-0072,C-006,[generic discussion],H-7446514,en,Coordinated Abuse,HOAX_FAM_X5-P05,0.525,Yes
CT-001109,A-0076,C-006,[generic discussion],H-2661633,en,Coordinated Abuse,HOAX_FAM_X5-default,0.614,Yes
CT-001110,A-0073,C-006,[amplification request placeholder],H-5897272,en,Coordinated Abuse,HOAX_FAM_X5-P08,0.806,Yes
CT-001111,A-0073,C-006,[non-sensitive coordination],H-1541713,en,Coordinated Abuse,HOAX_FAM_X5-P02,0.512,Yes
CT-001112,A-0083,C-006,[neutral platform activity],H-0566443,en,Coordinated Abuse,HOAX_FAM_X5-P02,0.5,Yes
CT-001113,A-0073,C-006,[research handoff placeholder],H-4554870,en,Coordinated Abuse,HOAX_FAM_X5-P08,0.665,Yes
CT-001114,A-0072,C-006,[neutral platform activity],H-0566443,en,Coordinated Abuse,HOAX_FAM_X5-P02,0.519,Yes
CT-001115,A-0077,C-006,[neutral platform activity],H-4712923,es,Coordinated Abuse,HOAX_FAM_X5-P05,0.643,Yes
CT-001116,A-0080,C-006,[neutral platform activity],H-5395224,es,Coordinated Abuse,HOAX_FAM_X5-default,0.531,Yes
CT-001117,A-0082,C-006,[generic discussion],H-2114062,en,Coordinated Abuse,HOAX_FAM_X5-P01,0.778,Yes
CT-001118,A-0079,C-006,[generic discussion],H-2661633,en,Coordinated Abuse,HOAX_FAM_X5-default,0.64,Yes
CT-001119,A-0072,C-006,[non-sensitive coordination],H-3097336,en,Coordinated Abuse,HOAX_FAM_X5-P01,0.558,Yes
CT-001120,A-0084,C-006,[neutral platform activity],H-5395224,es,Coordinated Abuse,HOAX_FAM_X5-default,0.681,Yes
CT-001121,A-0082,C-006,[neutral platform activity],H-9704478,en,Coordinated Abuse,HOAX_FAM_X5-P01,0.82,Yes
CT-001122,A-0082,C-006,[non-sensitive coordination],H-5580046,en,Coordinated Abuse,HOAX_FAM_X5-default,0.594,Yes
CT-001123,A-0076,C-006,[generic discussion],H-2661633,en,Coordinated Abuse,HOAX_FAM_X5-default,0.691,Yes
CT-001124,A-0083,C-006,[generic discussion],H-2661633,en,Coordinated Abuse,HOAX_FAM_X5-default,0.787,Yes
CT-001125,A-0080,C-006,[generic discussion],H-7446514,es,Coordinated Abuse,HOAX_FAM_X5-P05,0.657,Yes
CT-001126,A-0072,C-006,[generic discussion],H-6699966,en,Coordinated Abuse,HOAX_FAM_X5-P02,0.56,Yes
CT-001127,A-0096,C-007,[benign scheduling message],H-3629325,en,Violent Threat,BENIGN-COORDINATION,0.305,Yes
CT-001128,A-0095,C-007,[more specific intent reference],H-1299902,es,Violent Threat,THREAT_FAM_X1-P07,0.789,Yes
CT-001129,A-0094,C-007,[neutral platform activity],H-7445486,es,Violent Threat,THREAT_FAM_X1-default,0.509,Yes
CT-001130,A-0091,C-007,[non-sensitive coordination],H-6470216,en,Violent Threat,THREAT_FAM_X1-default,0.65,Yes
CT-001131,A-0097,C-007,[continued focus on same fictional target],H-0808684,en,Violent Threat,THREAT_FAM_X1-P03,0.405,Yes
CT-001132,A-0093,C-007,[non-sensitive coordination],H-6470216,en,Violent Threat,THREAT_FAM_X1-default,0.652,Yes
CT-001133,A-0087,C-007,[non-sensitive coordination],H-6470216,en,Violent Threat,THREAT_FAM_X1-default,0.526,Yes
CT-001134,A-0091,C-007,[mutual-aid coordination],H-5150997,en,Violent Threat,BENIGN-COORDINATION,0.331,Yes
CT-001135,A-0093,C-007,[template family B with minor variation],H-4170436,en,Violent Threat,THREAT_FAM_X1,0.431,Yes
CT-001136,A-0093,C-007,[non-sensitive coordination],H-6470216,en,Violent Threat,THREAT_FAM_X1-default,0.638,Yes
CT-001137,A-0095,C-007,[non-sensitive coordination],H-6470216,es,Violent Threat,THREAT_FAM_X1-default,0.382,Yes
CT-001138,A-0090,C-007,[repeated target reference],H-7577498,en,Violent Threat,THREAT_FAM_X1-P03,0.409,Yes
CT-001139,A-0094,C-007,[lawful event logistics],H-0703371,es,Violent Threat,BENIGN-COORDINATION,0.302,Yes
CT-001140,A-0089,C-007,[continued focus on same fictional target],H-0808684,es,Violent Threat,THREAT_FAM_X1-P03,0.487,Yes
CT-001141,A-0095,C-007,[neutral platform activity],H-7445486,es,Violent Threat,THREAT_FAM_X1-default,0.613,Yes
CT-001142,A-0089,C-007,[generic discussion],H-0343767,es,Violent Threat,THREAT_FAM_X1-default,0.721,Yes
CT-001143,A-0096,C-007,[time-linked escalation reference],H-2519291,en,Violent Threat,THREAT_FAM_X1-P07,0.672,Yes
CT-001144,A-0095,C-007,[coded phrase family C],H-1057060,es,Violent Threat,THREAT_FAM_X1,0.669,Yes
CT-001145,A-0096,C-007,[benign scheduling message],H-3629325,en,Violent Threat,BENIGN-COORDINATION,0.459,Yes
CT-001146,A-0090,C-007,[neutral platform activity],H-7445486,en,Violent Threat,THREAT_FAM_X1-default,0.564,Yes
CT-001147,A-0092,C-007,[neutral platform activity],H-7445486,en,Violent Threat,THREAT_FAM_X1-default,0.545,Yes
CT-001148,A-0094,C-007,[generic discussion],H-0343767,es,Violent Threat,THREAT_FAM_X1-default,0.517,Yes
CT-001149,A-0089,C-007,[benign scheduling message],H-3629325,es,Violent Threat,BENIGN-COORDINATION,0.201,Yes
CT-001150,A-0088,C-007,[neutral platform activity],H-7445486,es,Violent Threat,THREAT_FAM_X1-default,0.518,Yes
CT-001151,A-0088,C-007,[benign scheduling message],H-3629325,es,Violent Threat,BENIGN-COORDINATION,0.35,Yes
CT-001152,A-0088,C-007,[benign scheduling message],H-3629325,es,Violent Threat,BENIGN-COORDINATION,0.187,Yes
CT-001153,A-0092,C-007,[neutral platform activity],H-7445486,en,Violent Threat,THREAT_FAM_X1-default,0.566,Yes
CT-001154,A-0089,C-007,[neutral platform activity],H-7445486,es,Violent Threat,THREAT_FAM_X1-default,0.599,Yes
CT-001155,A-0089,C-007,[generic discussion],H-0343767,es,Violent Threat,THREAT_FAM_X1-default,0.699,Yes
CT-001156,A-0093,C-007,[lawful event logistics],H-0703371,en,Violent Threat,BENIGN-COORDINATION,0.317,Yes
CT-001157,A-0091,C-007,[lawful event logistics],H-0703371,en,Violent Threat,BENIGN-COORDINATION,0.245,Yes
CT-001158,A-0096,C-007,[lawful event logistics],H-0703371,en,Violent Threat,BENIGN-COORDINATION,0.269,Yes
CT-001159,A-0094,C-007,[mutual-aid coordination],H-5150997,es,Violent Threat,BENIGN-COORDINATION,0.463,Yes
CT-001160,A-0088,C-007,[benign scheduling message],H-3629325,es,Violent Threat,BENIGN-COORDINATION,0.292,Yes
CT-001161,A-0095,C-007,[continued focus on same fictional target],H-0808684,es,Violent Threat,THREAT_FAM_X1-P03,0.55,Yes
CT-001162,A-0095,C-007,[template family A],H-9911857,es,Violent Threat,THREAT_FAM_X1,0.71,Yes
CT-001163,A-0088,C-007,[lawful event logistics],H-0703371,es,Violent Threat,BENIGN-COORDINATION,0.154,Yes
CT-001164,A-0087,C-007,[time-linked escalation reference],H-2519291,en,Violent Threat,THREAT_FAM_X1-P07,0.507,Yes
CT-001165,A-0092,C-007,[more specific intent reference],H-1299902,en,Violent Threat,THREAT_FAM_X1-P07,0.641,Yes
CT-001166,A-0095,C-007,[template family A],H-9911857,es,Violent Threat,THREAT_FAM_X1,0.699,Yes
CT-001167,A-0091,C-007,[non-sensitive coordination],H-6470216,en,Violent Threat,THREAT_FAM_X1-default,0.696,Yes
CT-001168,A-0097,C-007,[generic discussion],H-0343767,en,Violent Threat,THREAT_FAM_X1-default,0.444,Yes
CT-001169,A-0087,C-007,[generic discussion],H-0343767,en,Violent Threat,THREAT_FAM_X1-default,0.67,Yes
CT-001170,A-0087,C-007,[mutual-aid coordination],H-5150997,en,Violent Threat,BENIGN-COORDINATION,0.145,Yes
CT-001171,A-0090,C-007,[neutral platform activity],H-7445486,en,Violent Threat,THREAT_FAM_X1-default,0.539,Yes
CT-001172,A-0089,C-007,[mutual-aid coordination],H-5150997,es,Violent Threat,BENIGN-COORDINATION,0.251,Yes
CT-001173,A-0094,C-007,[template family B with minor variation],H-4170436,es,Violent Threat,THREAT_FAM_X1,0.645,Yes
CT-001174,A-0088,C-007,[continued focus on same fictional target],H-0808684,es,Violent Threat,THREAT_FAM_X1-P03,0.536,Yes
CT-001175,A-0087,C-007,[target-specific grievance reference],H-8238971,en,Violent Threat,THREAT_FAM_X1-P03,0.58,Yes
CT-001176,A-0089,C-007,[generic discussion],H-0343767,es,Violent Threat,THREAT_FAM_X1-default,0.653,Yes
CT-001177,A-0091,C-007,[template family B with minor variation],H-4170436,en,Violent Threat,THREAT_FAM_X1,0.701,Yes
CT-001178,A-0094,C-007,[mutual-aid coordination],H-5150997,es,Violent Threat,BENIGN-COORDINATION,0.377,Yes
CT-001179,A-0087,C-007,[non-sensitive coordination],H-6470216,en,Violent Threat,THREAT_FAM_X1-default,0.43,Yes
CT-001180,A-0095,C-007,[non-sensitive coordination],H-6470216,es,Violent Threat,THREAT_FAM_X1-default,0.485,Yes
CT-001181,A-0094,C-007,[benign scheduling message],H-3629325,es,Violent Threat,BENIGN-COORDINATION,0.147,Yes
CT-001182,A-0093,C-007,[template family B with minor variation],H-4170436,en,Violent Threat,THREAT_FAM_X1,0.614,Yes
CT-001183,A-0092,C-007,[coded phrase family C],H-1057060,en,Violent Threat,THREAT_FAM_X1,0.662,Yes
CT-001184,A-0095,C-007,[more specific intent reference],H-1299902,es,Violent Threat,THREAT_FAM_X1-P07,0.536,Yes
CT-001185,A-0087,C-007,[target-specific grievance reference],H-8238971,en,Violent Threat,THREAT_FAM_X1-P03,0.509,Yes
CT-001186,A-0094,C-007,[continued focus on same fictional target],H-0808684,es,Violent Threat,THREAT_FAM_X1-P03,0.382,Yes
CT-001187,A-0095,C-007,[neutral platform activity],H-7445486,es,Violent Threat,THREAT_FAM_X1-default,0.717,Yes
CT-001188,A-0090,C-007,[time-linked escalation reference],H-2519291,en,Violent Threat,THREAT_FAM_X1-P07,0.689,Yes
CT-001189,A-0092,C-007,[neutral platform activity],H-7445486,en,Violent Threat,THREAT_FAM_X1-default,0.537,Yes
CT-001190,A-0087,C-007,[repeated target reference],H-7577498,en,Violent Threat,THREAT_FAM_X1-P03,0.655,Yes
CT-001191,A-0095,C-007,[ambiguous grievance],H-8048511,es,Violent Threat,THREAT_FAM_X1-P07,0.502,Yes
CT-001192,A-0088,C-007,[generic discussion],H-0343767,es,Violent Threat,THREAT_FAM_X1-default,0.422,Yes
CT-001193,A-0094,C-007,[neutral platform activity],H-7445486,es,Violent Threat,THREAT_FAM_X1-default,0.51,Yes
CT-001194,A-0095,C-007,[generic discussion],H-0343767,es,Violent Threat,THREAT_FAM_X1-default,0.486,Yes
CT-001195,A-0095,C-007,[neutral platform activity],H-7445486,es,Violent Threat,THREAT_FAM_X1-default,0.702,Yes
CT-001196,A-0096,C-007,[mutual-aid coordination],H-5150997,en,Violent Threat,BENIGN-COORDINATION,0.43,Yes
CT-001197,A-0095,C-007,[more specific intent reference],H-1299902,es,Violent Threat,THREAT_FAM_X1-P07,0.6,Yes
CT-001198,A-0090,C-007,[generic discussion],H-0343767,en,Violent Threat,THREAT_FAM_X1-default,0.642,Yes
CT-001199,A-0090,C-007,[template family B with minor variation],H-4170436,en,Violent Threat,THREAT_FAM_X1,0.637,Yes
CT-001200,A-0088,C-007,[non-sensitive coordination],H-6470216,es,Violent Threat,THREAT_FAM_X1-default,0.541,Yes
CT-001201,A-0089,C-007,[ambiguous grievance],H-8048511,es,Violent Threat,THREAT_FAM_X1-P07,0.541,Yes
CT-001202,A-0093,C-007,[template family B with minor variation],H-4170436,en,Violent Threat,THREAT_FAM_X1,0.402,Yes
CT-001203,A-0090,C-007,[target-specific grievance reference],H-8238971,en,Violent Threat,THREAT_FAM_X1-P03,0.516,Yes
CT-001204,A-0094,C-007,[time-linked escalation reference],H-2519291,es,Violent Threat,THREAT_FAM_X1-P07,0.773,Yes
CT-001205,A-0088,C-007,[generic discussion],H-0343767,es,Violent Threat,THREAT_FAM_X1-default,0.579,Yes
CT-001206,A-0089,C-007,[non-sensitive coordination],H-6470216,es,Violent Threat,THREAT_FAM_X1-default,0.397,Yes
CT-001207,A-0096,C-007,[time-linked escalation reference],H-2519291,en,Violent Threat,THREAT_FAM_X1-P07,0.734,Yes
CT-001208,A-0089,C-007,[generic discussion],H-0343767,es,Violent Threat,THREAT_FAM_X1-default,0.499,Yes
CT-001209,A-0091,C-007,[more specific intent reference],H-1299902,en,Violent Threat,THREAT_FAM_X1-P07,0.518,Yes
CT-001210,A-0094,C-007,[ambiguous grievance],H-8048511,es,Violent Threat,THREAT_FAM_X1-P07,0.777,Yes
CT-001211,A-0087,C-007,[target-specific grievance reference],H-8238971,en,Violent Threat,THREAT_FAM_X1-P03,0.462,Yes
CT-001212,A-0093,C-007,[target-specific grievance reference],H-8238971,en,Violent Threat,THREAT_FAM_X1-P03,0.373,Yes
CT-001213,A-0095,C-007,[template family A],H-9911857,es,Violent Threat,THREAT_FAM_X1,0.515,Yes
CT-001214,A-0094,C-007,[repeated target reference],H-7577498,es,Violent Threat,THREAT_FAM_X1-P03,0.449,Yes
CT-001215,A-0088,C-007,[continued focus on same fictional target],H-0808684,es,Violent Threat,THREAT_FAM_X1-P03,0.518,Yes
CT-001216,A-0092,C-007,[template family B with minor variation],H-4170436,en,Violent Threat,THREAT_FAM_X1,0.697,Yes
CT-001217,A-0094,C-007,[template family A],H-9911857,es,Violent Threat,THREAT_FAM_X1,0.665,Yes
CT-001218,A-0091,C-007,[generic discussion],H-0343767,en,Violent Threat,THREAT_FAM_X1-default,0.522,Yes
CT-001219,A-0095,C-007,[continued focus on same fictional target],H-0808684,es,Violent Threat,THREAT_FAM_X1-P03,0.725,Yes
CT-001220,A-0094,C-007,[generic discussion],H-0343767,es,Violent Threat,THREAT_FAM_X1-default,0.709,Yes
CT-001221,A-0096,C-007,[generic discussion],H-0343767,en,Violent Threat,THREAT_FAM_X1-default,0.698,Yes
CT-001222,A-0095,C-007,[ambiguous grievance],H-8048511,es,Violent Threat,THREAT_FAM_X1-P07,0.522,Yes
CT-001223,A-0095,C-007,[generic discussion],H-0343767,es,Violent Threat,THREAT_FAM_X1-default,0.517,Yes
CT-001224,A-0097,C-007,[continued focus on same fictional target],H-0808684,en,Violent Threat,THREAT_FAM_X1-P03,0.602,Yes
CT-001225,A-0091,C-007,[time-linked escalation reference],H-2519291,en,Violent Threat,THREAT_FAM_X1-P07,0.651,Yes
CT-001226,A-0095,C-007,[non-sensitive coordination],H-6470216,es,Violent Threat,THREAT_FAM_X1-default,0.708,Yes
CT-001227,A-0090,C-007,[target-specific grievance reference],H-8238971,en,Violent Threat,THREAT_FAM_X1-P03,0.551,Yes
CT-001228,A-0090,C-007,[time-linked escalation reference],H-2519291,en,Violent Threat,THREAT_FAM_X1-P07,0.775,Yes
CT-001229,A-0087,C-007,[neutral platform activity],H-7445486,en,Violent Threat,THREAT_FAM_X1-default,0.442,Yes
CT-001230,A-0093,C-007,[more specific intent reference],H-1299902,en,Violent Threat,THREAT_FAM_X1-P07,0.687,Yes
CT-001231,A-0091,C-007,[neutral platform activity],H-7445486,en,Violent Threat,THREAT_FAM_X1-default,0.589,Yes
CT-001232,A-0087,C-007,[continued focus on same fictional target],H-0808684,en,Violent Threat,THREAT_FAM_X1-P03,0.45,Yes
CT-001233,A-0095,C-007,[benign scheduling message],H-3629325,es,Violent Threat,BENIGN-COORDINATION,0.409,Yes
CT-001234,A-0087,C-007,[time-linked escalation reference],H-2519291,en,Violent Threat,THREAT_FAM_X1-P07,0.521,Yes
CT-001235,A-0087,C-007,[ambiguous grievance],H-8048511,en,Violent Threat,THREAT_FAM_X1-P07,0.539,Yes
CT-001236,A-0087,C-007,[target-specific grievance reference],H-8238971,en,Violent Threat,THREAT_FAM_X1-P03,0.523,Yes
CT-001237,A-0093,C-007,[more specific intent reference],H-1299902,en,Violent Threat,THREAT_FAM_X1-P07,0.57,Yes
CT-001238,A-0094,C-007,[continued focus on same fictional target],H-0808684,es,Violent Threat,THREAT_FAM_X1-P03,0.467,Yes
CT-001239,A-0095,C-007,[template family A],H-9911857,es,Violent Threat,THREAT_FAM_X1,0.646,Yes
CT-001240,A-0094,C-007,[non-sensitive coordination],H-6470216,es,Violent Threat,THREAT_FAM_X1-default,0.43,Yes
CT-001241,A-0093,C-007,[ambiguous grievance],H-8048511,en,Violent Threat,THREAT_FAM_X1-P07,0.649,Yes
CT-001242,A-0092,C-007,[generic discussion],H-0343767,en,Violent Threat,THREAT_FAM_X1-default,0.654,Yes
CT-001243,A-0087,C-007,[non-sensitive coordination],H-6470216,en,Violent Threat,THREAT_FAM_X1-default,0.591,Yes
CT-001244,A-0089,C-007,[benign scheduling message],H-3629325,es,Violent Threat,BENIGN-COORDINATION,0.313,Yes
CT-001245,A-0089,C-007,[template family B with minor variation],H-4170436,es,Violent Threat,THREAT_FAM_X1,0.578,Yes
CT-001246,A-0096,C-007,[template family B with minor variation],H-4170436,en,Violent Threat,THREAT_FAM_X1,0.479,Yes
CT-001247,A-0097,C-007,[repeated target reference],H-7577498,en,Violent Threat,THREAT_FAM_X1-P03,0.699,Yes
CT-001248,A-0092,C-007,[ambiguous grievance],H-8048511,en,Violent Threat,THREAT_FAM_X1-P07,0.818,Yes
CT-001249,A-0091,C-007,[continued focus on same fictional target],H-0808684,en,Violent Threat,THREAT_FAM_X1-P03,0.647,Yes
CT-001250,A-0095,C-007,[neutral platform activity],H-7445486,es,Violent Threat,THREAT_FAM_X1-default,0.717,Yes
CT-001251,A-0096,C-007,[target-specific grievance reference],H-8238971,en,Violent Threat,THREAT_FAM_X1-P03,0.593,Yes
CT-001252,A-0091,C-007,[lawful event logistics],H-0703371,en,Violent Threat,BENIGN-COORDINATION,0.292,Yes
CT-001253,A-0097,C-007,[continued focus on same fictional target],H-0808684,en,Violent Threat,THREAT_FAM_X1-P03,0.681,Yes
CT-001254,A-0096,C-007,[more specific intent reference],H-1299902,en,Violent Threat,THREAT_FAM_X1-P07,0.588,Yes
CT-001255,A-0094,C-007,[time-linked escalation reference],H-2519291,es,Violent Threat,THREAT_FAM_X1-P07,0.72,Yes
CT-001256,A-0090,C-007,[continued focus on same fictional target],H-0808684,en,Violent Threat,THREAT_FAM_X1-P03,0.482,Yes
CT-001257,A-0087,C-007,[lawful event logistics],H-0703371,en,Violent Threat,BENIGN-COORDINATION,0.146,Yes
CT-001258,A-0088,C-007,[template family B with minor variation],H-4170436,es,Violent Threat,THREAT_FAM_X1,0.598,Yes
CT-001259,A-0097,C-007,[generic discussion],H-0343767,en,Violent Threat,THREAT_FAM_X1-default,0.605,Yes
CT-001260,A-0087,C-007,[more specific intent reference],H-1299902,en,Violent Threat,THREAT_FAM_X1-P07,0.747,Yes
CT-001261,A-0097,C-007,[generic discussion],H-0343767,en,Violent Threat,THREAT_FAM_X1-default,0.475,Yes
CT-001262,A-0092,C-007,[continued focus on same fictional target],H-0808684,en,Violent Threat,THREAT_FAM_X1-P03,0.543,Yes
CT-001263,A-0097,C-007,[template family A],H-9911857,en,Violent Threat,THREAT_FAM_X1,0.674,Yes
CT-001264,A-0096,C-007,[more specific intent reference],H-1299902,en,Violent Threat,THREAT_FAM_X1-P07,0.752,Yes
CT-001265,A-0095,C-007,[neutral platform activity],H-7445486,es,Violent Threat,THREAT_FAM_X1-default,0.597,Yes
CT-001266,A-0094,C-007,[time-linked escalation reference],H-2519291,es,Violent Threat,THREAT_FAM_X1-P07,0.578,Yes
CT-001267,A-0096,C-007,[benign scheduling message],H-3629325,en,Violent Threat,BENIGN-COORDINATION,0.465,Yes
CT-001268,A-0088,C-007,[mutual-aid coordination],H-5150997,es,Violent Threat,BENIGN-COORDINATION,0.343,Yes
CT-001269,A-0096,C-007,[repeated target reference],H-7577498,en,Violent Threat,THREAT_FAM_X1-P03,0.571,Yes
CT-001270,A-0093,C-007,[target-specific grievance reference],H-8238971,en,Violent Threat,THREAT_FAM_X1-P03,0.662,Yes
CT-001271,A-0097,C-007,[template family B with minor variation],H-4170436,en,Violent Threat,THREAT_FAM_X1,0.606,Yes
CT-001272,A-0088,C-007,[repeated target reference],H-7577498,es,Violent Threat,THREAT_FAM_X1-P03,0.406,Yes
CT-001273,A-0088,C-007,[non-sensitive coordination],H-6470216,es,Violent Threat,THREAT_FAM_X1-default,0.533,Yes
CT-001274,A-0089,C-007,[neutral platform activity],H-7445486,es,Violent Threat,THREAT_FAM_X1-default,0.676,Yes
CT-001275,A-0093,C-007,[mutual-aid coordination],H-5150997,en,Violent Threat,BENIGN-COORDINATION,0.207,Yes
CT-001276,A-0097,C-007,[more specific intent reference],H-1299902,en,Violent Threat,THREAT_FAM_X1-P07,0.672,Yes
CT-001277,A-0097,C-007,[neutral platform activity],H-7445486,en,Violent Threat,THREAT_FAM_X1-default,0.517,Yes
CT-001278,A-0094,C-007,[continued focus on same fictional target],H-0808684,es,Violent Threat,THREAT_FAM_X1-P03,0.641,Yes
CT-001279,A-0091,C-007,[target-specific grievance reference],H-8238971,en,Violent Threat,THREAT_FAM_X1-P03,0.714,Yes
CT-001280,A-0091,C-007,[benign scheduling message],H-3629325,en,Violent Threat,BENIGN-COORDINATION,0.285,Yes
CT-001281,A-0095,C-007,[target-specific grievance reference],H-8238971,es,Violent Threat,THREAT_FAM_X1-P03,0.51,Yes
CT-001282,A-0087,C-007,[template family A],H-9911857,en,Violent Threat,THREAT_FAM_X1,0.481,Yes
CT-001283,A-0097,C-007,[generic discussion],H-0343767,en,Violent Threat,THREAT_FAM_X1-default,0.442,Yes
CT-001284,A-0093,C-007,[lawful event logistics],H-0703371,en,Violent Threat,BENIGN-COORDINATION,0.163,Yes
CT-001285,A-0092,C-007,[coded phrase family C],H-1057060,en,Violent Threat,THREAT_FAM_X1,0.673,Yes
CT-001286,A-0097,C-007,[non-sensitive coordination],H-6470216,en,Violent Threat,THREAT_FAM_X1-default,0.569,Yes
CT-001287,A-0092,C-007,[more specific intent reference],H-1299902,en,Violent Threat,THREAT_FAM_X1-P07,0.684,Yes
CT-001288,A-0096,C-007,[template family A],H-9911857,en,Violent Threat,THREAT_FAM_X1,0.378,Yes
CT-001289,A-0090,C-007,[continued focus on same fictional target],H-0808684,en,Violent Threat,THREAT_FAM_X1-P03,0.569,Yes
CT-001290,A-0088,C-007,[repeated target reference],H-7577498,es,Violent Threat,THREAT_FAM_X1-P03,0.523,Yes
CT-001291,A-0095,C-007,[generic discussion],H-0343767,es,Violent Threat,THREAT_FAM_X1-default,0.473,Yes
CT-001292,A-0088,C-007,[neutral platform activity],H-7445486,es,Violent Threat,THREAT_FAM_X1-default,0.404,Yes
CT-001293,A-0088,C-007,[benign scheduling message],H-3629325,es,Violent Threat,BENIGN-COORDINATION,0.344,Yes
CT-001294,A-0091,C-007,[template family B with minor variation],H-4170436,en,Violent Threat,THREAT_FAM_X1,0.633,Yes
CT-001295,A-0089,C-007,[non-sensitive coordination],H-6470216,es,Violent Threat,THREAT_FAM_X1-default,0.499,Yes
CT-001296,A-0088,C-007,[lawful event logistics],H-0703371,es,Violent Threat,BENIGN-COORDINATION,0.154,Yes
CT-001297,A-0091,C-007,[repeated target reference],H-7577498,en,Violent Threat,THREAT_FAM_X1-P03,0.508,Yes
CT-001298,A-0090,C-007,[mutual-aid coordination],H-5150997,en,Violent Threat,BENIGN-COORDINATION,0.263,Yes
CT-001299,A-0092,C-007,[non-sensitive coordination],H-6470216,en,Violent Threat,THREAT_FAM_X1-default,0.574,Yes
CT-001300,A-0088,C-007,[time-linked escalation reference],H-2519291,es,Violent Threat,THREAT_FAM_X1-P07,0.691,Yes
CT-001301,A-0087,C-007,[continued focus on same fictional target],H-0808684,en,Violent Threat,THREAT_FAM_X1-P03,0.571,Yes
CT-001302,A-0101,C-008,[migration invitation placeholder],H-5764780,es,Coordinated Abuse,HARASS_FAM_X2-P09,0.671,Yes
CT-001303,A-0100,C-008,[neutral platform activity],H-7238637,en,Coordinated Abuse,HARASS_FAM_X2-default,0.73,Yes
CT-001304,A-0104,C-008,[generic discussion],H-4309424,en,Coordinated Abuse,HARASS_FAM_X2-P06,0.619,Yes
CT-001305,A-0105,C-008,[target-specific grievance reference],H-0141984,es,Coordinated Abuse,HARASS_FAM_X2-P03,0.811,Yes
CT-001306,A-0106,C-008,[coordination instruction placeholder],H-8139650,en,Coordinated Abuse,HARASS_FAM_X2-P08,0.594,Yes
CT-001307,A-0110,C-008,[generic discussion],H-0351779,es,Coordinated Abuse,HARASS_FAM_X2-default,0.66,Yes
CT-001308,A-0110,C-008,[external-channel handoff placeholder],H-2729873,es,Coordinated Abuse,HARASS_FAM_X2-P09,0.712,Yes
CT-001309,A-0109,C-008,[non-sensitive coordination],H-7694278,en,Coordinated Abuse,HARASS_FAM_X2-P06,0.749,Yes
CT-001310,A-0099,C-008,[neutral platform activity],H-6719008,es,Coordinated Abuse,HARASS_FAM_X2-P06,0.752,Yes
CT-001311,A-0111,C-008,[non-sensitive coordination],H-7694278,en,Coordinated Abuse,HARASS_FAM_X2-P06,0.678,Yes
CT-001312,A-0109,C-008,[target-specific grievance reference],H-0141984,en,Coordinated Abuse,HARASS_FAM_X2-P03,0.79,Yes
CT-001313,A-0099,C-008,[generic discussion],H-4309424,es,Coordinated Abuse,HARASS_FAM_X2-P06,0.741,Yes
CT-001314,A-0103,C-008,[non-sensitive coordination],H-7694278,en,Coordinated Abuse,HARASS_FAM_X2-P06,0.663,Yes
CT-001315,A-0109,C-008,[research handoff placeholder],H-3713127,en,Coordinated Abuse,HARASS_FAM_X2-P08,0.566,Yes
CT-001316,A-0102,C-008,[coordination instruction placeholder],H-8139650,en,Coordinated Abuse,HARASS_FAM_X2-P08,0.575,Yes
CT-001317,A-0105,C-008,[generic discussion],H-0351779,es,Coordinated Abuse,HARASS_FAM_X2-default,0.796,Yes
CT-001318,A-0102,C-008,[coordination instruction placeholder],H-8139650,en,Coordinated Abuse,HARASS_FAM_X2-P08,0.554,Yes
CT-001319,A-0111,C-008,[external-channel handoff placeholder],H-2729873,en,Coordinated Abuse,HARASS_FAM_X2-P09,0.782,Yes
CT-001320,A-0110,C-008,[amplification request placeholder],H-2370725,es,Coordinated Abuse,HARASS_FAM_X2-P08,0.538,Yes
CT-001321,A-0103,C-008,[amplification request placeholder],H-2370725,en,Coordinated Abuse,HARASS_FAM_X2-P08,0.557,Yes
CT-001322,A-0100,C-008,[external-channel handoff placeholder],H-2729873,en,Coordinated Abuse,HARASS_FAM_X2-P09,0.496,Yes
CT-001323,A-0100,C-008,[migration invitation placeholder],H-5764780,en,Coordinated Abuse,HARASS_FAM_X2-P09,0.49,Yes
CT-001324,A-0099,C-008,[amplification request placeholder],H-2370725,es,Coordinated Abuse,HARASS_FAM_X2-P08,0.537,Yes
CT-001325,A-0106,C-008,[migration invitation placeholder],H-5764780,en,Coordinated Abuse,HARASS_FAM_X2-P09,0.838,Yes
CT-001326,A-0099,C-008,[neutral platform activity],H-7238637,es,Coordinated Abuse,HARASS_FAM_X2-default,0.52,Yes
CT-001327,A-0100,C-008,[external-channel handoff placeholder],H-2729873,en,Coordinated Abuse,HARASS_FAM_X2-P09,0.807,Yes
CT-001328,A-0108,C-008,[non-sensitive coordination],H-6263367,es,Coordinated Abuse,HARASS_FAM_X2-default,0.814,Yes
CT-001329,A-0104,C-008,[neutral platform activity],H-7238637,en,Coordinated Abuse,HARASS_FAM_X2-default,0.528,Yes
CT-001330,A-0100,C-008,[generic discussion],H-4309424,en,Coordinated Abuse,HARASS_FAM_X2-P06,0.666,Yes
CT-001331,A-0106,C-008,[generic discussion],H-0351779,en,Coordinated Abuse,HARASS_FAM_X2-default,0.562,Yes
CT-001332,A-0100,C-008,[repeated target reference],H-5674485,en,Coordinated Abuse,HARASS_FAM_X2-P03,0.669,Yes
CT-001333,A-0098,C-008,[generic discussion],H-4309424,es,Coordinated Abuse,HARASS_FAM_X2-P06,0.8,Yes
CT-001334,A-0105,C-008,[neutral platform activity],H-7238637,es,Coordinated Abuse,HARASS_FAM_X2-default,0.643,Yes
CT-001335,A-0108,C-008,[neutral platform activity],H-7238637,es,Coordinated Abuse,HARASS_FAM_X2-default,0.597,Yes
CT-001336,A-0106,C-008,[continued focus on same fictional target],H-2145128,en,Coordinated Abuse,HARASS_FAM_X2-P03,0.837,Yes
CT-001337,A-0109,C-008,[neutral platform activity],H-7238637,en,Coordinated Abuse,HARASS_FAM_X2-default,0.532,Yes
CT-001338,A-0098,C-008,[neutral platform activity],H-6719008,es,Coordinated Abuse,HARASS_FAM_X2-P06,0.521,Yes
CT-001339,A-0111,C-008,[generic discussion],H-0351779,en,Coordinated Abuse,HARASS_FAM_X2-default,0.764,Yes
CT-001340,A-0103,C-008,[non-sensitive coordination],H-6263367,en,Coordinated Abuse,HARASS_FAM_X2-default,0.812,Yes
CT-001341,A-0111,C-008,[migration invitation placeholder],H-5764780,en,Coordinated Abuse,HARASS_FAM_X2-P09,0.817,Yes
CT-001342,A-0103,C-008,[non-sensitive coordination],H-7694278,en,Coordinated Abuse,HARASS_FAM_X2-P06,0.807,Yes
CT-001343,A-0110,C-008,[neutral platform activity],H-7238637,es,Coordinated Abuse,HARASS_FAM_X2-default,0.577,Yes
CT-001344,A-0101,C-008,[amplification request placeholder],H-2370725,es,Coordinated Abuse,HARASS_FAM_X2-P08,0.644,Yes
CT-001345,A-0107,C-008,[non-sensitive coordination],H-6263367,en,Coordinated Abuse,HARASS_FAM_X2-default,0.632,Yes
CT-001346,A-0100,C-008,[neutral platform activity],H-7238637,en,Coordinated Abuse,HARASS_FAM_X2-default,0.723,Yes
CT-001347,A-0109,C-008,[external-channel handoff placeholder],H-2729873,en,Coordinated Abuse,HARASS_FAM_X2-P09,0.51,Yes
CT-001348,A-0110,C-008,[non-sensitive coordination],H-6263367,es,Coordinated Abuse,HARASS_FAM_X2-default,0.737,Yes
CT-001349,A-0099,C-008,[neutral platform activity],H-6719008,es,Coordinated Abuse,HARASS_FAM_X2-P06,0.525,Yes
CT-001350,A-0106,C-008,[research handoff placeholder],H-3713127,en,Coordinated Abuse,HARASS_FAM_X2-P08,0.513,Yes
CT-001351,A-0109,C-008,[continued focus on same fictional target],H-2145128,en,Coordinated Abuse,HARASS_FAM_X2-P03,0.827,Yes
CT-001352,A-0107,C-008,[target-specific grievance reference],H-0141984,en,Coordinated Abuse,HARASS_FAM_X2-P03,0.522,Yes
CT-001353,A-0107,C-008,[research handoff placeholder],H-3713127,en,Coordinated Abuse,HARASS_FAM_X2-P08,0.721,Yes
CT-001354,A-0111,C-008,[repeated target reference],H-5674485,en,Coordinated Abuse,HARASS_FAM_X2-P03,0.714,Yes
CT-001355,A-0111,C-008,[neutral platform activity],H-7238637,en,Coordinated Abuse,HARASS_FAM_X2-default,0.797,Yes
CT-001356,A-0099,C-008,[migration invitation placeholder],H-5764780,es,Coordinated Abuse,HARASS_FAM_X2-P09,0.809,Yes
CT-001357,A-0104,C-008,[research handoff placeholder],H-3713127,en,Coordinated Abuse,HARASS_FAM_X2-P08,0.599,Yes
CT-001358,A-0109,C-008,[generic discussion],H-0351779,en,Coordinated Abuse,HARASS_FAM_X2-default,0.797,Yes
CT-001359,A-0103,C-008,[neutral platform activity],H-6719008,en,Coordinated Abuse,HARASS_FAM_X2-P06,0.774,Yes
CT-001360,A-0107,C-008,[non-sensitive coordination],H-7694278,en,Coordinated Abuse,HARASS_FAM_X2-P06,0.82,Yes
CT-001361,A-0101,C-008,[non-sensitive coordination],H-6263367,es,Coordinated Abuse,HARASS_FAM_X2-default,0.845,Yes
CT-001362,A-0107,C-008,[migration invitation placeholder],H-5764780,en,Coordinated Abuse,HARASS_FAM_X2-P09,0.833,Yes
CT-001363,A-0103,C-008,[continued focus on same fictional target],H-2145128,en,Coordinated Abuse,HARASS_FAM_X2-P03,0.586,Yes
CT-001364,A-0105,C-008,[coordination instruction placeholder],H-8139650,es,Coordinated Abuse,HARASS_FAM_X2-P08,0.845,Yes
CT-001365,A-0103,C-008,[external-channel handoff placeholder],H-2729873,en,Coordinated Abuse,HARASS_FAM_X2-P09,0.824,Yes
CT-001366,A-0098,C-008,[target-specific grievance reference],H-0141984,es,Coordinated Abuse,HARASS_FAM_X2-P03,0.554,Yes
CT-001367,A-0103,C-008,[neutral platform activity],H-6719008,en,Coordinated Abuse,HARASS_FAM_X2-P06,0.59,Yes
CT-001368,A-0102,C-008,[continued focus on same fictional target],H-2145128,en,Coordinated Abuse,HARASS_FAM_X2-P03,0.671,Yes
CT-001369,A-0106,C-008,[generic discussion],H-0351779,en,Coordinated Abuse,HARASS_FAM_X2-default,0.814,Yes
CT-001370,A-0110,C-008,[coordination instruction placeholder],H-8139650,es,Coordinated Abuse,HARASS_FAM_X2-P08,0.497,Yes
CT-001371,A-0108,C-008,[migration invitation placeholder],H-5764780,es,Coordinated Abuse,HARASS_FAM_X2-P09,0.721,Yes
CT-001372,A-0098,C-008,[generic discussion],H-0351779,es,Coordinated Abuse,HARASS_FAM_X2-default,0.556,Yes
CT-001373,A-0107,C-008,[generic discussion],H-4309424,en,Coordinated Abuse,HARASS_FAM_X2-P06,0.495,Yes
CT-001374,A-0101,C-008,[research handoff placeholder],H-3713127,es,Coordinated Abuse,HARASS_FAM_X2-P08,0.546,Yes
CT-001375,A-0100,C-008,[generic discussion],H-0351779,en,Coordinated Abuse,HARASS_FAM_X2-default,0.606,Yes
CT-001376,A-0099,C-008,[target-specific grievance reference],H-0141984,es,Coordinated Abuse,HARASS_FAM_X2-P03,0.668,Yes
CT-001377,A-0106,C-008,[coordination instruction placeholder],H-8139650,en,Coordinated Abuse,HARASS_FAM_X2-P08,0.77,Yes
CT-001378,A-0099,C-008,[continued focus on same fictional target],H-2145128,es,Coordinated Abuse,HARASS_FAM_X2-P03,0.625,Yes
CT-001379,A-0098,C-008,[external-channel handoff placeholder],H-2729873,es,Coordinated Abuse,HARASS_FAM_X2-P09,0.637,Yes
CT-001380,A-0098,C-008,[external-channel handoff placeholder],H-2729873,es,Coordinated Abuse,HARASS_FAM_X2-P09,0.777,Yes
CT-001381,A-0100,C-008,[repeated target reference],H-5674485,en,Coordinated Abuse,HARASS_FAM_X2-P03,0.7,Yes
CT-001382,A-0109,C-008,[amplification request placeholder],H-2370725,en,Coordinated Abuse,HARASS_FAM_X2-P08,0.529,Yes
CT-001383,A-0110,C-008,[external-channel handoff placeholder],H-2729873,es,Coordinated Abuse,HARASS_FAM_X2-P09,0.493,Yes
CT-001384,A-0101,C-008,[neutral platform activity],H-7238637,es,Coordinated Abuse,HARASS_FAM_X2-default,0.609,Yes
CT-001385,A-0102,C-008,[migration invitation placeholder],H-5764780,en,Coordinated Abuse,HARASS_FAM_X2-P09,0.64,Yes
CT-001386,A-0105,C-008,[neutral platform activity],H-6719008,es,Coordinated Abuse,HARASS_FAM_X2-P06,0.719,Yes
CT-001387,A-0106,C-008,[coordination instruction placeholder],H-8139650,en,Coordinated Abuse,HARASS_FAM_X2-P08,0.82,Yes
CT-001388,A-0099,C-008,[coordination instruction placeholder],H-8139650,es,Coordinated Abuse,HARASS_FAM_X2-P08,0.724,Yes
CT-001389,A-0107,C-008,[migration invitation placeholder],H-5764780,en,Coordinated Abuse,HARASS_FAM_X2-P09,0.794,Yes
CT-001390,A-0108,C-008,[external-channel handoff placeholder],H-2729873,es,Coordinated Abuse,HARASS_FAM_X2-P09,0.763,Yes
CT-001391,A-0108,C-008,[non-sensitive coordination],H-7694278,es,Coordinated Abuse,HARASS_FAM_X2-P06,0.561,Yes
CT-001392,A-0108,C-008,[generic discussion],H-0351779,es,Coordinated Abuse,HARASS_FAM_X2-default,0.729,Yes
CT-001393,A-0110,C-008,[amplification request placeholder],H-2370725,es,Coordinated Abuse,HARASS_FAM_X2-P08,0.836,Yes
CT-001394,A-0110,C-008,[neutral platform activity],H-7238637,es,Coordinated Abuse,HARASS_FAM_X2-default,0.594,Yes
CT-001395,A-0105,C-008,[migration invitation placeholder],H-5764780,es,Coordinated Abuse,HARASS_FAM_X2-P09,0.673,Yes
CT-001396,A-0104,C-008,[non-sensitive coordination],H-6263367,en,Coordinated Abuse,HARASS_FAM_X2-default,0.631,Yes
CT-001397,A-0102,C-008,[generic discussion],H-4309424,en,Coordinated Abuse,HARASS_FAM_X2-P06,0.725,Yes
CT-001398,A-0101,C-008,[target-specific grievance reference],H-0141984,es,Coordinated Abuse,HARASS_FAM_X2-P03,0.848,Yes
CT-001399,A-0099,C-008,[migration invitation placeholder],H-5764780,es,Coordinated Abuse,HARASS_FAM_X2-P09,0.557,Yes
CT-001400,A-0108,C-008,[migration invitation placeholder],H-5764780,es,Coordinated Abuse,HARASS_FAM_X2-P09,0.538,Yes
CT-001401,A-0107,C-008,[migration invitation placeholder],H-5764780,en,Coordinated Abuse,HARASS_FAM_X2-P09,0.669,Yes
CT-001402,A-0106,C-008,[research handoff placeholder],H-3713127,en,Coordinated Abuse,HARASS_FAM_X2-P08,0.629,Yes
CT-001403,A-0100,C-008,[generic discussion],H-0351779,en,Coordinated Abuse,HARASS_FAM_X2-default,0.587,Yes
CT-001404,A-0110,C-008,[external-channel handoff placeholder],H-2729873,es,Coordinated Abuse,HARASS_FAM_X2-P09,0.683,Yes
CT-001405,A-0102,C-008,[continued focus on same fictional target],H-2145128,en,Coordinated Abuse,HARASS_FAM_X2-P03,0.778,Yes
CT-001406,A-0100,C-008,[non-sensitive coordination],H-6263367,en,Coordinated Abuse,HARASS_FAM_X2-default,0.516,Yes
CT-001407,A-0101,C-008,[generic discussion],H-4309424,es,Coordinated Abuse,HARASS_FAM_X2-P06,0.526,Yes
CT-001408,A-0100,C-008,[generic discussion],H-0351779,en,Coordinated Abuse,HARASS_FAM_X2-default,0.747,Yes
CT-001409,A-0101,C-008,[target-specific grievance reference],H-0141984,es,Coordinated Abuse,HARASS_FAM_X2-P03,0.805,Yes
CT-001410,A-0098,C-008,[generic discussion],H-0351779,es,Coordinated Abuse,HARASS_FAM_X2-default,0.732,Yes
CT-001411,A-0106,C-008,[non-sensitive coordination],H-6263367,en,Coordinated Abuse,HARASS_FAM_X2-default,0.705,Yes
CT-001412,A-0109,C-008,[neutral platform activity],H-6719008,en,Coordinated Abuse,HARASS_FAM_X2-P06,0.56,Yes
CT-001413,A-0101,C-008,[non-sensitive coordination],H-6263367,es,Coordinated Abuse,HARASS_FAM_X2-default,0.776,Yes
CT-001414,A-0111,C-008,[target-specific grievance reference],H-0141984,en,Coordinated Abuse,HARASS_FAM_X2-P03,0.706,Yes
CT-001415,A-0100,C-008,[migration invitation placeholder],H-5764780,en,Coordinated Abuse,HARASS_FAM_X2-P09,0.629,Yes
CT-001416,A-0099,C-008,[amplification request placeholder],H-2370725,es,Coordinated Abuse,HARASS_FAM_X2-P08,0.766,Yes
CT-001417,A-0101,C-008,[generic discussion],H-4309424,es,Coordinated Abuse,HARASS_FAM_X2-P06,0.784,Yes
CT-001418,A-0101,C-008,[target-specific grievance reference],H-0141984,es,Coordinated Abuse,HARASS_FAM_X2-P03,0.505,Yes
CT-001419,A-0104,C-008,[non-sensitive coordination],H-7694278,en,Coordinated Abuse,HARASS_FAM_X2-P06,0.795,Yes
CT-001420,A-0109,C-008,[neutral platform activity],H-7238637,en,Coordinated Abuse,HARASS_FAM_X2-default,0.775,Yes
CT-001421,A-0106,C-008,[neutral platform activity],H-6719008,en,Coordinated Abuse,HARASS_FAM_X2-P06,0.7,Yes
CT-001422,A-0103,C-008,[research handoff placeholder],H-3713127,en,Coordinated Abuse,HARASS_FAM_X2-P08,0.531,Yes
CT-001423,A-0109,C-008,[generic discussion],H-4309424,en,Coordinated Abuse,HARASS_FAM_X2-P06,0.848,Yes
CT-001424,A-0107,C-008,[external-channel handoff placeholder],H-2729873,en,Coordinated Abuse,HARASS_FAM_X2-P09,0.789,Yes
CT-001425,A-0111,C-008,[continued focus on same fictional target],H-2145128,en,Coordinated Abuse,HARASS_FAM_X2-P03,0.57,Yes
CT-001426,A-0099,C-008,[neutral platform activity],H-6719008,es,Coordinated Abuse,HARASS_FAM_X2-P06,0.682,Yes
CT-001427,A-0105,C-008,[generic discussion],H-0351779,es,Coordinated Abuse,HARASS_FAM_X2-default,0.818,Yes
CT-001428,A-0106,C-008,[non-sensitive coordination],H-6263367,en,Coordinated Abuse,HARASS_FAM_X2-default,0.764,Yes
CT-001429,A-0101,C-008,[external-channel handoff placeholder],H-2729873,es,Coordinated Abuse,HARASS_FAM_X2-P09,0.558,Yes
CT-001430,A-0108,C-008,[external-channel handoff placeholder],H-2729873,es,Coordinated Abuse,HARASS_FAM_X2-P09,0.706,Yes
CT-001431,A-0105,C-008,[coordination instruction placeholder],H-8139650,es,Coordinated Abuse,HARASS_FAM_X2-P08,0.844,Yes
CT-001432,A-0106,C-008,[generic discussion],H-0351779,en,Coordinated Abuse,HARASS_FAM_X2-default,0.754,Yes
CT-001433,A-0104,C-008,[generic discussion],H-4309424,en,Coordinated Abuse,HARASS_FAM_X2-P06,0.731,Yes
CT-001434,A-0098,C-008,[non-sensitive coordination],H-7694278,es,Coordinated Abuse,HARASS_FAM_X2-P06,0.784,Yes
CT-001435,A-0110,C-008,[coordination instruction placeholder],H-8139650,es,Coordinated Abuse,HARASS_FAM_X2-P08,0.568,Yes
CT-001436,A-0105,C-008,[neutral platform activity],H-7238637,es,Coordinated Abuse,HARASS_FAM_X2-default,0.748,Yes
CT-001437,A-0102,C-008,[amplification request placeholder],H-2370725,en,Coordinated Abuse,HARASS_FAM_X2-P08,0.642,Yes
CT-001438,A-0104,C-008,[generic discussion],H-0351779,en,Coordinated Abuse,HARASS_FAM_X2-default,0.645,Yes
CT-001439,A-0107,C-008,[migration invitation placeholder],H-5764780,en,Coordinated Abuse,HARASS_FAM_X2-P09,0.708,Yes
CT-001440,A-0099,C-008,[non-sensitive coordination],H-6263367,es,Coordinated Abuse,HARASS_FAM_X2-default,0.72,Yes
CT-001441,A-0107,C-008,[neutral platform activity],H-7238637,en,Coordinated Abuse,HARASS_FAM_X2-default,0.706,Yes
CT-001442,A-0104,C-008,[generic discussion],H-0351779,en,Coordinated Abuse,HARASS_FAM_X2-default,0.719,Yes
CT-001443,A-0100,C-008,[generic discussion],H-0351779,en,Coordinated Abuse,HARASS_FAM_X2-default,0.688,Yes
CT-001444,A-0099,C-008,[amplification request placeholder],H-2370725,es,Coordinated Abuse,HARASS_FAM_X2-P08,0.76,Yes
CT-001445,A-0103,C-008,[coordination instruction placeholder],H-8139650,en,Coordinated Abuse,HARASS_FAM_X2-P08,0.501,Yes
CT-001446,A-0098,C-008,[non-sensitive coordination],H-6263367,es,Coordinated Abuse,HARASS_FAM_X2-default,0.645,Yes
CT-001447,A-0101,C-008,[amplification request placeholder],H-2370725,es,Coordinated Abuse,HARASS_FAM_X2-P08,0.639,Yes
CT-001448,A-0099,C-008,[generic discussion],H-0351779,es,Coordinated Abuse,HARASS_FAM_X2-default,0.66,Yes
CT-001449,A-0102,C-008,[repeated target reference],H-5674485,en,Coordinated Abuse,HARASS_FAM_X2-P03,0.762,Yes
CT-001450,A-0111,C-008,[generic discussion],H-0351779,en,Coordinated Abuse,HARASS_FAM_X2-default,0.538,Yes
CT-001451,A-0104,C-008,[research handoff placeholder],H-3713127,en,Coordinated Abuse,HARASS_FAM_X2-P08,0.503,Yes
CT-001452,A-0102,C-008,[non-sensitive coordination],H-6263367,en,Coordinated Abuse,HARASS_FAM_X2-default,0.583,Yes
CT-001453,A-0104,C-008,[continued focus on same fictional target],H-2145128,en,Coordinated Abuse,HARASS_FAM_X2-P03,0.608,Yes
CT-001454,A-0100,C-008,[generic discussion],H-4309424,en,Coordinated Abuse,HARASS_FAM_X2-P06,0.848,Yes
CT-001455,A-0104,C-008,[neutral platform activity],H-7238637,en,Coordinated Abuse,HARASS_FAM_X2-default,0.843,Yes
CT-001456,A-0110,C-008,[migration invitation placeholder],H-5764780,es,Coordinated Abuse,HARASS_FAM_X2-P09,0.711,Yes
CT-001457,A-0109,C-008,[neutral platform activity],H-7238637,en,Coordinated Abuse,HARASS_FAM_X2-default,0.637,Yes
CT-001458,A-0108,C-008,[amplification request placeholder],H-2370725,es,Coordinated Abuse,HARASS_FAM_X2-P08,0.832,Yes
CT-001459,A-0098,C-008,[neutral platform activity],H-6719008,es,Coordinated Abuse,HARASS_FAM_X2-P06,0.54,Yes
CT-001460,A-0107,C-008,[external-channel handoff placeholder],H-2729873,en,Coordinated Abuse,HARASS_FAM_X2-P09,0.623,Yes
CT-001461,A-0111,C-008,[amplification request placeholder],H-2370725,en,Coordinated Abuse,HARASS_FAM_X2-P08,0.698,Yes
CT-001462,A-0106,C-008,[non-sensitive coordination],H-7694278,en,Coordinated Abuse,HARASS_FAM_X2-P06,0.751,Yes
CT-001463,A-0103,C-008,[non-sensitive coordination],H-6263367,en,Coordinated Abuse,HARASS_FAM_X2-default,0.652,Yes
CT-001464,A-0106,C-008,[generic discussion],H-4309424,en,Coordinated Abuse,HARASS_FAM_X2-P06,0.67,Yes
CT-001465,A-0110,C-008,[external-channel handoff placeholder],H-2729873,es,Coordinated Abuse,HARASS_FAM_X2-P09,0.829,Yes
CT-001466,A-0104,C-008,[neutral platform activity],H-7238637,en,Coordinated Abuse,HARASS_FAM_X2-default,0.84,Yes
CT-001467,A-0108,C-008,[external-channel handoff placeholder],H-2729873,es,Coordinated Abuse,HARASS_FAM_X2-P09,0.846,Yes
CT-001468,A-0105,C-008,[research handoff placeholder],H-3713127,es,Coordinated Abuse,HARASS_FAM_X2-P08,0.694,Yes
CT-001469,A-0111,C-008,[continued focus on same fictional target],H-2145128,en,Coordinated Abuse,HARASS_FAM_X2-P03,0.492,Yes
CT-001470,A-0110,C-008,[generic discussion],H-4309424,es,Coordinated Abuse,HARASS_FAM_X2-P06,0.639,Yes
CT-001471,A-0111,C-008,[generic discussion],H-4309424,en,Coordinated Abuse,HARASS_FAM_X2-P06,0.577,Yes
CT-001472,A-0099,C-008,[repeated target reference],H-5674485,es,Coordinated Abuse,HARASS_FAM_X2-P03,0.671,Yes
CT-001473,A-0106,C-008,[non-sensitive coordination],H-7694278,en,Coordinated Abuse,HARASS_FAM_X2-P06,0.564,Yes
CT-001474,A-0098,C-008,[non-sensitive coordination],H-6263367,es,Coordinated Abuse,HARASS_FAM_X2-default,0.625,Yes
CT-001475,A-0101,C-008,[non-sensitive coordination],H-6263367,es,Coordinated Abuse,HARASS_FAM_X2-default,0.805,Yes
CT-001476,A-0108,C-008,[neutral platform activity],H-6719008,es,Coordinated Abuse,HARASS_FAM_X2-P06,0.679,Yes
CT-001477,A-0131,C-009,[non-sensitive coordination],H-9039076,fr,Evasion / Account Network,EVASION_FAM_X3-P06,0.895,Yes
CT-001478,A-0119,C-009,[non-sensitive coordination],H-0150340,de,Evasion / Account Network,EVASION_FAM_X3-default,0.684,Yes
CT-001479,A-0121,C-009,[neutral platform activity],H-0014346,ar,Evasion / Account Network,EVASION_FAM_X3-P06,0.671,Yes
CT-001480,A-0135,C-009,[symbol-substituted phrase],H-7857967,ar,Evasion / Account Network,EVASION_FAM_X3-OBF,0.746,Yes
CT-001481,A-0123,C-009,[amplification request placeholder],H-1177423,de,Evasion / Account Network,EVASION_FAM_X3-P08,0.737,Yes
CT-001482,A-0135,C-009,[non-sensitive coordination],H-9039076,ar,Evasion / Account Network,EVASION_FAM_X3-P06,0.61,Yes
CT-001483,A-0132,C-009,[neutral platform activity],H-1125610,de,Evasion / Account Network,EVASION_FAM_X3-default,0.814,Yes
CT-001484,A-0138,C-009,[non-sensitive coordination],H-9039076,es,Evasion / Account Network,EVASION_FAM_X3-P06,0.869,Yes
CT-001485,A-0114,C-009,[generic discussion],H-7576070,de,Evasion / Account Network,EVASION_FAM_X3-P06,0.571,Yes
CT-001486,A-0117,C-009,[neutral platform activity],H-1125610,de,Evasion / Account Network,EVASION_FAM_X3-default,0.83,Yes
CT-001487,A-0122,C-009,[coded phrase family C],H-2688866,es,Evasion / Account Network,EVASION_FAM_X3,0.779,Yes
CT-001488,A-0131,C-009,[symbol-substituted phrase],H-7857967,fr,Evasion / Account Network,EVASION_FAM_X3-OBF,0.806,Yes
CT-001489,A-0133,C-009,[neutral platform activity],H-1125610,fr,Evasion / Account Network,EVASION_FAM_X3-default,0.579,Yes
CT-001490,A-0125,C-009,[non-sensitive coordination],H-9039076,de,Evasion / Account Network,EVASION_FAM_X3-P06,0.607,Yes
CT-001491,A-0114,C-009,[neutral platform activity],H-8413927,de,Evasion / Account Network,EVASION_FAM_X3-P01,0.861,Yes
CT-001492,A-0136,C-009,[repeated target reference],H-3940757,es,Evasion / Account Network,EVASION_FAM_X3-P03,0.736,Yes
CT-001493,A-0121,C-009,[template family B with minor variation],H-7681805,ar,Evasion / Account Network,EVASION_FAM_X3,0.758,Yes
CT-001494,A-0115,C-009,[generic discussion],H-3535194,es,Evasion / Account Network,EVASION_FAM_X3-default,0.615,Yes
CT-001495,A-0115,C-009,[generic discussion],H-6004343,es,Evasion / Account Network,EVASION_FAM_X3-P01,0.66,Yes
CT-001496,A-0135,C-009,[generic discussion],H-7576070,ar,Evasion / Account Network,EVASION_FAM_X3-P06,0.756,Yes
CT-001497,A-0120,C-009,[amplification request placeholder],H-1177423,es,Evasion / Account Network,EVASION_FAM_X3-P08,0.559,Yes
CT-001498,A-0135,C-009,[coded phrase family C],H-2688866,ar,Evasion / Account Network,EVASION_FAM_X3,0.619,Yes
CT-001499,A-0114,C-009,[repeated target reference],H-3940757,de,Evasion / Account Network,EVASION_FAM_X3-P03,0.73,Yes
CT-001500,A-0113,C-009,[research handoff placeholder],H-9835021,de,Evasion / Account Network,EVASION_FAM_X3-P08,0.847,Yes
CT-001501,A-0122,C-009,[target-specific grievance reference],H-9757226,es,Evasion / Account Network,EVASION_FAM_X3-P03,0.886,Yes
CT-001502,A-0116,C-009,[generic discussion],H-3535194,ar,Evasion / Account Network,EVASION_FAM_X3-default,0.854,Yes
CT-001503,A-0136,C-009,[repeated target reference],H-3940757,es,Evasion / Account Network,EVASION_FAM_X3-P03,0.573,Yes
CT-001504,A-0121,C-009,[generic discussion],H-3535194,ar,Evasion / Account Network,EVASION_FAM_X3-default,0.581,Yes
CT-001505,A-0138,C-009,[neutral platform activity],H-1125610,es,Evasion / Account Network,EVASION_FAM_X3-default,0.569,Yes
CT-001506,A-0113,C-009,[generic discussion],H-3535194,de,Evasion / Account Network,EVASION_FAM_X3-default,0.568,Yes
CT-001507,A-0123,C-009,[neutral platform activity],H-1125610,de,Evasion / Account Network,EVASION_FAM_X3-default,0.816,Yes
CT-001508,A-0134,C-009,[amplification request placeholder],H-1177423,fr,Evasion / Account Network,EVASION_FAM_X3-P08,0.643,Yes
CT-001509,A-0128,C-009,[target-specific grievance reference],H-9757226,en,Evasion / Account Network,EVASION_FAM_X3-P03,0.564,Yes
CT-001510,A-0115,C-009,[repeated target reference],H-3940757,es,Evasion / Account Network,EVASION_FAM_X3-P03,0.579,Yes
CT-001511,A-0133,C-009,[non-sensitive coordination],H-0150340,fr,Evasion / Account Network,EVASION_FAM_X3-default,0.638,Yes
CT-001512,A-0124,C-009,[generic discussion],H-3535194,fr,Evasion / Account Network,EVASION_FAM_X3-default,0.603,Yes
CT-001513,A-0128,C-009,[continued focus on same fictional target],H-2326939,en,Evasion / Account Network,EVASION_FAM_X3-P03,0.571,Yes
CT-001514,A-0131,C-009,[continued focus on same fictional target],H-2326939,fr,Evasion / Account Network,EVASION_FAM_X3-P03,0.685,Yes
CT-001515,A-0116,C-009,[neutral platform activity],H-8413927,ar,Evasion / Account Network,EVASION_FAM_X3-P01,0.705,Yes
CT-001516,A-0123,C-009,[amplification request placeholder],H-1177423,de,Evasion / Account Network,EVASION_FAM_X3-P08,0.548,Yes
CT-001517,A-0127,C-009,[neutral platform activity],H-8413927,de,Evasion / Account Network,EVASION_FAM_X3-P01,0.688,Yes
CT-001518,A-0116,C-009,[research handoff placeholder],H-9835021,ar,Evasion / Account Network,EVASION_FAM_X3-P08,0.817,Yes
CT-001519,A-0137,C-009,[repeated target reference],H-3940757,de,Evasion / Account Network,EVASION_FAM_X3-P03,0.796,Yes
CT-001520,A-0118,C-009,[multilingual coded variant],H-0362584,ar,Evasion / Account Network,EVASION_FAM_X3-OBF,0.59,Yes
CT-001521,A-0126,C-009,[obfuscated phrase variant],H-9513918,es,Evasion / Account Network,EVASION_FAM_X3-OBF,0.722,Yes
CT-001522,A-0124,C-009,[neutral platform activity],H-1125610,fr,Evasion / Account Network,EVASION_FAM_X3-default,0.677,Yes
CT-001523,A-0126,C-009,[target-specific grievance reference],H-9757226,es,Evasion / Account Network,EVASION_FAM_X3-P03,0.64,Yes
CT-001524,A-0119,C-009,[non-sensitive coordination],H-0150340,de,Evasion / Account Network,EVASION_FAM_X3-default,0.722,Yes
CT-001525,A-0138,C-009,[target-specific grievance reference],H-9757226,es,Evasion / Account Network,EVASION_FAM_X3-P03,0.815,Yes
CT-001526,A-0137,C-009,[coded phrase family C],H-2688866,de,Evasion / Account Network,EVASION_FAM_X3,0.806,Yes
CT-001527,A-0136,C-009,[repeated target reference],H-3940757,es,Evasion / Account Network,EVASION_FAM_X3-P03,0.675,Yes
CT-001528,A-0115,C-009,[non-sensitive coordination],H-9039076,es,Evasion / Account Network,EVASION_FAM_X3-P06,0.624,Yes
CT-001529,A-0117,C-009,[coded phrase family C],H-2688866,de,Evasion / Account Network,EVASION_FAM_X3,0.745,Yes
CT-001530,A-0136,C-009,[symbol-substituted phrase],H-7857967,es,Evasion / Account Network,EVASION_FAM_X3-OBF,0.887,Yes
CT-001531,A-0120,C-009,[coded phrase family C],H-2688866,es,Evasion / Account Network,EVASION_FAM_X3,0.666,Yes
CT-001532,A-0114,C-009,[non-sensitive coordination],H-9039076,de,Evasion / Account Network,EVASION_FAM_X3-P06,0.692,Yes
CT-001533,A-0123,C-009,[neutral platform activity],H-0014346,de,Evasion / Account Network,EVASION_FAM_X3-P06,0.874,Yes
CT-001534,A-0133,C-009,[neutral platform activity],H-1125610,fr,Evasion / Account Network,EVASION_FAM_X3-default,0.601,Yes
CT-001535,A-0128,C-009,[non-sensitive coordination],H-0150340,en,Evasion / Account Network,EVASION_FAM_X3-default,0.815,Yes
CT-001536,A-0112,C-009,[template family B with minor variation],H-7681805,ar,Evasion / Account Network,EVASION_FAM_X3,0.694,Yes
CT-001537,A-0136,C-009,[generic discussion],H-6004343,es,Evasion / Account Network,EVASION_FAM_X3-P01,0.645,Yes
CT-001538,A-0130,C-009,[coordination instruction placeholder],H-7863818,en,Evasion / Account Network,EVASION_FAM_X3-P08,0.867,Yes
CT-001539,A-0138,C-009,[symbol-substituted phrase],H-7857967,es,Evasion / Account Network,EVASION_FAM_X3-OBF,0.773,Yes
CT-001540,A-0117,C-009,[neutral platform activity],H-8413927,de,Evasion / Account Network,EVASION_FAM_X3-P01,0.76,Yes
CT-001541,A-0129,C-009,[multilingual coded variant],H-0362584,ar,Evasion / Account Network,EVASION_FAM_X3-OBF,0.721,Yes
CT-001542,A-0138,C-009,[generic discussion],H-3535194,es,Evasion / Account Network,EVASION_FAM_X3-default,0.635,Yes
CT-001543,A-0128,C-009,[generic discussion],H-6004343,en,Evasion / Account Network,EVASION_FAM_X3-P01,0.643,Yes
CT-001544,A-0134,C-009,[generic discussion],H-7576070,fr,Evasion / Account Network,EVASION_FAM_X3-P06,0.565,Yes
CT-001545,A-0127,C-009,[non-sensitive coordination],H-0150340,de,Evasion / Account Network,EVASION_FAM_X3-default,0.578,Yes
CT-001546,A-0114,C-009,[non-sensitive coordination],H-9389197,de,Evasion / Account Network,EVASION_FAM_X3-P01,0.577,Yes
CT-001547,A-0123,C-009,[coordination instruction placeholder],H-7863818,de,Evasion / Account Network,EVASION_FAM_X3-P08,0.772,Yes
CT-001548,A-0135,C-009,[coordination instruction placeholder],H-7863818,ar,Evasion / Account Network,EVASION_FAM_X3-P08,0.832,Yes
CT-001549,A-0123,C-009,[coordination instruction placeholder],H-7863818,de,Evasion / Account Network,EVASION_FAM_X3-P08,0.609,Yes
CT-001550,A-0126,C-009,[symbol-substituted phrase],H-7857967,es,Evasion / Account Network,EVASION_FAM_X3-OBF,0.585,Yes
CT-001551,A-0137,C-009,[non-sensitive coordination],H-0150340,de,Evasion / Account Network,EVASION_FAM_X3-default,0.769,Yes
CT-001552,A-0127,C-009,[coded phrase family C],H-2688866,de,Evasion / Account Network,EVASION_FAM_X3,0.822,Yes
CT-001553,A-0130,C-009,[generic discussion],H-3535194,en,Evasion / Account Network,EVASION_FAM_X3-default,0.644,Yes
CT-001554,A-0112,C-009,[amplification request placeholder],H-1177423,ar,Evasion / Account Network,EVASION_FAM_X3-P08,0.887,Yes
CT-001555,A-0138,C-009,[neutral platform activity],H-8413927,es,Evasion / Account Network,EVASION_FAM_X3-P01,0.632,Yes
CT-001556,A-0126,C-009,[coordination instruction placeholder],H-7863818,es,Evasion / Account Network,EVASION_FAM_X3-P08,0.832,Yes
CT-001557,A-0116,C-009,[coordination instruction placeholder],H-7863818,ar,Evasion / Account Network,EVASION_FAM_X3-P08,0.838,Yes
CT-001558,A-0130,C-009,[multilingual coded variant],H-0362584,en,Evasion / Account Network,EVASION_FAM_X3-OBF,0.771,Yes
CT-001559,A-0129,C-009,[neutral platform activity],H-0014346,ar,Evasion / Account Network,EVASION_FAM_X3-P06,0.6,Yes
CT-001560,A-0127,C-009,[generic discussion],H-7576070,de,Evasion / Account Network,EVASION_FAM_X3-P06,0.824,Yes
CT-001561,A-0114,C-009,[repeated target reference],H-3940757,de,Evasion / Account Network,EVASION_FAM_X3-P03,0.715,Yes
CT-001562,A-0126,C-009,[symbol-substituted phrase],H-7857967,es,Evasion / Account Network,EVASION_FAM_X3-OBF,0.785,Yes
CT-001563,A-0118,C-009,[target-specific grievance reference],H-9757226,ar,Evasion / Account Network,EVASION_FAM_X3-P03,0.837,Yes
CT-001564,A-0130,C-009,[non-sensitive coordination],H-0150340,en,Evasion / Account Network,EVASION_FAM_X3-default,0.549,Yes
CT-001565,A-0136,C-009,[neutral platform activity],H-1125610,es,Evasion / Account Network,EVASION_FAM_X3-default,0.555,Yes
CT-001566,A-0138,C-009,[neutral platform activity],H-1125610,es,Evasion / Account Network,EVASION_FAM_X3-default,0.875,Yes
CT-001567,A-0121,C-009,[generic discussion],H-6004343,ar,Evasion / Account Network,EVASION_FAM_X3-P01,0.601,Yes
CT-001568,A-0136,C-009,[neutral platform activity],H-1125610,es,Evasion / Account Network,EVASION_FAM_X3-default,0.764,Yes
CT-001569,A-0116,C-009,[neutral platform activity],H-8413927,ar,Evasion / Account Network,EVASION_FAM_X3-P01,0.866,Yes
CT-001570,A-0124,C-009,[generic discussion],H-6004343,fr,Evasion / Account Network,EVASION_FAM_X3-P01,0.808,Yes
CT-001571,A-0119,C-009,[continued focus on same fictional target],H-2326939,de,Evasion / Account Network,EVASION_FAM_X3-P03,0.659,Yes
CT-001572,A-0128,C-009,[neutral platform activity],H-1125610,en,Evasion / Account Network,EVASION_FAM_X3-default,0.65,Yes
CT-001573,A-0124,C-009,[multilingual coded variant],H-0362584,fr,Evasion / Account Network,EVASION_FAM_X3-OBF,0.589,Yes
CT-001574,A-0113,C-009,[generic discussion],H-7576070,de,Evasion / Account Network,EVASION_FAM_X3-P06,0.553,Yes
CT-001575,A-0134,C-009,[amplification request placeholder],H-1177423,fr,Evasion / Account Network,EVASION_FAM_X3-P08,0.741,Yes
CT-001576,A-0117,C-009,[neutral platform activity],H-1125610,de,Evasion / Account Network,EVASION_FAM_X3-default,0.669,Yes
CT-001577,A-0129,C-009,[non-sensitive coordination],H-0150340,ar,Evasion / Account Network,EVASION_FAM_X3-default,0.834,Yes
CT-001578,A-0133,C-009,[non-sensitive coordination],H-9389197,fr,Evasion / Account Network,EVASION_FAM_X3-P01,0.552,Yes
CT-001579,A-0134,C-009,[research handoff placeholder],H-9835021,fr,Evasion / Account Network,EVASION_FAM_X3-P08,0.628,Yes
CT-001580,A-0118,C-009,[multilingual coded variant],H-0362584,ar,Evasion / Account Network,EVASION_FAM_X3-OBF,0.561,Yes
CT-001581,A-0120,C-009,[neutral platform activity],H-1125610,es,Evasion / Account Network,EVASION_FAM_X3-default,0.614,Yes
CT-001582,A-0115,C-009,[generic discussion],H-3535194,es,Evasion / Account Network,EVASION_FAM_X3-default,0.614,Yes
CT-001583,A-0119,C-009,[non-sensitive coordination],H-9039076,de,Evasion / Account Network,EVASION_FAM_X3-P06,0.67,Yes
CT-001584,A-0134,C-009,[multilingual coded variant],H-0362584,fr,Evasion / Account Network,EVASION_FAM_X3-OBF,0.708,Yes
CT-001585,A-0137,C-009,[non-sensitive coordination],H-0150340,de,Evasion / Account Network,EVASION_FAM_X3-default,0.569,Yes
CT-001586,A-0124,C-009,[target-specific grievance reference],H-9757226,fr,Evasion / Account Network,EVASION_FAM_X3-P03,0.573,Yes
CT-001587,A-0115,C-009,[symbol-substituted phrase],H-7857967,es,Evasion / Account Network,EVASION_FAM_X3-OBF,0.792,Yes
CT-001588,A-0135,C-009,[non-sensitive coordination],H-9039076,ar,Evasion / Account Network,EVASION_FAM_X3-P06,0.846,Yes
CT-001589,A-0134,C-009,[template family B with minor variation],H-7681805,fr,Evasion / Account Network,EVASION_FAM_X3,0.887,Yes
CT-001590,A-0126,C-009,[generic discussion],H-6004343,es,Evasion / Account Network,EVASION_FAM_X3-P01,0.834,Yes
CT-001591,A-0133,C-009,[obfuscated phrase variant],H-9513918,fr,Evasion / Account Network,EVASION_FAM_X3-OBF,0.612,Yes
CT-001592,A-0136,C-009,[amplification request placeholder],H-1177423,es,Evasion / Account Network,EVASION_FAM_X3-P08,0.884,Yes
CT-001593,A-0122,C-009,[template family B with minor variation],H-7681805,es,Evasion / Account Network,EVASION_FAM_X3,0.878,Yes
CT-001594,A-0133,C-009,[template family B with minor variation],H-7681805,fr,Evasion / Account Network,EVASION_FAM_X3,0.567,Yes
CT-001595,A-0128,C-009,[template family B with minor variation],H-7681805,en,Evasion / Account Network,EVASION_FAM_X3,0.546,Yes
CT-001596,A-0122,C-009,[non-sensitive coordination],H-9389197,es,Evasion / Account Network,EVASION_FAM_X3-P01,0.558,Yes
CT-001597,A-0125,C-009,[amplification request placeholder],H-1177423,de,Evasion / Account Network,EVASION_FAM_X3-P08,0.551,Yes
CT-001598,A-0135,C-009,[obfuscated phrase variant],H-9513918,ar,Evasion / Account Network,EVASION_FAM_X3-OBF,0.728,Yes
CT-001599,A-0125,C-009,[neutral platform activity],H-1125610,de,Evasion / Account Network,EVASION_FAM_X3-default,0.698,Yes
CT-001600,A-0129,C-009,[target-specific grievance reference],H-9757226,ar,Evasion / Account Network,EVASION_FAM_X3-P03,0.556,Yes
CT-001601,A-0112,C-009,[neutral platform activity],H-8413927,ar,Evasion / Account Network,EVASION_FAM_X3-P01,0.632,Yes
CT-001602,A-0124,C-009,[symbol-substituted phrase],H-7857967,fr,Evasion / Account Network,EVASION_FAM_X3-OBF,0.64,Yes
CT-001603,A-0125,C-009,[generic discussion],H-3535194,de,Evasion / Account Network,EVASION_FAM_X3-default,0.895,Yes
CT-001604,A-0119,C-009,[repeated target reference],H-3940757,de,Evasion / Account Network,EVASION_FAM_X3-P03,0.555,Yes
CT-001605,A-0117,C-009,[generic discussion],H-7576070,de,Evasion / Account Network,EVASION_FAM_X3-P06,0.621,Yes
CT-001606,A-0125,C-009,[amplification request placeholder],H-1177423,de,Evasion / Account Network,EVASION_FAM_X3-P08,0.882,Yes
CT-001607,A-0137,C-009,[target-specific grievance reference],H-9757226,de,Evasion / Account Network,EVASION_FAM_X3-P03,0.895,Yes
CT-001608,A-0136,C-009,[non-sensitive coordination],H-9389197,es,Evasion / Account Network,EVASION_FAM_X3-P01,0.745,Yes
CT-001609,A-0120,C-009,[template family B with minor variation],H-7681805,es,Evasion / Account Network,EVASION_FAM_X3,0.579,Yes
CT-001610,A-0115,C-009,[research handoff placeholder],H-9835021,es,Evasion / Account Network,EVASION_FAM_X3-P08,0.689,Yes
CT-001611,A-0113,C-009,[non-sensitive coordination],H-0150340,de,Evasion / Account Network,EVASION_FAM_X3-default,0.872,Yes
CT-001612,A-0115,C-009,[neutral platform activity],H-0014346,es,Evasion / Account Network,EVASION_FAM_X3-P06,0.808,Yes
CT-001613,A-0122,C-009,[template family A],H-8456337,es,Evasion / Account Network,EVASION_FAM_X3,0.789,Yes
CT-001614,A-0120,C-009,[neutral platform activity],H-1125610,es,Evasion / Account Network,EVASION_FAM_X3-default,0.606,Yes
CT-001615,A-0132,C-009,[neutral platform activity],H-1125610,de,Evasion / Account Network,EVASION_FAM_X3-default,0.716,Yes
CT-001616,A-0137,C-009,[neutral platform activity],H-1125610,de,Evasion / Account Network,EVASION_FAM_X3-default,0.816,Yes
CT-001617,A-0114,C-009,[template family B with minor variation],H-7681805,de,Evasion / Account Network,EVASION_FAM_X3,0.864,Yes
CT-001618,A-0133,C-009,[generic discussion],H-3535194,fr,Evasion / Account Network,EVASION_FAM_X3-default,0.835,Yes
CT-001619,A-0117,C-009,[continued focus on same fictional target],H-2326939,de,Evasion / Account Network,EVASION_FAM_X3-P03,0.754,Yes
CT-001620,A-0135,C-009,[neutral platform activity],H-0014346,ar,Evasion / Account Network,EVASION_FAM_X3-P06,0.829,Yes
CT-001621,A-0125,C-009,[continued focus on same fictional target],H-2326939,de,Evasion / Account Network,EVASION_FAM_X3-P03,0.6,Yes
CT-001622,A-0113,C-009,[repeated target reference],H-3940757,de,Evasion / Account Network,EVASION_FAM_X3-P03,0.589,Yes
CT-001623,A-0122,C-009,[coordination instruction placeholder],H-7863818,es,Evasion / Account Network,EVASION_FAM_X3-P08,0.804,Yes
CT-001624,A-0115,C-009,[multilingual coded variant],H-0362584,es,Evasion / Account Network,EVASION_FAM_X3-OBF,0.76,Yes
CT-001625,A-0134,C-009,[amplification request placeholder],H-1177423,fr,Evasion / Account Network,EVASION_FAM_X3-P08,0.82,Yes
CT-001626,A-0128,C-009,[neutral platform activity],H-1125610,en,Evasion / Account Network,EVASION_FAM_X3-default,0.594,Yes
CT-001627,A-0119,C-009,[multilingual coded variant],H-0362584,de,Evasion / Account Network,EVASION_FAM_X3-OBF,0.61,Yes
CT-001628,A-0136,C-009,[neutral platform activity],H-1125610,es,Evasion / Account Network,EVASION_FAM_X3-default,0.717,Yes
CT-001629,A-0138,C-009,[neutral platform activity],H-0014346,es,Evasion / Account Network,EVASION_FAM_X3-P06,0.546,Yes
CT-001630,A-0115,C-009,[generic discussion],H-7576070,es,Evasion / Account Network,EVASION_FAM_X3-P06,0.75,Yes
CT-001631,A-0112,C-009,[generic discussion],H-6004343,ar,Evasion / Account Network,EVASION_FAM_X3-P01,0.658,Yes
CT-001632,A-0117,C-009,[generic discussion],H-6004343,de,Evasion / Account Network,EVASION_FAM_X3-P01,0.785,Yes
CT-001633,A-0131,C-009,[neutral platform activity],H-1125610,fr,Evasion / Account Network,EVASION_FAM_X3-default,0.714,Yes
CT-001634,A-0136,C-009,[obfuscated phrase variant],H-9513918,es,Evasion / Account Network,EVASION_FAM_X3-OBF,0.694,Yes
CT-001635,A-0132,C-009,[neutral platform activity],H-0014346,de,Evasion / Account Network,EVASION_FAM_X3-P06,0.787,Yes
CT-001636,A-0133,C-009,[multilingual coded variant],H-0362584,fr,Evasion / Account Network,EVASION_FAM_X3-OBF,0.678,Yes
CT-001637,A-0127,C-009,[generic discussion],H-6004343,de,Evasion / Account Network,EVASION_FAM_X3-P01,0.806,Yes
CT-001638,A-0119,C-009,[neutral platform activity],H-8413927,de,Evasion / Account Network,EVASION_FAM_X3-P01,0.848,Yes
CT-001639,A-0126,C-009,[non-sensitive coordination],H-9389197,es,Evasion / Account Network,EVASION_FAM_X3-P01,0.605,Yes
CT-001640,A-0128,C-009,[generic discussion],H-3535194,en,Evasion / Account Network,EVASION_FAM_X3-default,0.863,Yes
CT-001641,A-0113,C-009,[neutral platform activity],H-8413927,de,Evasion / Account Network,EVASION_FAM_X3-P01,0.646,Yes
CT-001642,A-0114,C-009,[template family A],H-8456337,de,Evasion / Account Network,EVASION_FAM_X3,0.579,Yes
CT-001643,A-0132,C-009,[target-specific grievance reference],H-9757226,de,Evasion / Account Network,EVASION_FAM_X3-P03,0.669,Yes
CT-001644,A-0114,C-009,[non-sensitive coordination],H-0150340,de,Evasion / Account Network,EVASION_FAM_X3-default,0.599,Yes
CT-001645,A-0125,C-009,[generic discussion],H-7576070,de,Evasion / Account Network,EVASION_FAM_X3-P06,0.731,Yes
CT-001646,A-0115,C-009,[amplification request placeholder],H-1177423,es,Evasion / Account Network,EVASION_FAM_X3-P08,0.723,Yes
CT-001647,A-0129,C-009,[repeated target reference],H-3940757,ar,Evasion / Account Network,EVASION_FAM_X3-P03,0.7,Yes
CT-001648,A-0132,C-009,[neutral platform activity],H-0014346,de,Evasion / Account Network,EVASION_FAM_X3-P06,0.561,Yes
CT-001649,A-0129,C-009,[coordination instruction placeholder],H-7863818,ar,Evasion / Account Network,EVASION_FAM_X3-P08,0.702,Yes
CT-001650,A-0123,C-009,[template family B with minor variation],H-7681805,de,Evasion / Account Network,EVASION_FAM_X3,0.671,Yes
CT-001651,A-0128,C-009,[neutral platform activity],H-1125610,en,Evasion / Account Network,EVASION_FAM_X3-default,0.669,Yes
CT-001652,A-0128,C-009,[multilingual coded variant],H-0362584,en,Evasion / Account Network,EVASION_FAM_X3-OBF,0.868,Yes
CT-001653,A-0125,C-009,[symbol-substituted phrase],H-7857967,de,Evasion / Account Network,EVASION_FAM_X3-OBF,0.66,Yes
CT-001654,A-0136,C-009,[repeated target reference],H-3940757,es,Evasion / Account Network,EVASION_FAM_X3-P03,0.591,Yes
CT-001655,A-0121,C-009,[neutral platform activity],H-0014346,ar,Evasion / Account Network,EVASION_FAM_X3-P06,0.675,Yes
CT-001656,A-0120,C-009,[generic discussion],H-3535194,es,Evasion / Account Network,EVASION_FAM_X3-default,0.823,Yes
CT-001657,A-0117,C-009,[obfuscated phrase variant],H-9513918,de,Evasion / Account Network,EVASION_FAM_X3-OBF,0.735,Yes
CT-001658,A-0112,C-009,[non-sensitive coordination],H-0150340,ar,Evasion / Account Network,EVASION_FAM_X3-default,0.779,Yes
CT-001659,A-0118,C-009,[generic discussion],H-3535194,ar,Evasion / Account Network,EVASION_FAM_X3-default,0.779,Yes
CT-001660,A-0135,C-009,[neutral platform activity],H-1125610,ar,Evasion / Account Network,EVASION_FAM_X3-default,0.623,Yes
CT-001661,A-0132,C-009,[multilingual coded variant],H-0362584,de,Evasion / Account Network,EVASION_FAM_X3-OBF,0.816,Yes
CT-001662,A-0135,C-009,[neutral platform activity],H-8413927,ar,Evasion / Account Network,EVASION_FAM_X3-P01,0.867,Yes
CT-001663,A-0138,C-009,[neutral platform activity],H-0014346,es,Evasion / Account Network,EVASION_FAM_X3-P06,0.865,Yes
CT-001664,A-0126,C-009,[repeated target reference],H-3940757,es,Evasion / Account Network,EVASION_FAM_X3-P03,0.627,Yes
CT-001665,A-0136,C-009,[non-sensitive coordination],H-9039076,es,Evasion / Account Network,EVASION_FAM_X3-P06,0.731,Yes
CT-001666,A-0138,C-009,[obfuscated phrase variant],H-9513918,es,Evasion / Account Network,EVASION_FAM_X3-OBF,0.697,Yes
CT-001667,A-0124,C-009,[generic discussion],H-3535194,fr,Evasion / Account Network,EVASION_FAM_X3-default,0.587,Yes
CT-001668,A-0116,C-009,[neutral platform activity],H-1125610,ar,Evasion / Account Network,EVASION_FAM_X3-default,0.875,Yes
CT-001669,A-0129,C-009,[generic discussion],H-3535194,ar,Evasion / Account Network,EVASION_FAM_X3-default,0.798,Yes
CT-001670,A-0124,C-009,[neutral platform activity],H-1125610,fr,Evasion / Account Network,EVASION_FAM_X3-default,0.656,Yes
CT-001671,A-0116,C-009,[generic discussion],H-7576070,ar,Evasion / Account Network,EVASION_FAM_X3-P06,0.701,Yes
CT-001672,A-0132,C-009,[obfuscated phrase variant],H-9513918,de,Evasion / Account Network,EVASION_FAM_X3-OBF,0.652,Yes
CT-001673,A-0125,C-009,[neutral platform activity],H-1125610,de,Evasion / Account Network,EVASION_FAM_X3-default,0.651,Yes
CT-001674,A-0131,C-009,[research handoff placeholder],H-9835021,fr,Evasion / Account Network,EVASION_FAM_X3-P08,0.677,Yes
CT-001675,A-0117,C-009,[neutral platform activity],H-0014346,de,Evasion / Account Network,EVASION_FAM_X3-P06,0.894,Yes
CT-001676,A-0137,C-009,[template family A],H-8456337,de,Evasion / Account Network,EVASION_FAM_X3,0.82,Yes
CT-001677,A-0131,C-009,[non-sensitive coordination],H-0150340,fr,Evasion / Account Network,EVASION_FAM_X3-default,0.586,Yes
CT-001678,A-0116,C-009,[non-sensitive coordination],H-9389197,ar,Evasion / Account Network,EVASION_FAM_X3-P01,0.549,Yes
CT-001679,A-0131,C-009,[coordination instruction placeholder],H-7863818,fr,Evasion / Account Network,EVASION_FAM_X3-P08,0.796,Yes
CT-001680,A-0113,C-009,[symbol-substituted phrase],H-7857967,de,Evasion / Account Network,EVASION_FAM_X3-OBF,0.675,Yes
CT-001681,A-0120,C-009,[amplification request placeholder],H-1177423,es,Evasion / Account Network,EVASION_FAM_X3-P08,0.637,Yes
CT-001682,A-0137,C-009,[non-sensitive coordination],H-0150340,de,Evasion / Account Network,EVASION_FAM_X3-default,0.713,Yes
CT-001683,A-0136,C-009,[non-sensitive coordination],H-9039076,es,Evasion / Account Network,EVASION_FAM_X3-P06,0.657,Yes
CT-001684,A-0136,C-009,[non-sensitive coordination],H-9389197,es,Evasion / Account Network,EVASION_FAM_X3-P01,0.552,Yes
CT-001685,A-0119,C-009,[non-sensitive coordination],H-0150340,de,Evasion / Account Network,EVASION_FAM_X3-default,0.636,Yes
CT-001686,A-0123,C-009,[non-sensitive coordination],H-0150340,de,Evasion / Account Network,EVASION_FAM_X3-default,0.601,Yes
CT-001687,A-0126,C-009,[neutral platform activity],H-1125610,es,Evasion / Account Network,EVASION_FAM_X3-default,0.664,Yes
CT-001688,A-0120,C-009,[template family A],H-8456337,es,Evasion / Account Network,EVASION_FAM_X3,0.87,Yes
CT-001689,A-0120,C-009,[non-sensitive coordination],H-0150340,es,Evasion / Account Network,EVASION_FAM_X3-default,0.592,Yes
CT-001690,A-0113,C-009,[template family A],H-8456337,de,Evasion / Account Network,EVASION_FAM_X3,0.541,Yes
CT-001691,A-0130,C-009,[amplification request placeholder],H-1177423,en,Evasion / Account Network,EVASION_FAM_X3-P08,0.779,Yes
CT-001692,A-0113,C-009,[generic discussion],H-7576070,de,Evasion / Account Network,EVASION_FAM_X3-P06,0.632,Yes
CT-001693,A-0131,C-009,[repeated target reference],H-3940757,fr,Evasion / Account Network,EVASION_FAM_X3-P03,0.781,Yes
CT-001694,A-0134,C-009,[research handoff placeholder],H-9835021,fr,Evasion / Account Network,EVASION_FAM_X3-P08,0.552,Yes
CT-001695,A-0127,C-009,[generic discussion],H-3535194,de,Evasion / Account Network,EVASION_FAM_X3-default,0.769,Yes
CT-001696,A-0131,C-009,[symbol-substituted phrase],H-7857967,fr,Evasion / Account Network,EVASION_FAM_X3-OBF,0.564,Yes
CT-001697,A-0125,C-009,[neutral platform activity],H-0014346,de,Evasion / Account Network,EVASION_FAM_X3-P06,0.798,Yes
CT-001698,A-0122,C-009,[continued focus on same fictional target],H-2326939,es,Evasion / Account Network,EVASION_FAM_X3-P03,0.703,Yes
CT-001699,A-0134,C-009,[non-sensitive coordination],H-0150340,fr,Evasion / Account Network,EVASION_FAM_X3-default,0.596,Yes
CT-001700,A-0113,C-009,[neutral platform activity],H-1125610,de,Evasion / Account Network,EVASION_FAM_X3-default,0.633,Yes
CT-001701,A-0119,C-009,[template family A],H-8456337,de,Evasion / Account Network,EVASION_FAM_X3,0.542,Yes
CT-001702,A-0127,C-009,[non-sensitive coordination],H-0150340,de,Evasion / Account Network,EVASION_FAM_X3-default,0.587,Yes
CT-001703,A-0116,C-009,[amplification request placeholder],H-1177423,ar,Evasion / Account Network,EVASION_FAM_X3-P08,0.732,Yes
CT-001704,A-0134,C-009,[coded phrase family C],H-2688866,fr,Evasion / Account Network,EVASION_FAM_X3,0.867,Yes
CT-001705,A-0112,C-009,[symbol-substituted phrase],H-7857967,ar,Evasion / Account Network,EVASION_FAM_X3-OBF,0.807,Yes
CT-001706,A-0113,C-009,[non-sensitive coordination],H-0150340,de,Evasion / Account Network,EVASION_FAM_X3-default,0.617,Yes
CT-001707,A-0124,C-009,[non-sensitive coordination],H-0150340,fr,Evasion / Account Network,EVASION_FAM_X3-default,0.805,Yes
CT-001708,A-0127,C-009,[generic discussion],H-6004343,de,Evasion / Account Network,EVASION_FAM_X3-P01,0.583,Yes
CT-001709,A-0138,C-009,[non-sensitive coordination],H-9389197,es,Evasion / Account Network,EVASION_FAM_X3-P01,0.667,Yes
CT-001710,A-0129,C-009,[generic discussion],H-7576070,ar,Evasion / Account Network,EVASION_FAM_X3-P06,0.664,Yes
CT-001711,A-0123,C-009,[non-sensitive coordination],H-0150340,de,Evasion / Account Network,EVASION_FAM_X3-default,0.63,Yes
CT-001712,A-0138,C-009,[neutral platform activity],H-1125610,es,Evasion / Account Network,EVASION_FAM_X3-default,0.806,Yes
CT-001713,A-0120,C-009,[research handoff placeholder],H-9835021,es,Evasion / Account Network,EVASION_FAM_X3-P08,0.648,Yes
CT-001714,A-0114,C-009,[generic discussion],H-3535194,de,Evasion / Account Network,EVASION_FAM_X3-default,0.761,Yes
CT-001715,A-0133,C-009,[neutral platform activity],H-1125610,fr,Evasion / Account Network,EVASION_FAM_X3-default,0.646,Yes
CT-001716,A-0117,C-009,[neutral platform activity],H-1125610,de,Evasion / Account Network,EVASION_FAM_X3-default,0.646,Yes
CT-001717,A-0131,C-009,[non-sensitive coordination],H-9039076,fr,Evasion / Account Network,EVASION_FAM_X3-P06,0.642,Yes
CT-001718,A-0124,C-009,[generic discussion],H-3535194,fr,Evasion / Account Network,EVASION_FAM_X3-default,0.669,Yes
CT-001719,A-0133,C-009,[non-sensitive coordination],H-9389197,fr,Evasion / Account Network,EVASION_FAM_X3-P01,0.697,Yes
CT-001720,A-0133,C-009,[target-specific grievance reference],H-9757226,fr,Evasion / Account Network,EVASION_FAM_X3-P03,0.788,Yes
CT-001721,A-0130,C-009,[research handoff placeholder],H-9835021,en,Evasion / Account Network,EVASION_FAM_X3-P08,0.754,Yes
CT-001722,A-0132,C-009,[template family B with minor variation],H-7681805,de,Evasion / Account Network,EVASION_FAM_X3,0.873,Yes
CT-001723,A-0136,C-009,[generic discussion],H-3535194,es,Evasion / Account Network,EVASION_FAM_X3-default,0.759,Yes
CT-001724,A-0122,C-009,[neutral platform activity],H-1125610,es,Evasion / Account Network,EVASION_FAM_X3-default,0.672,Yes
CT-001725,A-0112,C-009,[neutral platform activity],H-1125610,ar,Evasion / Account Network,EVASION_FAM_X3-default,0.583,Yes
CT-001726,A-0116,C-009,[obfuscated phrase variant],H-9513918,ar,Evasion / Account Network,EVASION_FAM_X3-OBF,0.784,Yes
CT-001727,A-0113,C-009,[research handoff placeholder],H-9835021,de,Evasion / Account Network,EVASION_FAM_X3-P08,0.577,Yes
CT-001728,A-0125,C-009,[template family B with minor variation],H-7681805,de,Evasion / Account Network,EVASION_FAM_X3,0.575,Yes
CT-001729,A-0123,C-009,[template family B with minor variation],H-7681805,de,Evasion / Account Network,EVASION_FAM_X3,0.864,Yes
CT-001730,A-0119,C-009,[obfuscated phrase variant],H-9513918,de,Evasion / Account Network,EVASION_FAM_X3-OBF,0.64,Yes
CT-001731,A-0113,C-009,[generic discussion],H-3535194,de,Evasion / Account Network,EVASION_FAM_X3-default,0.818,Yes
CT-001732,A-0126,C-009,[coordination instruction placeholder],H-7863818,es,Evasion / Account Network,EVASION_FAM_X3-P08,0.867,Yes
CT-001733,A-0132,C-009,[non-sensitive coordination],H-0150340,de,Evasion / Account Network,EVASION_FAM_X3-default,0.617,Yes
CT-001734,A-0138,C-009,[neutral platform activity],H-8413927,es,Evasion / Account Network,EVASION_FAM_X3-P01,0.756,Yes
CT-001735,A-0135,C-009,[coordination instruction placeholder],H-7863818,ar,Evasion / Account Network,EVASION_FAM_X3-P08,0.596,Yes
CT-001736,A-0137,C-009,[amplification request placeholder],H-1177423,de,Evasion / Account Network,EVASION_FAM_X3-P08,0.619,Yes
CT-001737,A-0120,C-009,[template family B with minor variation],H-7681805,es,Evasion / Account Network,EVASION_FAM_X3,0.791,Yes
CT-001738,A-0124,C-009,[template family B with minor variation],H-7681805,fr,Evasion / Account Network,EVASION_FAM_X3,0.883,Yes
CT-001739,A-0115,C-009,[coded phrase family C],H-2688866,es,Evasion / Account Network,EVASION_FAM_X3,0.876,Yes
CT-001740,A-0122,C-009,[research handoff placeholder],H-9835021,es,Evasion / Account Network,EVASION_FAM_X3-P08,0.756,Yes
CT-001741,A-0127,C-009,[research handoff placeholder],H-9835021,de,Evasion / Account Network,EVASION_FAM_X3-P08,0.806,Yes
CT-001742,A-0117,C-009,[generic discussion],H-6004343,de,Evasion / Account Network,EVASION_FAM_X3-P01,0.654,Yes
CT-001743,A-0121,C-009,[generic discussion],H-3535194,ar,Evasion / Account Network,EVASION_FAM_X3-default,0.838,Yes
CT-001744,A-0120,C-009,[generic discussion],H-6004343,es,Evasion / Account Network,EVASION_FAM_X3-P01,0.575,Yes
CT-001745,A-0126,C-009,[neutral platform activity],H-1125610,es,Evasion / Account Network,EVASION_FAM_X3-default,0.695,Yes
CT-001746,A-0115,C-009,[repeated target reference],H-3940757,es,Evasion / Account Network,EVASION_FAM_X3-P03,0.69,Yes
CT-001747,A-0136,C-009,[generic discussion],H-3535194,es,Evasion / Account Network,EVASION_FAM_X3-default,0.755,Yes
CT-001748,A-0135,C-009,[template family A],H-8456337,ar,Evasion / Account Network,EVASION_FAM_X3,0.61,Yes
CT-001749,A-0137,C-009,[generic discussion],H-6004343,de,Evasion / Account Network,EVASION_FAM_X3-P01,0.672,Yes
CT-001750,A-0137,C-009,[template family B with minor variation],H-7681805,de,Evasion / Account Network,EVASION_FAM_X3,0.836,Yes
CT-001751,A-0128,C-009,[coordination instruction placeholder],H-7863818,en,Evasion / Account Network,EVASION_FAM_X3-P08,0.671,Yes
CT-001752,A-0117,C-009,[neutral platform activity],H-1125610,de,Evasion / Account Network,EVASION_FAM_X3-default,0.781,Yes
CT-001753,A-0120,C-009,[generic discussion],H-6004343,es,Evasion / Account Network,EVASION_FAM_X3-P01,0.703,Yes
CT-001754,A-0121,C-009,[neutral platform activity],H-0014346,ar,Evasion / Account Network,EVASION_FAM_X3-P06,0.818,Yes
CT-001755,A-0125,C-009,[repeated target reference],H-3940757,de,Evasion / Account Network,EVASION_FAM_X3-P03,0.545,Yes
CT-001756,A-0114,C-009,[repeated target reference],H-3940757,de,Evasion / Account Network,EVASION_FAM_X3-P03,0.894,Yes
CT-001757,A-0123,C-009,[neutral platform activity],H-1125610,de,Evasion / Account Network,EVASION_FAM_X3-default,0.83,Yes
CT-001758,A-0125,C-009,[obfuscated phrase variant],H-9513918,de,Evasion / Account Network,EVASION_FAM_X3-OBF,0.899,Yes
CT-001759,A-0124,C-009,[target-specific grievance reference],H-9757226,fr,Evasion / Account Network,EVASION_FAM_X3-P03,0.889,Yes
CT-001760,A-0120,C-009,[research handoff placeholder],H-9835021,es,Evasion / Account Network,EVASION_FAM_X3-P08,0.79,Yes
CT-001761,A-0130,C-009,[symbol-substituted phrase],H-7857967,en,Evasion / Account Network,EVASION_FAM_X3-OBF,0.713,Yes
CT-001762,A-0119,C-009,[template family A],H-8456337,de,Evasion / Account Network,EVASION_FAM_X3,0.737,Yes
CT-001763,A-0112,C-009,[template family B with minor variation],H-7681805,ar,Evasion / Account Network,EVASION_FAM_X3,0.54,Yes
CT-001764,A-0131,C-009,[non-sensitive coordination],H-0150340,fr,Evasion / Account Network,EVASION_FAM_X3-default,0.707,Yes
CT-001765,A-0122,C-009,[multilingual coded variant],H-0362584,es,Evasion / Account Network,EVASION_FAM_X3-OBF,0.607,Yes
CT-001766,A-0113,C-009,[symbol-substituted phrase],H-7857967,de,Evasion / Account Network,EVASION_FAM_X3-OBF,0.838,Yes
CT-001767,A-0112,C-009,[symbol-substituted phrase],H-7857967,ar,Evasion / Account Network,EVASION_FAM_X3-OBF,0.879,Yes
CT-001768,A-0134,C-009,[non-sensitive coordination],H-9039076,fr,Evasion / Account Network,EVASION_FAM_X3-P06,0.745,Yes
CT-001769,A-0122,C-009,[neutral platform activity],H-1125610,es,Evasion / Account Network,EVASION_FAM_X3-default,0.882,Yes
CT-001770,A-0125,C-009,[generic discussion],H-6004343,de,Evasion / Account Network,EVASION_FAM_X3-P01,0.627,Yes
CT-001771,A-0125,C-009,[obfuscated phrase variant],H-9513918,de,Evasion / Account Network,EVASION_FAM_X3-OBF,0.679,Yes
CT-001772,A-0126,C-009,[generic discussion],H-6004343,es,Evasion / Account Network,EVASION_FAM_X3-P01,0.782,Yes
CT-001773,A-0130,C-009,[non-sensitive coordination],H-9389197,en,Evasion / Account Network,EVASION_FAM_X3-P01,0.872,Yes
CT-001774,A-0133,C-009,[template family B with minor variation],H-7681805,fr,Evasion / Account Network,EVASION_FAM_X3,0.679,Yes
CT-001775,A-0114,C-009,[generic discussion],H-6004343,de,Evasion / Account Network,EVASION_FAM_X3-P01,0.556,Yes
CT-001776,A-0117,C-009,[obfuscated phrase variant],H-9513918,de,Evasion / Account Network,EVASION_FAM_X3-OBF,0.594,Yes
CT-001777,A-0126,C-009,[target-specific grievance reference],H-9757226,es,Evasion / Account Network,EVASION_FAM_X3-P03,0.85,Yes
CT-001778,A-0135,C-009,[neutral platform activity],H-1125610,ar,Evasion / Account Network,EVASION_FAM_X3-default,0.846,Yes
CT-001779,A-0114,C-009,[repeated target reference],H-3940757,de,Evasion / Account Network,EVASION_FAM_X3-P03,0.657,Yes
CT-001780,A-0137,C-009,[non-sensitive coordination],H-0150340,de,Evasion / Account Network,EVASION_FAM_X3-default,0.634,Yes
CT-001781,A-0124,C-009,[repeated target reference],H-3940757,fr,Evasion / Account Network,EVASION_FAM_X3-P03,0.68,Yes
CT-001782,A-0115,C-009,[coded phrase family C],H-2688866,es,Evasion / Account Network,EVASION_FAM_X3,0.676,Yes
CT-001783,A-0138,C-009,[template family A],H-8456337,es,Evasion / Account Network,EVASION_FAM_X3,0.637,Yes
CT-001784,A-0147,C-010,[generic discussion],H-5362021,en,False-Positive Control,EVENT_FAM_X4-P05,0.01,Yes
CT-001785,A-0139,C-010,[benign scheduling message],H-3629325,en,False-Positive Control,BENIGN-COORDINATION,0.01,Yes
CT-001786,A-0157,C-010,[generic discussion],H-5362021,es,False-Positive Control,EVENT_FAM_X4-P05,0.068,Yes
CT-001787,A-0145,C-010,[neutral platform activity],H-4318580,es,False-Positive Control,EVENT_FAM_X4-default,0.044,Yes
CT-001788,A-0141,C-010,[neutral platform activity],H-9043347,en,False-Positive Control,EVENT_FAM_X4-P02,0.283,Yes
CT-001789,A-0141,C-010,[lawful event logistics],H-0703371,en,False-Positive Control,BENIGN-COORDINATION,0.292,Yes
CT-001790,A-0158,C-010,[neutral platform activity],H-1904388,en,False-Positive Control,EVENT_FAM_X4-P05,0.01,Yes
CT-001791,A-0145,C-010,[non-sensitive coordination],H-2879658,es,False-Positive Control,EVENT_FAM_X4-P05,0.124,Yes
CT-001792,A-0143,C-010,[generic discussion],H-5362021,en,False-Positive Control,EVENT_FAM_X4-P05,0.239,Yes
CT-001793,A-0154,C-010,[non-sensitive coordination],H-5293850,es,False-Positive Control,EVENT_FAM_X4-default,0.168,Yes
CT-001794,A-0158,C-010,[generic discussion],H-1420299,en,False-Positive Control,EVENT_FAM_X4-default,0.132,Yes
CT-001795,A-0142,C-010,[benign scheduling message],H-3629325,en,False-Positive Control,BENIGN-COORDINATION,0.229,Yes
CT-001796,A-0158,C-010,[non-sensitive coordination],H-8068077,en,False-Positive Control,EVENT_FAM_X4-P02,0.37,Yes
CT-001797,A-0151,C-010,[coded phrase family C],H-3894953,es,False-Positive Control,EVENT_FAM_X4,0.092,Yes
CT-001798,A-0156,C-010,[mutual-aid coordination],H-5150997,es,False-Positive Control,BENIGN-COORDINATION,0.391,Yes
CT-001799,A-0153,C-010,[non-sensitive coordination],H-5293850,en,False-Positive Control,EVENT_FAM_X4-default,0.249,Yes
CT-001800,A-0140,C-010,[template family B with minor variation],H-4265624,en,False-Positive Control,EVENT_FAM_X4,0.383,Yes
CT-001801,A-0142,C-010,[neutral platform activity],H-1904388,en,False-Positive Control,EVENT_FAM_X4-P05,0.16,Yes
CT-001802,A-0150,C-010,[neutral platform activity],H-4318580,es,False-Positive Control,EVENT_FAM_X4-default,0.133,Yes
CT-001803,A-0152,C-010,[neutral platform activity],H-9043347,es,False-Positive Control,EVENT_FAM_X4-P02,0.397,Yes
CT-001804,A-0144,C-010,[generic discussion],H-8547069,es,False-Positive Control,EVENT_FAM_X4-P02,0.144,Yes
CT-001805,A-0144,C-010,[generic discussion],H-1420299,es,False-Positive Control,EVENT_FAM_X4-default,0.093,Yes
CT-001806,A-0149,C-010,[generic discussion],H-1420299,es,False-Positive Control,EVENT_FAM_X4-default,0.296,Yes
CT-001807,A-0150,C-010,[neutral platform activity],H-4318580,es,False-Positive Control,EVENT_FAM_X4-default,0.245,Yes
CT-001808,A-0143,C-010,[neutral platform activity],H-4318580,en,False-Positive Control,EVENT_FAM_X4-default,0.297,Yes
CT-001809,A-0140,C-010,[neutral platform activity],H-1904388,en,False-Positive Control,EVENT_FAM_X4-P05,0.01,Yes
CT-001810,A-0140,C-010,[generic discussion],H-8547069,en,False-Positive Control,EVENT_FAM_X4-P02,0.366,Yes
CT-001811,A-0151,C-010,[mutual-aid coordination],H-5150997,es,False-Positive Control,BENIGN-COORDINATION,0.309,Yes
CT-001812,A-0157,C-010,[generic discussion],H-5362021,es,False-Positive Control,EVENT_FAM_X4-P05,0.085,Yes
CT-001813,A-0141,C-010,[non-sensitive coordination],H-5293850,en,False-Positive Control,EVENT_FAM_X4-default,0.123,Yes
CT-001814,A-0141,C-010,[generic discussion],H-8547069,en,False-Positive Control,EVENT_FAM_X4-P02,0.292,Yes
CT-001815,A-0155,C-010,[neutral platform activity],H-9043347,en,False-Positive Control,EVENT_FAM_X4-P02,0.081,Yes
CT-001816,A-0154,C-010,[non-sensitive coordination],H-5293850,es,False-Positive Control,EVENT_FAM_X4-default,0.146,Yes
CT-001817,A-0139,C-010,[neutral platform activity],H-4318580,en,False-Positive Control,EVENT_FAM_X4-default,0.045,Yes
CT-001818,A-0141,C-010,[neutral platform activity],H-4318580,en,False-Positive Control,EVENT_FAM_X4-default,0.172,Yes
CT-001819,A-0152,C-010,[benign scheduling message],H-3629325,es,False-Positive Control,BENIGN-COORDINATION,0.01,Yes
CT-001820,A-0150,C-010,[neutral platform activity],H-9043347,es,False-Positive Control,EVENT_FAM_X4-P02,0.404,Yes
CT-001821,A-0142,C-010,[neutral platform activity],H-4318580,en,False-Positive Control,EVENT_FAM_X4-default,0.191,Yes
CT-001822,A-0139,C-010,[non-sensitive coordination],H-2879658,en,False-Positive Control,EVENT_FAM_X4-P05,0.12,Yes
CT-001823,A-0139,C-010,[generic discussion],H-1420299,en,False-Positive Control,EVENT_FAM_X4-default,0.297,Yes
CT-001824,A-0156,C-010,[neutral platform activity],H-4318580,es,False-Positive Control,EVENT_FAM_X4-default,0.138,Yes
CT-001825,A-0156,C-010,[generic discussion],H-8547069,es,False-Positive Control,EVENT_FAM_X4-P02,0.051,Yes
CT-001826,A-0144,C-010,[mutual-aid coordination],H-5150997,es,False-Positive Control,BENIGN-COORDINATION,0.177,Yes
CT-001827,A-0147,C-010,[template family A],H-0183331,en,False-Positive Control,EVENT_FAM_X4,0.341,Yes
CT-001828,A-0150,C-010,[generic discussion],H-5362021,es,False-Positive Control,EVENT_FAM_X4-P05,0.076,Yes
CT-001829,A-0143,C-010,[neutral platform activity],H-4318580,en,False-Positive Control,EVENT_FAM_X4-default,0.207,Yes
CT-001830,A-0154,C-010,[non-sensitive coordination],H-5293850,es,False-Positive Control,EVENT_FAM_X4-default,0.335,Yes
CT-001831,A-0139,C-010,[neutral platform activity],H-4318580,en,False-Positive Control,EVENT_FAM_X4-default,0.063,Yes
CT-001832,A-0154,C-010,[neutral platform activity],H-9043347,es,False-Positive Control,EVENT_FAM_X4-P02,0.191,Yes
CT-001833,A-0139,C-010,[neutral platform activity],H-9043347,en,False-Positive Control,EVENT_FAM_X4-P02,0.249,Yes
CT-001834,A-0153,C-010,[lawful event logistics],H-0703371,en,False-Positive Control,BENIGN-COORDINATION,0.287,Yes
CT-001835,A-0145,C-010,[generic discussion],H-8547069,es,False-Positive Control,EVENT_FAM_X4-P02,0.01,Yes
CT-001836,A-0147,C-010,[non-sensitive coordination],H-5293850,en,False-Positive Control,EVENT_FAM_X4-default,0.187,Yes
CT-001837,A-0147,C-010,[non-sensitive coordination],H-5293850,en,False-Positive Control,EVENT_FAM_X4-default,0.055,Yes
CT-001838,A-0153,C-010,[lawful event logistics],H-0703371,en,False-Positive Control,BENIGN-COORDINATION,0.147,Yes
CT-001839,A-0154,C-010,[benign scheduling message],H-3629325,es,False-Positive Control,BENIGN-COORDINATION,0.07,Yes
CT-001840,A-0148,C-010,[neutral platform activity],H-9043347,es,False-Positive Control,EVENT_FAM_X4-P02,0.102,Yes
CT-001841,A-0148,C-010,[neutral platform activity],H-9043347,es,False-Positive Control,EVENT_FAM_X4-P02,0.01,Yes
CT-001842,A-0158,C-010,[neutral platform activity],H-1904388,en,False-Positive Control,EVENT_FAM_X4-P05,0.194,Yes
CT-001843,A-0142,C-010,[coded phrase family C],H-3894953,en,False-Positive Control,EVENT_FAM_X4,0.134,Yes
CT-001844,A-0151,C-010,[benign scheduling message],H-3629325,es,False-Positive Control,BENIGN-COORDINATION,0.136,Yes
CT-001845,A-0148,C-010,[non-sensitive coordination],H-5293850,es,False-Positive Control,EVENT_FAM_X4-default,0.246,Yes
CT-001846,A-0144,C-010,[non-sensitive coordination],H-2879658,es,False-Positive Control,EVENT_FAM_X4-P05,0.137,Yes
CT-001847,A-0151,C-010,[generic discussion],H-5362021,es,False-Positive Control,EVENT_FAM_X4-P05,0.058,Yes
CT-001848,A-0152,C-010,[template family B with minor variation],H-4265624,es,False-Positive Control,EVENT_FAM_X4,0.125,Yes
CT-001849,A-0143,C-010,[mutual-aid coordination],H-5150997,en,False-Positive Control,BENIGN-COORDINATION,0.171,Yes
CT-001850,A-0153,C-010,[neutral platform activity],H-4318580,en,False-Positive Control,EVENT_FAM_X4-default,0.099,Yes
CT-001851,A-0149,C-010,[generic discussion],H-8547069,es,False-Positive Control,EVENT_FAM_X4-P02,0.187,Yes
CT-001852,A-0155,C-010,[neutral platform activity],H-4318580,en,False-Positive Control,EVENT_FAM_X4-default,0.074,Yes
CT-001853,A-0141,C-010,[generic discussion],H-1420299,en,False-Positive Control,EVENT_FAM_X4-default,0.095,Yes
CT-001854,A-0151,C-010,[generic discussion],H-1420299,es,False-Positive Control,EVENT_FAM_X4-default,0.196,Yes
CT-001855,A-0152,C-010,[coded phrase family C],H-3894953,es,False-Positive Control,EVENT_FAM_X4,0.06,Yes
CT-001856,A-0154,C-010,[non-sensitive coordination],H-5293850,es,False-Positive Control,EVENT_FAM_X4-default,0.227,Yes
CT-001857,A-0154,C-010,[template family B with minor variation],H-4265624,es,False-Positive Control,EVENT_FAM_X4,0.15,Yes
CT-001858,A-0155,C-010,[neutral platform activity],H-9043347,en,False-Positive Control,EVENT_FAM_X4-P02,0.094,Yes
CT-001859,A-0140,C-010,[generic discussion],H-1420299,en,False-Positive Control,EVENT_FAM_X4-default,0.133,Yes
CT-001860,A-0153,C-010,[coded phrase family C],H-3894953,en,False-Positive Control,EVENT_FAM_X4,0.1,Yes
CT-001861,A-0158,C-010,[non-sensitive coordination],H-5293850,en,False-Positive Control,EVENT_FAM_X4-default,0.108,Yes
CT-001862,A-0141,C-010,[neutral platform activity],H-9043347,en,False-Positive Control,EVENT_FAM_X4-P02,0.244,Yes
CT-001863,A-0157,C-010,[non-sensitive coordination],H-5293850,es,False-Positive Control,EVENT_FAM_X4-default,0.111,Yes
CT-001864,A-0142,C-010,[neutral platform activity],H-4318580,en,False-Positive Control,EVENT_FAM_X4-default,0.287,Yes
CT-001865,A-0139,C-010,[neutral platform activity],H-9043347,en,False-Positive Control,EVENT_FAM_X4-P02,0.134,Yes
CT-001866,A-0155,C-010,[neutral platform activity],H-4318580,en,False-Positive Control,EVENT_FAM_X4-default,0.262,Yes
CT-001867,A-0144,C-010,[generic discussion],H-5362021,es,False-Positive Control,EVENT_FAM_X4-P05,0.01,Yes
CT-001868,A-0150,C-010,[non-sensitive coordination],H-8068077,es,False-Positive Control,EVENT_FAM_X4-P02,0.04,Yes
CT-001869,A-0156,C-010,[generic discussion],H-5362021,es,False-Positive Control,EVENT_FAM_X4-P05,0.216,Yes
CT-001870,A-0152,C-010,[non-sensitive coordination],H-5293850,es,False-Positive Control,EVENT_FAM_X4-default,0.079,Yes
CT-001871,A-0153,C-010,[neutral platform activity],H-9043347,en,False-Positive Control,EVENT_FAM_X4-P02,0.01,Yes
CT-001872,A-0140,C-010,[generic discussion],H-1420299,en,False-Positive Control,EVENT_FAM_X4-default,0.269,Yes
CT-001873,A-0158,C-010,[lawful event logistics],H-0703371,en,False-Positive Control,BENIGN-COORDINATION,0.042,Yes
CT-001874,A-0157,C-010,[neutral platform activity],H-4318580,es,False-Positive Control,EVENT_FAM_X4-default,0.346,Yes
CT-001875,A-0150,C-010,[coded phrase family C],H-3894953,es,False-Positive Control,EVENT_FAM_X4,0.211,Yes
CT-001876,A-0152,C-010,[generic discussion],H-1420299,es,False-Positive Control,EVENT_FAM_X4-default,0.176,Yes
CT-001877,A-0155,C-010,[neutral platform activity],H-1904388,en,False-Positive Control,EVENT_FAM_X4-P05,0.137,Yes
CT-001878,A-0143,C-010,[template family A],H-0183331,en,False-Positive Control,EVENT_FAM_X4,0.171,Yes
CT-001879,A-0152,C-010,[neutral platform activity],H-4318580,es,False-Positive Control,EVENT_FAM_X4-default,0.265,Yes
CT-001880,A-0156,C-010,[lawful event logistics],H-0703371,es,False-Positive Control,BENIGN-COORDINATION,0.195,Yes
CT-001881,A-0150,C-010,[non-sensitive coordination],H-5293850,es,False-Positive Control,EVENT_FAM_X4-default,0.014,Yes
CT-001882,A-0153,C-010,[template family B with minor variation],H-4265624,en,False-Positive Control,EVENT_FAM_X4,0.324,Yes
CT-001883,A-0151,C-010,[coded phrase family C],H-3894953,es,False-Positive Control,EVENT_FAM_X4,0.01,Yes
CT-001884,A-0146,C-010,[benign scheduling message],H-3629325,en,False-Positive Control,BENIGN-COORDINATION,0.149,Yes
CT-001885,A-0146,C-010,[generic discussion],H-1420299,en,False-Positive Control,EVENT_FAM_X4-default,0.271,Yes
CT-001886,A-0148,C-010,[benign scheduling message],H-3629325,es,False-Positive Control,BENIGN-COORDINATION,0.088,Yes
CT-001887,A-0142,C-010,[coded phrase family C],H-3894953,en,False-Positive Control,EVENT_FAM_X4,0.024,Yes
CT-001888,A-0154,C-010,[template family B with minor variation],H-4265624,es,False-Positive Control,EVENT_FAM_X4,0.025,Yes
CT-001889,A-0148,C-010,[non-sensitive coordination],H-5293850,es,False-Positive Control,EVENT_FAM_X4-default,0.108,Yes
CT-001890,A-0154,C-010,[generic discussion],H-1420299,es,False-Positive Control,EVENT_FAM_X4-default,0.111,Yes
CT-001891,A-0147,C-010,[template family B with minor variation],H-4265624,en,False-Positive Control,EVENT_FAM_X4,0.194,Yes
CT-001892,A-0145,C-010,[neutral platform activity],H-1904388,es,False-Positive Control,EVENT_FAM_X4-P05,0.285,Yes
CT-001893,A-0142,C-010,[generic discussion],H-1420299,en,False-Positive Control,EVENT_FAM_X4-default,0.282,Yes
CT-001894,A-0142,C-010,[generic discussion],H-8547069,en,False-Positive Control,EVENT_FAM_X4-P02,0.096,Yes
CT-001895,A-0151,C-010,[neutral platform activity],H-4318580,es,False-Positive Control,EVENT_FAM_X4-default,0.079,Yes
CT-001896,A-0141,C-010,[non-sensitive coordination],H-5293850,en,False-Positive Control,EVENT_FAM_X4-default,0.225,Yes
CT-001897,A-0153,C-010,[generic discussion],H-8547069,en,False-Positive Control,EVENT_FAM_X4-P02,0.259,Yes
CT-001898,A-0145,C-010,[neutral platform activity],H-4318580,es,False-Positive Control,EVENT_FAM_X4-default,0.083,Yes
CT-001899,A-0143,C-010,[neutral platform activity],H-4318580,en,False-Positive Control,EVENT_FAM_X4-default,0.371,Yes
CT-001900,A-0155,C-010,[lawful event logistics],H-0703371,en,False-Positive Control,BENIGN-COORDINATION,0.091,Yes
CT-001901,A-0151,C-010,[coded phrase family C],H-3894953,es,False-Positive Control,EVENT_FAM_X4,0.167,Yes
CT-001902,A-0146,C-010,[neutral platform activity],H-1904388,en,False-Positive Control,EVENT_FAM_X4-P05,0.14,Yes
CT-001903,A-0156,C-010,[benign scheduling message],H-3629325,es,False-Positive Control,BENIGN-COORDINATION,0.01,Yes
CT-001904,A-0144,C-010,[template family B with minor variation],H-4265624,es,False-Positive Control,EVENT_FAM_X4,0.361,Yes
CT-001905,A-0154,C-010,[neutral platform activity],H-1904388,es,False-Positive Control,EVENT_FAM_X4-P05,0.275,Yes
CT-001906,A-0148,C-010,[neutral platform activity],H-4318580,es,False-Positive Control,EVENT_FAM_X4-default,0.183,Yes
CT-001907,A-0153,C-010,[template family A],H-0183331,en,False-Positive Control,EVENT_FAM_X4,0.134,Yes
CT-001908,A-0145,C-010,[benign scheduling message],H-3629325,es,False-Positive Control,BENIGN-COORDINATION,0.357,Yes
CT-001909,A-0153,C-010,[non-sensitive coordination],H-2879658,en,False-Positive Control,EVENT_FAM_X4-P05,0.041,Yes
CT-001910,A-0145,C-010,[generic discussion],H-1420299,es,False-Positive Control,EVENT_FAM_X4-default,0.063,Yes
CT-001911,A-0144,C-010,[template family B with minor variation],H-4265624,es,False-Positive Control,EVENT_FAM_X4,0.245,Yes
CT-001912,A-0142,C-010,[neutral platform activity],H-4318580,en,False-Positive Control,EVENT_FAM_X4-default,0.26,Yes
CT-001913,A-0154,C-010,[template family A],H-0183331,es,False-Positive Control,EVENT_FAM_X4,0.208,Yes
CT-001914,A-0149,C-010,[neutral platform activity],H-4318580,es,False-Positive Control,EVENT_FAM_X4-default,0.431,Yes
CT-001915,A-0147,C-010,[non-sensitive coordination],H-8068077,en,False-Positive Control,EVENT_FAM_X4-P02,0.234,Yes
CT-001916,A-0146,C-010,[generic discussion],H-1420299,en,False-Positive Control,EVENT_FAM_X4-default,0.016,Yes
CT-001917,A-0158,C-010,[neutral platform activity],H-4318580,en,False-Positive Control,EVENT_FAM_X4-default,0.193,Yes
CT-001918,A-0145,C-010,[non-sensitive coordination],H-8068077,es,False-Positive Control,EVENT_FAM_X4-P02,0.393,Yes
CT-001919,A-0157,C-010,[non-sensitive coordination],H-5293850,es,False-Positive Control,EVENT_FAM_X4-default,0.061,Yes
CT-001920,A-0150,C-010,[generic discussion],H-1420299,es,False-Positive Control,EVENT_FAM_X4-default,0.143,Yes
CT-001921,A-0151,C-010,[neutral platform activity],H-4318580,es,False-Positive Control,EVENT_FAM_X4-default,0.233,Yes
CT-001922,A-0145,C-010,[coded phrase family C],H-3894953,es,False-Positive Control,EVENT_FAM_X4,0.193,Yes
CT-001923,A-0151,C-010,[mutual-aid coordination],H-5150997,es,False-Positive Control,BENIGN-COORDINATION,0.033,Yes
CT-001924,A-0146,C-010,[non-sensitive coordination],H-5293850,en,False-Positive Control,EVENT_FAM_X4-default,0.01,Yes
CT-001925,A-0140,C-010,[template family B with minor variation],H-4265624,en,False-Positive Control,EVENT_FAM_X4,0.042,Yes
CT-001926,A-0140,C-010,[neutral platform activity],H-1904388,en,False-Positive Control,EVENT_FAM_X4-P05,0.01,Yes
CT-001927,A-0143,C-010,[neutral platform activity],H-9043347,en,False-Positive Control,EVENT_FAM_X4-P02,0.275,Yes
CT-001928,A-0152,C-010,[non-sensitive coordination],H-8068077,es,False-Positive Control,EVENT_FAM_X4-P02,0.362,Yes
CT-001929,A-0140,C-010,[generic discussion],H-1420299,en,False-Positive Control,EVENT_FAM_X4-default,0.087,Yes
CT-001930,A-0148,C-010,[template family B with minor variation],H-4265624,es,False-Positive Control,EVENT_FAM_X4,0.2,Yes
CT-001931,A-0157,C-010,[non-sensitive coordination],H-8068077,es,False-Positive Control,EVENT_FAM_X4-P02,0.085,Yes
CT-001932,A-0140,C-010,[template family A],H-0183331,en,False-Positive Control,EVENT_FAM_X4,0.246,Yes
CT-001933,A-0157,C-010,[generic discussion],H-5362021,es,False-Positive Control,EVENT_FAM_X4-P05,0.114,Yes
CT-001934,A-0140,C-010,[neutral platform activity],H-4318580,en,False-Positive Control,EVENT_FAM_X4-default,0.01,Yes
CT-001935,A-0146,C-010,[template family A],H-0183331,en,False-Positive Control,EVENT_FAM_X4,0.067,Yes
CT-001936,A-0151,C-010,[neutral platform activity],H-1904388,es,False-Positive Control,EVENT_FAM_X4-P05,0.169,Yes
CT-001937,A-0141,C-010,[non-sensitive coordination],H-5293850,en,False-Positive Control,EVENT_FAM_X4-default,0.342,Yes
CT-001938,A-0150,C-010,[neutral platform activity],H-4318580,es,False-Positive Control,EVENT_FAM_X4-default,0.035,Yes
CT-001939,A-0149,C-010,[neutral platform activity],H-1904388,es,False-Positive Control,EVENT_FAM_X4-P05,0.123,Yes
CT-001940,A-0153,C-010,[neutral platform activity],H-1904388,en,False-Positive Control,EVENT_FAM_X4-P05,0.022,Yes
CT-001941,A-0156,C-010,[generic discussion],H-1420299,es,False-Positive Control,EVENT_FAM_X4-default,0.212,Yes
CT-001942,A-0154,C-010,[non-sensitive coordination],H-8068077,es,False-Positive Control,EVENT_FAM_X4-P02,0.412,Yes
CT-001943,A-0155,C-010,[mutual-aid coordination],H-5150997,en,False-Positive Control,BENIGN-COORDINATION,0.195,Yes
CT-001944,A-0146,C-010,[generic discussion],H-1420299,en,False-Positive Control,EVENT_FAM_X4-default,0.01,Yes
CT-001945,A-0142,C-010,[non-sensitive coordination],H-5293850,en,False-Positive Control,EVENT_FAM_X4-default,0.152,Yes
CT-001946,A-0152,C-010,[neutral platform activity],H-4318580,es,False-Positive Control,EVENT_FAM_X4-default,0.388,Yes
CT-001947,A-0143,C-010,[lawful event logistics],H-0703371,en,False-Positive Control,BENIGN-COORDINATION,0.2,Yes
CT-001948,A-0157,C-010,[lawful event logistics],H-0703371,es,False-Positive Control,BENIGN-COORDINATION,0.01,Yes
CT-001949,A-0140,C-010,[neutral platform activity],H-9043347,en,False-Positive Control,EVENT_FAM_X4-P02,0.01,Yes
CT-001950,A-0139,C-010,[template family A],H-0183331,en,False-Positive Control,EVENT_FAM_X4,0.077,Yes
CT-001951,A-0142,C-010,[generic discussion],H-1420299,en,False-Positive Control,EVENT_FAM_X4-default,0.094,Yes
CT-001952,A-0141,C-010,[neutral platform activity],H-4318580,en,False-Positive Control,EVENT_FAM_X4-default,0.101,Yes
CT-001953,A-0152,C-010,[generic discussion],H-5362021,es,False-Positive Control,EVENT_FAM_X4-P05,0.114,Yes
CT-001954,A-0146,C-010,[generic discussion],H-8547069,en,False-Positive Control,EVENT_FAM_X4-P02,0.374,Yes
CT-001955,A-0150,C-010,[coded phrase family C],H-3894953,es,False-Positive Control,EVENT_FAM_X4,0.369,Yes
CT-001956,A-0139,C-010,[generic discussion],H-1420299,en,False-Positive Control,EVENT_FAM_X4-default,0.01,Yes
CT-001957,A-0156,C-010,[neutral platform activity],H-4318580,es,False-Positive Control,EVENT_FAM_X4-default,0.142,Yes
CT-001958,A-0148,C-010,[neutral platform activity],H-4318580,es,False-Positive Control,EVENT_FAM_X4-default,0.028,Yes
CT-001959,A-0141,C-010,[neutral platform activity],H-9043347,en,False-Positive Control,EVENT_FAM_X4-P02,0.01,Yes
CT-001960,A-0149,C-010,[generic discussion],H-8547069,es,False-Positive Control,EVENT_FAM_X4-P02,0.056,Yes
CT-001961,A-0140,C-010,[non-sensitive coordination],H-5293850,en,False-Positive Control,EVENT_FAM_X4-default,0.138,Yes
CT-001962,A-0139,C-010,[neutral platform activity],H-4318580,en,False-Positive Control,EVENT_FAM_X4-default,0.22,Yes
CT-001963,A-0153,C-010,[neutral platform activity],H-9043347,en,False-Positive Control,EVENT_FAM_X4-P02,0.1,Yes
CT-001964,A-0151,C-010,[generic discussion],H-8547069,es,False-Positive Control,EVENT_FAM_X4-P02,0.128,Yes
CT-001965,A-0155,C-010,[generic discussion],H-1420299,en,False-Positive Control,EVENT_FAM_X4-default,0.201,Yes
CT-001966,A-0142,C-010,[non-sensitive coordination],H-5293850,en,False-Positive Control,EVENT_FAM_X4-default,0.087,Yes
CT-001967,A-0140,C-010,[non-sensitive coordination],H-5293850,en,False-Positive Control,EVENT_FAM_X4-default,0.232,Yes
CT-001968,A-0143,C-010,[template family A],H-0183331,en,False-Positive Control,EVENT_FAM_X4,0.01,Yes
CT-001969,A-0152,C-010,[template family A],H-0183331,es,False-Positive Control,EVENT_FAM_X4,0.166,Yes
CT-001970,A-0153,C-010,[lawful event logistics],H-0703371,en,False-Positive Control,BENIGN-COORDINATION,0.331,Yes
CT-001971,A-0152,C-010,[neutral platform activity],H-4318580,es,False-Positive Control,EVENT_FAM_X4-default,0.338,Yes
CT-001972,A-0141,C-010,[generic discussion],H-5362021,en,False-Positive Control,EVENT_FAM_X4-P05,0.261,Yes
CT-001973,A-0139,C-010,[non-sensitive coordination],H-5293850,en,False-Positive Control,EVENT_FAM_X4-default,0.278,Yes
CT-001974,A-0152,C-010,[neutral platform activity],H-9043347,es,False-Positive Control,EVENT_FAM_X4-P02,0.036,Yes
CT-001975,A-0141,C-010,[generic discussion],H-1420299,en,False-Positive Control,EVENT_FAM_X4-default,0.345,Yes
CT-001976,A-0148,C-010,[generic discussion],H-8547069,es,False-Positive Control,EVENT_FAM_X4-P02,0.204,Yes
CT-001977,A-0146,C-010,[non-sensitive coordination],H-5293850,en,False-Positive Control,EVENT_FAM_X4-default,0.307,Yes
CT-001978,A-0157,C-010,[non-sensitive coordination],H-8068077,es,False-Positive Control,EVENT_FAM_X4-P02,0.084,Yes
CT-001979,A-0157,C-010,[neutral platform activity],H-1904388,es,False-Positive Control,EVENT_FAM_X4-P05,0.026,Yes
CT-001980,A-0154,C-010,[non-sensitive coordination],H-2879658,es,False-Positive Control,EVENT_FAM_X4-P05,0.01,Yes
CT-001981,A-0140,C-010,[neutral platform activity],H-4318580,en,False-Positive Control,EVENT_FAM_X4-default,0.081,Yes
CT-001982,A-0142,C-010,[non-sensitive coordination],H-5293850,en,False-Positive Control,EVENT_FAM_X4-default,0.144,Yes
CT-001983,A-0149,C-010,[coded phrase family C],H-3894953,es,False-Positive Control,EVENT_FAM_X4,0.179,Yes
CT-001984,A-0153,C-010,[generic discussion],H-5362021,en,False-Positive Control,EVENT_FAM_X4-P05,0.01,Yes
CT-001985,A-0141,C-010,[template family A],H-0183331,en,False-Positive Control,EVENT_FAM_X4,0.079,Yes
CT-001986,A-0154,C-010,[non-sensitive coordination],H-8068077,es,False-Positive Control,EVENT_FAM_X4-P02,0.074,Yes
CT-001987,A-0149,C-010,[non-sensitive coordination],H-8068077,es,False-Positive Control,EVENT_FAM_X4-P02,0.22,Yes
CT-001988,A-0152,C-010,[coded phrase family C],H-3894953,es,False-Positive Control,EVENT_FAM_X4,0.351,Yes
CT-001989,A-0149,C-010,[neutral platform activity],H-9043347,es,False-Positive Control,EVENT_FAM_X4-P02,0.104,Yes
