event_id,case_id,account_id,session_id,content_id,target_id,timestamp,event_type,channel,model_surface,action,raw_risk_score,pattern_id,ground_truth_case_label
EVT-0000001,C-001,A-0001,S-00001,CT-000001,TGT-001,2026-07-01T12:06:00+00:00,post,chat,chat,shared,0.891,P03,True Positive - Credible High Risk
EVT-0000002,C-001,A-0007,S-00025,CT-000002,TGT-001,2026-07-04T17:44:00+00:00,post,system,api,shared,0.827,,True Positive - Credible High Risk
EVT-0000003,C-001,A-0006,S-00020,CT-000003,TGT-001,2026-07-03T09:25:00+00:00,post,account,api,shared,0.733,P04,True Positive - Credible High Risk
EVT-0000004,C-001,A-0007,S-00024,CT-000004,TGT-001,2026-07-01T16:13:00+00:00,post,system,moderation_queue,submitted,0.99,P07,True Positive - Credible High Risk
EVT-0000005,C-001,A-0007,S-00026,CT-000005,TGT-001,2026-07-04T07:45:00+00:00,post,account,moderation_queue,updated,0.663,P04,True Positive - Credible High Risk
EVT-0000006,C-001,A-0007,S-00024,,TGT-001,2026-07-05T08:09:00+00:00,search,system,moderation_queue,submitted,0.623,P03,True Positive - Credible High Risk
EVT-0000007,C-001,A-0004,S-00013,CT-000006,TGT-001,2026-07-03T02:17:00+00:00,report,chat,moderation_queue,submitted,0.99,,True Positive - Credible High Risk
EVT-0000008,C-001,A-0004,S-00012,,TGT-001,2026-07-05T07:52:00+00:00,login,system,api,submitted,0.669,,True Positive - Credible High Risk
EVT-0000009,C-001,A-0001,S-00001,,TGT-001,2026-07-01T13:43:00+00:00,migration_signal,system,api,submitted,0.814,P04,True Positive - Credible High Risk
EVT-0000010,C-001,A-0002,S-00004,CT-000007,TGT-001,2026-07-01T08:01:00+00:00,post,chat,account_layer,created,0.88,,True Positive - Credible High Risk
EVT-0000011,C-001,A-0002,S-00003,,TGT-001,2026-07-02T19:26:00+00:00,login,chat,account_layer,submitted,0.687,P04,True Positive - Credible High Risk
EVT-0000012,C-001,A-0006,S-00020,,TGT-001,2026-07-05T00:20:00+00:00,search,reporting,chat,submitted,0.835,,True Positive - Credible High Risk
EVT-0000013,C-001,A-0004,S-00014,,,2026-07-04T00:56:00+00:00,profile_update,system,api,created,0.643,P04,True Positive - Credible High Risk
EVT-0000014,C-001,A-0004,S-00014,,,2026-07-04T08:39:00+00:00,migration_signal,account,chat,submitted,0.713,,True Positive - Credible High Risk
EVT-0000015,C-001,A-0002,S-00006,CT-000008,TGT-001,2026-07-02T08:50:00+00:00,report,chat,moderation_queue,shared,0.777,P07,True Positive - Credible High Risk
EVT-0000016,C-001,A-0002,S-00006,CT-000009,TGT-001,2026-07-04T21:30:00+00:00,post,system,chat,viewed,0.685,P03,True Positive - Credible High Risk
EVT-0000017,C-001,A-0002,S-00003,,TGT-001,2026-07-03T12:25:00+00:00,login,account,moderation_queue,viewed,0.89,P11,True Positive - Credible High Risk
EVT-0000018,C-001,A-0003,S-00009,CT-000010,TGT-001,2026-07-02T06:37:00+00:00,message,account,api,updated,0.825,P11,True Positive - Credible High Risk
EVT-0000019,C-001,A-0003,S-00008,CT-000011,TGT-001,2026-07-01T12:50:00+00:00,post,search,moderation_queue,shared,0.746,P11,True Positive - Credible High Risk
EVT-0000020,C-001,A-0007,S-00025,,,2026-07-03T21:12:00+00:00,login,search,moderation_queue,submitted,0.618,P04,True Positive - Credible High Risk
EVT-0000021,C-001,A-0006,S-00020,,TGT-001,2026-07-03T10:38:00+00:00,search,reporting,chat,updated,0.694,,True Positive - Credible High Risk
EVT-0000022,C-001,A-0007,S-00025,CT-000012,TGT-001,2026-07-03T14:15:00+00:00,post,account,api,created,0.99,P07,True Positive - Credible High Risk
EVT-0000023,C-001,A-0003,S-00011,CT-000013,TGT-001,2026-07-02T04:40:00+00:00,message,account,account_layer,created,0.791,,True Positive - Credible High Risk
EVT-0000024,C-001,A-0008,S-00029,CT-000014,TGT-001,2026-07-04T14:25:00+00:00,report,system,moderation_queue,submitted,0.676,P03,True Positive - Credible High Risk
EVT-0000025,C-001,A-0005,S-00016,CT-000015,TGT-001,2026-07-02T13:23:00+00:00,post,chat,api,viewed,0.788,P11,True Positive - Credible High Risk
EVT-0000026,C-001,A-0002,S-00005,,TGT-001,2026-07-04T17:50:00+00:00,migration_signal,search,account_layer,updated,0.619,,True Positive - Credible High Risk
EVT-0000027,C-001,A-0004,S-00012,,TGT-001,2026-07-02T09:49:00+00:00,search,search,account_layer,shared,0.702,P04,True Positive - Credible High Risk
EVT-0000028,C-001,A-0006,S-00020,CT-000016,TGT-001,2026-07-04T10:11:00+00:00,post,search,moderation_queue,created,0.722,P03,True Positive - Credible High Risk
EVT-0000029,C-001,A-0001,S-00001,,TGT-001,2026-07-01T18:19:00+00:00,login,account,chat,shared,0.921,,True Positive - Credible High Risk
EVT-0000030,C-001,A-0002,S-00003,CT-000017,TGT-001,2026-07-01T12:39:00+00:00,report,system,chat,created,0.89,,True Positive - Credible High Risk
EVT-0000031,C-001,A-0007,S-00026,,TGT-001,2026-07-02T14:38:00+00:00,migration_signal,chat,moderation_queue,viewed,0.777,P11,True Positive - Credible High Risk
EVT-0000032,C-001,A-0008,S-00029,CT-000018,TGT-001,2026-07-03T03:50:00+00:00,post,system,chat,created,0.871,P04,True Positive - Credible High Risk
EVT-0000033,C-001,A-0003,S-00009,CT-000019,TGT-001,2026-07-04T02:50:00+00:00,message,system,chat,viewed,0.826,P11,True Positive - Credible High Risk
EVT-0000034,C-001,A-0006,S-00021,,,2026-07-01T20:29:00+00:00,migration_signal,reporting,chat,submitted,0.653,P04,True Positive - Credible High Risk
EVT-0000035,C-001,A-0003,S-00008,CT-000020,TGT-001,2026-07-04T17:26:00+00:00,post,account,chat,viewed,0.86,P04,True Positive - Credible High Risk
EVT-0000036,C-001,A-0005,S-00015,CT-000021,TGT-001,2026-07-03T12:57:00+00:00,post,reporting,moderation_queue,shared,0.73,P11,True Positive - Credible High Risk
EVT-0000037,C-001,A-0007,S-00024,CT-000022,TGT-001,2026-07-01T11:33:00+00:00,post,search,api,updated,0.878,P04,True Positive - Credible High Risk
EVT-0000038,C-001,A-0004,S-00012,CT-000023,TGT-001,2026-07-02T02:12:00+00:00,post,account,moderation_queue,submitted,0.814,P04,True Positive - Credible High Risk
EVT-0000039,C-001,A-0008,S-00029,CT-000024,TGT-001,2026-07-03T02:37:00+00:00,post,system,api,created,0.706,,True Positive - Credible High Risk
EVT-0000040,C-001,A-0004,S-00012,,,2026-07-01T13:16:00+00:00,login,system,moderation_queue,viewed,0.802,P11,True Positive - Credible High Risk
EVT-0000041,C-001,A-0005,S-00015,CT-000025,TGT-001,2026-07-04T03:28:00+00:00,post,chat,account_layer,updated,0.811,,True Positive - Credible High Risk
EVT-0000042,C-001,A-0005,S-00018,CT-000026,TGT-001,2026-07-04T10:56:00+00:00,report,system,api,updated,0.707,P04,True Positive - Credible High Risk
EVT-0000043,C-001,A-0007,S-00024,,,2026-07-03T19:45:00+00:00,login,system,api,shared,0.899,,True Positive - Credible High Risk
EVT-0000044,C-001,A-0006,S-00021,CT-000027,TGT-001,2026-07-04T00:33:00+00:00,post,search,moderation_queue,created,0.89,P03,True Positive - Credible High Risk
EVT-0000045,C-001,A-0004,S-00014,CT-000028,TGT-001,2026-07-05T04:48:00+00:00,message,chat,moderation_queue,created,0.777,,True Positive - Credible High Risk
EVT-0000046,C-001,A-0003,S-00011,CT-000029,TGT-001,2026-07-04T00:02:00+00:00,post,reporting,moderation_queue,updated,0.869,P11,True Positive - Credible High Risk
EVT-0000047,C-001,A-0001,S-00002,CT-000030,TGT-001,2026-07-04T10:36:00+00:00,report,search,moderation_queue,viewed,0.778,P11,True Positive - Credible High Risk
EVT-0000048,C-001,A-0002,S-00003,,,2026-07-03T16:50:00+00:00,profile_update,search,account_layer,submitted,0.704,,True Positive - Credible High Risk
EVT-0000049,C-001,A-0008,S-00029,CT-000031,TGT-001,2026-07-04T10:30:00+00:00,post,chat,api,shared,0.762,,True Positive - Credible High Risk
EVT-0000050,C-001,A-0005,S-00018,,TGT-001,2026-07-02T21:22:00+00:00,search,search,chat,created,0.941,P07,True Positive - Credible High Risk
EVT-0000051,C-001,A-0006,S-00021,CT-000032,TGT-001,2026-07-04T17:43:00+00:00,post,account,api,submitted,0.839,P04,True Positive - Credible High Risk
EVT-0000052,C-001,A-0001,S-00002,CT-000033,TGT-001,2026-07-05T03:16:00+00:00,post,system,api,created,0.658,P11,True Positive - Credible High Risk
EVT-0000053,C-001,A-0001,S-00001,,,2026-07-04T21:48:00+00:00,migration_signal,system,moderation_queue,updated,0.741,,True Positive - Credible High Risk
EVT-0000054,C-001,A-0007,S-00022,CT-000034,TGT-001,2026-07-04T19:23:00+00:00,message,system,api,updated,0.786,P04,True Positive - Credible High Risk
EVT-0000055,C-001,A-0002,S-00005,CT-000035,TGT-001,2026-07-03T00:30:00+00:00,post,chat,chat,viewed,0.99,P07,True Positive - Credible High Risk
EVT-0000056,C-001,A-0008,S-00029,CT-000036,TGT-001,2026-07-05T03:00:00+00:00,post,search,moderation_queue,updated,0.893,P04,True Positive - Credible High Risk
EVT-0000057,C-001,A-0004,S-00012,,TGT-001,2026-07-04T09:28:00+00:00,login,account,chat,shared,0.942,,True Positive - Credible High Risk
EVT-0000058,C-001,A-0006,S-00021,,TGT-001,2026-07-05T01:35:00+00:00,search,reporting,account_layer,viewed,0.68,,True Positive - Credible High Risk
EVT-0000059,C-001,A-0002,S-00003,CT-000037,TGT-001,2026-07-04T20:22:00+00:00,post,search,moderation_queue,viewed,0.935,P07,True Positive - Credible High Risk
EVT-0000060,C-001,A-0005,S-00018,,TGT-001,2026-07-01T09:27:00+00:00,search,system,moderation_queue,created,0.884,P04,True Positive - Credible High Risk
EVT-0000061,C-001,A-0006,S-00021,,,2026-07-01T12:07:00+00:00,login,reporting,moderation_queue,submitted,0.765,P04,True Positive - Credible High Risk
EVT-0000062,C-001,A-0005,S-00018,CT-000038,TGT-001,2026-07-02T10:59:00+00:00,message,account,account_layer,updated,0.727,P04,True Positive - Credible High Risk
EVT-0000063,C-001,A-0002,S-00006,,TGT-001,2026-07-01T11:36:00+00:00,search,system,api,submitted,0.705,P03,True Positive - Credible High Risk
EVT-0000064,C-001,A-0005,S-00015,CT-000039,TGT-001,2026-07-01T18:57:00+00:00,message,account,account_layer,shared,0.667,,True Positive - Credible High Risk
EVT-0000065,C-001,A-0002,S-00006,CT-000040,TGT-001,2026-07-04T22:50:00+00:00,post,search,chat,submitted,0.709,,True Positive - Credible High Risk
EVT-0000066,C-001,A-0002,S-00004,CT-000041,TGT-001,2026-07-03T06:12:00+00:00,post,reporting,account_layer,created,0.82,P04,True Positive - Credible High Risk
EVT-0000067,C-001,A-0007,S-00026,CT-000042,TGT-001,2026-07-02T23:01:00+00:00,post,search,account_layer,shared,0.753,P03,True Positive - Credible High Risk
EVT-0000068,C-001,A-0007,S-00022,,TGT-001,2026-07-03T04:10:00+00:00,search,search,api,viewed,0.646,P11,True Positive - Credible High Risk
EVT-0000069,C-001,A-0001,S-00002,CT-000043,TGT-001,2026-07-05T08:45:00+00:00,post,search,moderation_queue,updated,0.897,,True Positive - Credible High Risk
EVT-0000070,C-001,A-0007,S-00025,CT-000044,TGT-001,2026-07-02T00:52:00+00:00,message,system,moderation_queue,updated,0.871,P03,True Positive - Credible High Risk
EVT-0000071,C-001,A-0002,S-00004,CT-000045,TGT-001,2026-07-03T01:15:00+00:00,post,system,chat,submitted,0.707,P04,True Positive - Credible High Risk
EVT-0000072,C-001,A-0001,S-00002,CT-000046,TGT-001,2026-07-02T05:52:00+00:00,post,reporting,moderation_queue,updated,0.781,P07,True Positive - Credible High Risk
EVT-0000073,C-001,A-0004,S-00012,CT-000047,TGT-001,2026-07-04T15:37:00+00:00,post,system,chat,updated,0.789,P03,True Positive - Credible High Risk
EVT-0000074,C-001,A-0008,S-00029,,TGT-001,2026-07-02T22:51:00+00:00,login,search,moderation_queue,submitted,0.771,,True Positive - Credible High Risk
EVT-0000075,C-001,A-0004,S-00013,CT-000048,TGT-001,2026-07-04T20:54:00+00:00,post,chat,api,created,0.74,P11,True Positive - Credible High Risk
EVT-0000076,C-001,A-0007,S-00026,CT-000049,TGT-001,2026-07-02T00:29:00+00:00,post,chat,api,updated,0.889,,True Positive - Credible High Risk
EVT-0000077,C-001,A-0003,S-00007,,,2026-07-02T17:27:00+00:00,migration_signal,system,account_layer,submitted,0.751,P04,True Positive - Credible High Risk
EVT-0000078,C-001,A-0004,S-00014,,TGT-001,2026-07-01T13:36:00+00:00,search,search,chat,shared,0.908,,True Positive - Credible High Risk
EVT-0000079,C-001,A-0008,S-00029,CT-000050,TGT-001,2026-07-01T23:45:00+00:00,post,system,chat,shared,0.99,P03,True Positive - Credible High Risk
EVT-0000080,C-001,A-0002,S-00004,,TGT-001,2026-07-04T11:17:00+00:00,migration_signal,system,api,viewed,0.579,P04,True Positive - Credible High Risk
EVT-0000081,C-001,A-0007,S-00022,,TGT-001,2026-07-04T03:23:00+00:00,search,account,account_layer,shared,0.799,P11,True Positive - Credible High Risk
EVT-0000082,C-001,A-0006,S-00020,CT-000051,TGT-001,2026-07-04T23:53:00+00:00,post,account,api,updated,0.97,,True Positive - Credible High Risk
EVT-0000083,C-001,A-0001,S-00001,,TGT-001,2026-07-02T12:53:00+00:00,migration_signal,reporting,chat,created,0.796,,True Positive - Credible High Risk
EVT-0000084,C-001,A-0001,S-00001,CT-000052,TGT-001,2026-07-02T17:52:00+00:00,post,reporting,moderation_queue,submitted,0.857,P07,True Positive - Credible High Risk
EVT-0000085,C-001,A-0003,S-00010,CT-000053,TGT-001,2026-07-02T08:11:00+00:00,report,system,account_layer,created,0.756,P03,True Positive - Credible High Risk
EVT-0000086,C-001,A-0002,S-00005,CT-000054,TGT-001,2026-07-03T02:15:00+00:00,post,reporting,moderation_queue,viewed,0.651,,True Positive - Credible High Risk
EVT-0000087,C-001,A-0005,S-00017,,,2026-07-03T08:37:00+00:00,login,account,api,shared,0.747,,True Positive - Credible High Risk
EVT-0000088,C-001,A-0001,S-00002,,TGT-001,2026-07-04T15:38:00+00:00,search,reporting,account_layer,created,0.913,P07,True Positive - Credible High Risk
EVT-0000089,C-001,A-0002,S-00003,CT-000055,TGT-001,2026-07-05T08:00:00+00:00,message,search,moderation_queue,viewed,0.731,,True Positive - Credible High Risk
EVT-0000090,C-001,A-0007,S-00023,CT-000056,TGT-001,2026-07-03T08:01:00+00:00,post,account,account_layer,created,0.943,P04,True Positive - Credible High Risk
EVT-0000091,C-001,A-0003,S-00009,CT-000057,TGT-001,2026-07-02T18:47:00+00:00,post,system,moderation_queue,shared,0.941,P04,True Positive - Credible High Risk
EVT-0000092,C-001,A-0004,S-00012,CT-000058,TGT-001,2026-07-04T15:29:00+00:00,post,account,api,updated,0.805,P07,True Positive - Credible High Risk
EVT-0000093,C-001,A-0002,S-00003,CT-000059,TGT-001,2026-07-05T07:34:00+00:00,post,chat,moderation_queue,submitted,0.99,P04,True Positive - Credible High Risk
EVT-0000094,C-001,A-0006,S-00021,,TGT-001,2026-07-03T06:42:00+00:00,search,reporting,moderation_queue,updated,0.768,P11,True Positive - Credible High Risk
EVT-0000095,C-001,A-0002,S-00006,,,2026-07-02T05:47:00+00:00,profile_update,account,account_layer,submitted,0.623,P07,True Positive - Credible High Risk
EVT-0000096,C-001,A-0007,S-00024,CT-000060,TGT-001,2026-07-02T02:04:00+00:00,post,reporting,api,viewed,0.872,P04,True Positive - Credible High Risk
EVT-0000097,C-001,A-0005,S-00016,CT-000061,TGT-001,2026-07-01T15:08:00+00:00,post,search,moderation_queue,viewed,0.99,P03,True Positive - Credible High Risk
EVT-0000098,C-001,A-0002,S-00005,,,2026-07-04T07:09:00+00:00,profile_update,reporting,moderation_queue,viewed,0.899,P03,True Positive - Credible High Risk
EVT-0000099,C-001,A-0002,S-00006,CT-000062,TGT-001,2026-07-01T13:51:00+00:00,post,search,account_layer,created,0.683,P03,True Positive - Credible High Risk
EVT-0000100,C-001,A-0007,S-00024,CT-000063,TGT-001,2026-07-04T11:19:00+00:00,post,system,moderation_queue,created,0.72,P03,True Positive - Credible High Risk
EVT-0000101,C-001,A-0006,S-00021,CT-000064,TGT-001,2026-07-02T07:12:00+00:00,post,search,chat,updated,0.98,P04,True Positive - Credible High Risk
EVT-0000102,C-001,A-0004,S-00013,CT-000065,TGT-001,2026-07-01T22:36:00+00:00,post,search,api,submitted,0.859,P03,True Positive - Credible High Risk
EVT-0000103,C-001,A-0003,S-00009,CT-000066,TGT-001,2026-07-04T22:56:00+00:00,report,reporting,api,submitted,0.833,P04,True Positive - Credible High Risk
EVT-0000104,C-001,A-0004,S-00013,,TGT-001,2026-07-05T07:00:00+00:00,search,reporting,api,created,0.716,P04,True Positive - Credible High Risk
EVT-0000105,C-001,A-0005,S-00017,CT-000067,TGT-001,2026-07-05T00:09:00+00:00,post,search,account_layer,submitted,0.68,,True Positive - Credible High Risk
EVT-0000106,C-001,A-0006,S-00021,,,2026-07-01T16:17:00+00:00,profile_update,chat,account_layer,updated,0.623,P04,True Positive - Credible High Risk
EVT-0000107,C-001,A-0001,S-00001,CT-000068,TGT-001,2026-07-03T00:28:00+00:00,message,search,account_layer,created,0.99,P07,True Positive - Credible High Risk
EVT-0000108,C-001,A-0005,S-00018,CT-000069,TGT-001,2026-07-04T06:13:00+00:00,post,reporting,chat,created,0.976,,True Positive - Credible High Risk
EVT-0000109,C-001,A-0006,S-00020,CT-000070,TGT-001,2026-07-02T06:33:00+00:00,report,search,api,shared,0.886,P07,True Positive - Credible High Risk
EVT-0000110,C-001,A-0008,S-00029,,TGT-001,2026-07-05T08:10:00+00:00,search,search,api,viewed,0.679,P11,True Positive - Credible High Risk
EVT-0000111,C-001,A-0005,S-00019,,TGT-001,2026-07-03T22:19:00+00:00,search,system,chat,updated,0.587,P07,True Positive - Credible High Risk
EVT-0000112,C-001,A-0002,S-00005,,,2026-07-04T01:08:00+00:00,login,account,chat,viewed,0.839,P07,True Positive - Credible High Risk
EVT-0000113,C-001,A-0006,S-00021,,,2026-07-03T21:16:00+00:00,login,system,moderation_queue,viewed,0.622,,True Positive - Credible High Risk
EVT-0000114,C-001,A-0005,S-00018,CT-000071,TGT-001,2026-07-01T10:07:00+00:00,message,search,api,submitted,0.662,P03,True Positive - Credible High Risk
EVT-0000115,C-001,A-0008,S-00028,CT-000072,TGT-001,2026-07-02T01:18:00+00:00,post,account,moderation_queue,viewed,0.825,,True Positive - Credible High Risk
EVT-0000116,C-001,A-0003,S-00010,CT-000073,TGT-001,2026-07-03T04:16:00+00:00,post,account,api,viewed,0.956,P03,True Positive - Credible High Risk
EVT-0000117,C-001,A-0004,S-00012,CT-000074,TGT-001,2026-07-02T15:46:00+00:00,post,reporting,account_layer,created,0.99,P07,True Positive - Credible High Risk
EVT-0000118,C-001,A-0007,S-00023,CT-000075,TGT-001,2026-07-03T08:16:00+00:00,post,system,api,created,0.953,P04,True Positive - Credible High Risk
EVT-0000119,C-001,A-0008,S-00028,CT-000076,TGT-001,2026-07-04T00:40:00+00:00,post,system,moderation_queue,created,0.661,P04,True Positive - Credible High Risk
EVT-0000120,C-001,A-0002,S-00003,CT-000077,TGT-001,2026-07-05T03:21:00+00:00,post,reporting,chat,viewed,0.854,P03,True Positive - Credible High Risk
EVT-0000121,C-001,A-0007,S-00025,CT-000078,TGT-001,2026-07-04T19:25:00+00:00,post,system,account_layer,created,0.874,P11,True Positive - Credible High Risk
EVT-0000122,C-001,A-0004,S-00014,CT-000079,TGT-001,2026-07-02T14:53:00+00:00,post,chat,account_layer,created,0.909,,True Positive - Credible High Risk
EVT-0000123,C-001,A-0002,S-00004,CT-000080,TGT-001,2026-07-02T09:09:00+00:00,post,system,api,updated,0.671,P04,True Positive - Credible High Risk
EVT-0000124,C-001,A-0001,S-00002,CT-000081,TGT-001,2026-07-02T18:04:00+00:00,post,reporting,chat,shared,0.779,,True Positive - Credible High Risk
EVT-0000125,C-001,A-0007,S-00023,,TGT-001,2026-07-03T11:59:00+00:00,search,account,account_layer,shared,0.855,P07,True Positive - Credible High Risk
EVT-0000126,C-001,A-0001,S-00002,CT-000082,TGT-001,2026-07-04T07:14:00+00:00,post,system,moderation_queue,viewed,0.718,P11,True Positive - Credible High Risk
EVT-0000127,C-001,A-0006,S-00020,,TGT-001,2026-07-03T07:27:00+00:00,profile_update,reporting,moderation_queue,created,0.684,P07,True Positive - Credible High Risk
EVT-0000128,C-001,A-0001,S-00002,CT-000083,TGT-001,2026-07-03T08:48:00+00:00,report,account,moderation_queue,viewed,0.754,,True Positive - Credible High Risk
EVT-0000129,C-001,A-0003,S-00008,CT-000084,TGT-001,2026-07-04T07:41:00+00:00,post,search,api,viewed,0.888,P11,True Positive - Credible High Risk
EVT-0000130,C-001,A-0001,S-00001,CT-000085,TGT-001,2026-07-03T00:04:00+00:00,report,system,chat,updated,0.851,P03,True Positive - Credible High Risk
EVT-0000131,C-001,A-0002,S-00003,CT-000086,TGT-001,2026-07-03T18:00:00+00:00,post,chat,account_layer,created,0.816,P07,True Positive - Credible High Risk
EVT-0000132,C-001,A-0008,S-00029,CT-000087,TGT-001,2026-07-02T13:45:00+00:00,post,system,account_layer,created,0.984,,True Positive - Credible High Risk
EVT-0000133,C-001,A-0001,S-00002,CT-000088,TGT-001,2026-07-02T06:35:00+00:00,post,reporting,api,viewed,0.986,P07,True Positive - Credible High Risk
EVT-0000134,C-001,A-0002,S-00003,,TGT-001,2026-07-04T07:10:00+00:00,search,system,moderation_queue,viewed,0.859,P11,True Positive - Credible High Risk
EVT-0000135,C-001,A-0003,S-00011,CT-000089,TGT-001,2026-07-02T13:52:00+00:00,message,account,api,updated,0.955,P04,True Positive - Credible High Risk
EVT-0000136,C-001,A-0001,S-00001,,,2026-07-02T07:46:00+00:00,login,search,chat,shared,0.829,P07,True Positive - Credible High Risk
EVT-0000137,C-001,A-0003,S-00010,CT-000090,TGT-001,2026-07-03T09:56:00+00:00,message,system,chat,viewed,0.856,P07,True Positive - Credible High Risk
EVT-0000138,C-001,A-0004,S-00014,,,2026-07-03T04:19:00+00:00,profile_update,search,account_layer,submitted,0.889,,True Positive - Credible High Risk
EVT-0000139,C-001,A-0006,S-00021,CT-000091,TGT-001,2026-07-05T05:35:00+00:00,post,search,api,shared,0.751,P11,True Positive - Credible High Risk
EVT-0000140,C-001,A-0008,S-00027,CT-000092,TGT-001,2026-07-01T15:47:00+00:00,post,reporting,chat,viewed,0.657,P11,True Positive - Credible High Risk
EVT-0000141,C-001,A-0004,S-00014,CT-000093,TGT-001,2026-07-01T11:56:00+00:00,post,reporting,moderation_queue,created,0.879,P03,True Positive - Credible High Risk
EVT-0000142,C-001,A-0001,S-00002,,,2026-07-01T13:58:00+00:00,login,search,account_layer,viewed,0.917,,True Positive - Credible High Risk
EVT-0000143,C-001,A-0007,S-00023,CT-000094,TGT-001,2026-07-02T08:53:00+00:00,post,account,api,created,0.785,P07,True Positive - Credible High Risk
EVT-0000144,C-001,A-0002,S-00003,CT-000095,TGT-001,2026-07-03T16:04:00+00:00,message,search,api,submitted,0.676,,True Positive - Credible High Risk
EVT-0000145,C-001,A-0008,S-00028,CT-000096,TGT-001,2026-07-03T13:12:00+00:00,post,search,chat,updated,0.675,P03,True Positive - Credible High Risk
EVT-0000146,C-001,A-0007,S-00022,CT-000097,TGT-001,2026-07-02T17:39:00+00:00,message,chat,chat,shared,0.99,P07,True Positive - Credible High Risk
EVT-0000147,C-001,A-0006,S-00020,,TGT-001,2026-07-01T14:16:00+00:00,profile_update,search,account_layer,submitted,0.797,,True Positive - Credible High Risk
EVT-0000148,C-001,A-0003,S-00009,CT-000098,TGT-001,2026-07-04T00:22:00+00:00,post,account,chat,viewed,0.911,P04,True Positive - Credible High Risk
EVT-0000149,C-001,A-0006,S-00021,,TGT-001,2026-07-05T08:21:00+00:00,search,account,chat,viewed,0.798,,True Positive - Credible High Risk
EVT-0000150,C-001,A-0002,S-00006,CT-000099,TGT-001,2026-07-02T07:33:00+00:00,message,system,moderation_queue,viewed,0.99,P07,True Positive - Credible High Risk
EVT-0000151,C-001,A-0002,S-00006,,,2026-07-02T12:04:00+00:00,profile_update,chat,account_layer,shared,0.917,P07,True Positive - Credible High Risk
EVT-0000152,C-001,A-0006,S-00021,CT-000100,TGT-001,2026-07-02T09:08:00+00:00,post,chat,api,viewed,0.782,P04,True Positive - Credible High Risk
EVT-0000153,C-001,A-0004,S-00012,CT-000101,TGT-001,2026-07-01T08:18:00+00:00,post,system,api,shared,0.99,P07,True Positive - Credible High Risk
EVT-0000154,C-001,A-0007,S-00025,CT-000102,TGT-001,2026-07-02T19:17:00+00:00,message,chat,account_layer,created,0.972,P07,True Positive - Credible High Risk
EVT-0000155,C-001,A-0005,S-00018,,TGT-001,2026-07-04T21:36:00+00:00,search,reporting,api,created,0.66,,True Positive - Credible High Risk
EVT-0000156,C-001,A-0007,S-00022,CT-000103,TGT-001,2026-07-04T12:38:00+00:00,post,search,moderation_queue,submitted,0.82,P11,True Positive - Credible High Risk
EVT-0000157,C-001,A-0007,S-00025,CT-000104,TGT-001,2026-07-04T15:50:00+00:00,post,system,api,updated,0.871,P04,True Positive - Credible High Risk
EVT-0000158,C-001,A-0004,S-00014,,TGT-001,2026-07-04T15:10:00+00:00,search,account,chat,updated,0.794,,True Positive - Credible High Risk
EVT-0000159,C-001,A-0007,S-00022,CT-000105,TGT-001,2026-07-03T02:29:00+00:00,post,chat,moderation_queue,updated,0.71,,True Positive - Credible High Risk
EVT-0000160,C-001,A-0008,S-00028,CT-000106,TGT-001,2026-07-03T16:54:00+00:00,report,search,chat,submitted,0.683,P11,True Positive - Credible High Risk
EVT-0000161,C-001,A-0005,S-00017,CT-000107,TGT-001,2026-07-03T21:27:00+00:00,message,account,chat,created,0.99,P04,True Positive - Credible High Risk
EVT-0000162,C-001,A-0005,S-00019,,,2026-07-02T11:19:00+00:00,migration_signal,account,moderation_queue,viewed,0.66,P11,True Positive - Credible High Risk
EVT-0000163,C-001,A-0007,S-00025,CT-000108,TGT-001,2026-07-02T16:18:00+00:00,post,chat,account_layer,shared,0.777,P07,True Positive - Credible High Risk
EVT-0000164,C-001,A-0007,S-00025,CT-000109,TGT-001,2026-07-04T00:48:00+00:00,post,chat,moderation_queue,submitted,0.641,,True Positive - Credible High Risk
EVT-0000165,C-001,A-0006,S-00021,CT-000110,TGT-001,2026-07-03T12:39:00+00:00,post,account,chat,updated,0.71,P04,True Positive - Credible High Risk
EVT-0000166,C-001,A-0003,S-00010,CT-000111,TGT-001,2026-07-04T01:39:00+00:00,post,system,api,updated,0.817,,True Positive - Credible High Risk
EVT-0000167,C-001,A-0007,S-00022,CT-000112,TGT-001,2026-07-01T18:28:00+00:00,post,chat,moderation_queue,shared,0.99,P11,True Positive - Credible High Risk
EVT-0000168,C-001,A-0001,S-00002,CT-000113,TGT-001,2026-07-03T06:44:00+00:00,post,chat,api,submitted,0.695,P11,True Positive - Credible High Risk
EVT-0000169,C-001,A-0007,S-00024,,TGT-001,2026-07-05T07:23:00+00:00,search,system,chat,viewed,0.642,P07,True Positive - Credible High Risk
EVT-0000170,C-001,A-0002,S-00004,CT-000114,TGT-001,2026-07-04T04:47:00+00:00,post,system,account_layer,submitted,0.963,P11,True Positive - Credible High Risk
EVT-0000171,C-001,A-0005,S-00015,,,2026-07-02T18:37:00+00:00,login,search,api,created,0.838,P07,True Positive - Credible High Risk
EVT-0000172,C-001,A-0002,S-00003,CT-000115,TGT-001,2026-07-04T17:18:00+00:00,post,account,chat,viewed,0.766,P07,True Positive - Credible High Risk
EVT-0000173,C-001,A-0006,S-00020,,TGT-001,2026-07-03T00:28:00+00:00,search,account,account_layer,shared,0.866,,True Positive - Credible High Risk
EVT-0000174,C-001,A-0004,S-00012,CT-000116,TGT-001,2026-07-01T12:32:00+00:00,post,account,account_layer,created,0.824,P04,True Positive - Credible High Risk
EVT-0000175,C-001,A-0002,S-00005,CT-000117,TGT-001,2026-07-02T15:44:00+00:00,post,search,account_layer,shared,0.985,P04,True Positive - Credible High Risk
EVT-0000176,C-001,A-0002,S-00003,,,2026-07-02T02:34:00+00:00,migration_signal,reporting,account_layer,shared,0.742,P07,True Positive - Credible High Risk
EVT-0000177,C-001,A-0008,S-00028,CT-000118,TGT-001,2026-07-04T15:22:00+00:00,message,reporting,account_layer,submitted,0.67,P04,True Positive - Credible High Risk
EVT-0000178,C-001,A-0008,S-00027,CT-000119,TGT-001,2026-07-04T16:14:00+00:00,post,system,account_layer,created,0.697,P11,True Positive - Credible High Risk
EVT-0000179,C-001,A-0005,S-00017,,,2026-07-01T09:08:00+00:00,login,account,chat,submitted,0.615,,True Positive - Credible High Risk
EVT-0000180,C-001,A-0001,S-00001,CT-000120,TGT-001,2026-07-03T16:38:00+00:00,post,chat,moderation_queue,updated,0.956,P07,True Positive - Credible High Risk
EVT-0000181,C-001,A-0006,S-00020,CT-000121,TGT-001,2026-07-04T11:20:00+00:00,post,reporting,moderation_queue,created,0.837,P03,True Positive - Credible High Risk
EVT-0000182,C-001,A-0001,S-00001,,,2026-07-05T06:35:00+00:00,login,reporting,account_layer,viewed,0.869,P07,True Positive - Credible High Risk
EVT-0000183,C-001,A-0003,S-00008,CT-000122,TGT-001,2026-07-03T11:41:00+00:00,report,search,account_layer,shared,0.99,P07,True Positive - Credible High Risk
EVT-0000184,C-001,A-0004,S-00012,,TGT-001,2026-07-02T00:04:00+00:00,search,search,chat,created,0.86,P11,True Positive - Credible High Risk
EVT-0000185,C-001,A-0003,S-00011,CT-000123,TGT-001,2026-07-02T22:19:00+00:00,report,system,moderation_queue,created,0.925,P11,True Positive - Credible High Risk
EVT-0000186,C-001,A-0008,S-00028,CT-000124,TGT-001,2026-07-03T01:15:00+00:00,post,account,api,shared,0.938,P03,True Positive - Credible High Risk
EVT-0000187,C-001,A-0002,S-00005,,TGT-001,2026-07-03T00:02:00+00:00,search,reporting,account_layer,created,0.809,P03,True Positive - Credible High Risk
EVT-0000188,C-001,A-0002,S-00005,CT-000125,TGT-001,2026-07-03T14:22:00+00:00,report,reporting,moderation_queue,created,0.945,P04,True Positive - Credible High Risk
EVT-0000189,C-001,A-0005,S-00017,,TGT-001,2026-07-01T11:49:00+00:00,migration_signal,system,moderation_queue,viewed,0.72,P07,True Positive - Credible High Risk
EVT-0000190,C-001,A-0006,S-00021,,,2026-07-04T14:44:00+00:00,profile_update,chat,moderation_queue,submitted,0.724,P03,True Positive - Credible High Risk
EVT-0000191,C-001,A-0002,S-00005,CT-000126,TGT-001,2026-07-04T12:26:00+00:00,post,search,account_layer,submitted,0.842,,True Positive - Credible High Risk
EVT-0000192,C-001,A-0005,S-00015,CT-000127,TGT-001,2026-07-05T00:11:00+00:00,post,account,moderation_queue,created,0.931,P03,True Positive - Credible High Risk
EVT-0000193,C-001,A-0005,S-00015,CT-000128,TGT-001,2026-07-04T22:33:00+00:00,post,system,chat,shared,0.693,P11,True Positive - Credible High Risk
EVT-0000194,C-001,A-0001,S-00002,,TGT-001,2026-07-04T13:33:00+00:00,search,account,moderation_queue,shared,0.789,P11,True Positive - Credible High Risk
EVT-0000195,C-001,A-0005,S-00016,CT-000129,TGT-001,2026-07-02T05:37:00+00:00,post,reporting,chat,updated,0.646,P04,True Positive - Credible High Risk
EVT-0000196,C-001,A-0003,S-00009,CT-000130,TGT-001,2026-07-02T10:29:00+00:00,message,search,account_layer,viewed,0.69,P03,True Positive - Credible High Risk
EVT-0000197,C-001,A-0003,S-00011,CT-000131,TGT-001,2026-07-05T06:31:00+00:00,post,search,chat,submitted,0.981,P04,True Positive - Credible High Risk
EVT-0000198,C-001,A-0008,S-00027,CT-000132,TGT-001,2026-07-01T23:33:00+00:00,report,search,account_layer,created,0.881,P03,True Positive - Credible High Risk
EVT-0000199,C-001,A-0002,S-00004,,TGT-001,2026-07-04T09:02:00+00:00,search,search,account_layer,shared,0.928,P03,True Positive - Credible High Risk
EVT-0000200,C-001,A-0002,S-00004,,,2026-07-05T04:41:00+00:00,login,chat,api,submitted,0.938,,True Positive - Credible High Risk
EVT-0000201,C-001,A-0003,S-00010,,TGT-001,2026-07-02T07:08:00+00:00,profile_update,system,account_layer,viewed,0.674,P04,True Positive - Credible High Risk
EVT-0000202,C-001,A-0002,S-00006,,TGT-001,2026-07-01T14:48:00+00:00,search,chat,chat,shared,0.912,P11,True Positive - Credible High Risk
EVT-0000203,C-001,A-0003,S-00010,CT-000133,TGT-001,2026-07-05T00:07:00+00:00,post,account,moderation_queue,created,0.716,,True Positive - Credible High Risk
EVT-0000204,C-001,A-0006,S-00020,CT-000134,TGT-001,2026-07-01T14:26:00+00:00,post,reporting,chat,submitted,0.934,P07,True Positive - Credible High Risk
EVT-0000205,C-001,A-0008,S-00028,CT-000135,TGT-001,2026-07-03T18:51:00+00:00,report,search,api,submitted,0.923,P03,True Positive - Credible High Risk
EVT-0000206,C-001,A-0003,S-00008,CT-000136,TGT-001,2026-07-03T11:11:00+00:00,post,chat,moderation_queue,submitted,0.936,P03,True Positive - Credible High Risk
EVT-0000207,C-001,A-0007,S-00025,CT-000137,TGT-001,2026-07-03T08:03:00+00:00,post,chat,api,submitted,0.805,P03,True Positive - Credible High Risk
EVT-0000208,C-001,A-0003,S-00009,,TGT-001,2026-07-02T08:44:00+00:00,search,search,account_layer,created,0.883,,True Positive - Credible High Risk
EVT-0000209,C-001,A-0006,S-00021,CT-000138,TGT-001,2026-07-01T09:46:00+00:00,post,reporting,chat,updated,0.746,P03,True Positive - Credible High Risk
EVT-0000210,C-001,A-0003,S-00010,,,2026-07-03T08:44:00+00:00,login,account,chat,viewed,0.824,P04,True Positive - Credible High Risk
EVT-0000211,C-001,A-0002,S-00006,,TGT-001,2026-07-03T10:58:00+00:00,search,search,chat,updated,0.729,P07,True Positive - Credible High Risk
EVT-0000212,C-001,A-0006,S-00021,CT-000139,TGT-001,2026-07-05T05:58:00+00:00,post,system,api,updated,0.671,,True Positive - Credible High Risk
EVT-0000213,C-001,A-0006,S-00020,,TGT-001,2026-07-01T17:20:00+00:00,search,system,account_layer,created,0.846,P03,True Positive - Credible High Risk
EVT-0000214,C-001,A-0007,S-00025,CT-000140,TGT-001,2026-07-03T05:14:00+00:00,post,search,api,created,0.907,P11,True Positive - Credible High Risk
EVT-0000215,C-001,A-0004,S-00013,CT-000141,TGT-001,2026-07-04T02:47:00+00:00,post,account,account_layer,created,0.803,P11,True Positive - Credible High Risk
EVT-0000216,C-001,A-0002,S-00005,CT-000142,TGT-001,2026-07-04T22:14:00+00:00,post,system,api,updated,0.99,P07,True Positive - Credible High Risk
EVT-0000217,C-001,A-0005,S-00016,CT-000143,TGT-001,2026-07-04T04:22:00+00:00,post,chat,moderation_queue,viewed,0.727,P04,True Positive - Credible High Risk
EVT-0000218,C-001,A-0008,S-00029,CT-000144,TGT-001,2026-07-04T10:58:00+00:00,post,system,chat,submitted,0.721,P11,True Positive - Credible High Risk
EVT-0000219,C-001,A-0005,S-00017,,TGT-001,2026-07-02T05:28:00+00:00,login,reporting,moderation_queue,viewed,0.693,,True Positive - Credible High Risk
EVT-0000220,C-001,A-0006,S-00021,,TGT-001,2026-07-04T00:40:00+00:00,login,system,account_layer,submitted,0.896,P11,True Positive - Credible High Risk
EVT-0000221,C-001,A-0003,S-00007,CT-000145,TGT-001,2026-07-04T04:41:00+00:00,post,chat,chat,submitted,0.872,P03,True Positive - Credible High Risk
EVT-0000222,C-001,A-0003,S-00008,CT-000146,TGT-001,2026-07-04T20:47:00+00:00,message,search,chat,submitted,0.684,P03,True Positive - Credible High Risk
EVT-0000223,C-001,A-0001,S-00001,,TGT-001,2026-07-02T19:11:00+00:00,migration_signal,account,chat,viewed,0.706,P11,True Positive - Credible High Risk
EVT-0000224,C-001,A-0007,S-00026,CT-000147,TGT-001,2026-07-04T00:32:00+00:00,post,search,chat,viewed,0.886,,True Positive - Credible High Risk
EVT-0000225,C-001,A-0002,S-00005,CT-000148,TGT-001,2026-07-03T00:08:00+00:00,post,search,moderation_queue,viewed,0.65,,True Positive - Credible High Risk
EVT-0000226,C-001,A-0001,S-00001,CT-000149,TGT-001,2026-07-03T15:04:00+00:00,report,search,api,viewed,0.794,,True Positive - Credible High Risk
EVT-0000227,C-001,A-0007,S-00022,CT-000150,TGT-001,2026-07-01T23:20:00+00:00,post,search,api,shared,0.948,P11,True Positive - Credible High Risk
EVT-0000228,C-001,A-0006,S-00021,CT-000151,TGT-001,2026-07-03T16:15:00+00:00,post,reporting,api,viewed,0.84,,True Positive - Credible High Risk
EVT-0000229,C-001,A-0003,S-00010,CT-000152,TGT-001,2026-07-01T20:49:00+00:00,post,account,moderation_queue,shared,0.803,,True Positive - Credible High Risk
EVT-0000230,C-001,A-0008,S-00028,CT-000153,TGT-001,2026-07-03T20:08:00+00:00,post,reporting,chat,viewed,0.975,,True Positive - Credible High Risk
EVT-0000231,C-002,A-0015,S-00057,CT-000154,TGT-002,2026-07-03T19:21:49+00:00,post,search,moderation_queue,created,0.64,P12,True Positive - Coordinated Harassment
EVT-0000232,C-002,A-0024,S-00084,,TGT-002,2026-07-06T03:18:00+00:00,migration_signal,account,api,updated,0.666,,True Positive - Coordinated Harassment
EVT-0000233,C-002,A-0026,S-00090,CT-000155,TGT-002,2026-07-03T19:27:38+00:00,post,chat,account_layer,submitted,0.714,P02,True Positive - Coordinated Harassment
EVT-0000234,C-002,A-0017,S-00061,,,2026-07-03T20:05:59+00:00,profile_update,reporting,api,viewed,0.641,P03,True Positive - Coordinated Harassment
EVT-0000235,C-002,A-0022,S-00078,CT-000156,TGT-002,2026-07-03T21:58:00+00:00,post,system,account_layer,updated,0.787,P08,True Positive - Coordinated Harassment
EVT-0000236,C-002,A-0014,S-00050,,TGT-002,2026-07-05T22:43:00+00:00,login,search,account_layer,updated,0.6,P03,True Positive - Coordinated Harassment
EVT-0000237,C-002,A-0021,S-00076,CT-000157,TGT-002,2026-07-03T20:36:43+00:00,post,system,api,updated,0.53,,True Positive - Coordinated Harassment
EVT-0000238,C-002,A-0010,S-00036,CT-000158,TGT-002,2026-07-05T18:39:00+00:00,post,account,api,submitted,0.655,P08,True Positive - Coordinated Harassment
EVT-0000239,C-002,A-0023,S-00082,,,2026-07-05T06:06:00+00:00,login,account,api,shared,0.731,P12,True Positive - Coordinated Harassment
EVT-0000240,C-002,A-0018,S-00066,CT-000159,TGT-002,2026-07-05T05:51:00+00:00,post,chat,api,submitted,0.553,P12,True Positive - Coordinated Harassment
EVT-0000241,C-002,A-0010,S-00037,CT-000160,TGT-002,2026-07-03T20:46:10+00:00,post,reporting,account_layer,shared,0.818,P05,True Positive - Coordinated Harassment
EVT-0000242,C-002,A-0013,S-00048,CT-000161,TGT-002,2026-07-04T19:24:00+00:00,message,search,moderation_queue,created,0.824,,True Positive - Coordinated Harassment
EVT-0000243,C-002,A-0010,S-00035,CT-000162,TGT-002,2026-07-03T14:28:00+00:00,post,account,chat,submitted,0.79,P02,True Positive - Coordinated Harassment
EVT-0000244,C-002,A-0024,S-00084,CT-000163,TGT-002,2026-07-04T02:33:00+00:00,post,search,chat,shared,0.775,,True Positive - Coordinated Harassment
EVT-0000245,C-002,A-0014,S-00052,CT-000164,TGT-002,2026-07-03T19:38:17+00:00,message,reporting,moderation_queue,submitted,0.731,,True Positive - Coordinated Harassment
EVT-0000246,C-002,A-0011,S-00038,CT-000165,TGT-002,2026-07-03T18:47:18+00:00,post,reporting,chat,created,0.684,P12,True Positive - Coordinated Harassment
EVT-0000247,C-002,A-0022,S-00080,CT-000166,TGT-002,2026-07-04T00:33:00+00:00,report,chat,chat,viewed,0.512,,True Positive - Coordinated Harassment
EVT-0000248,C-002,A-0024,S-00084,CT-000167,TGT-002,2026-07-07T08:59:00+00:00,report,chat,api,updated,0.754,,True Positive - Coordinated Harassment
EVT-0000249,C-002,A-0023,S-00082,,,2026-07-05T23:55:00+00:00,migration_signal,chat,account_layer,submitted,0.68,,True Positive - Coordinated Harassment
EVT-0000250,C-002,A-0021,S-00077,,TGT-002,2026-07-03T19:08:39+00:00,search,reporting,moderation_queue,shared,0.466,P08,True Positive - Coordinated Harassment
EVT-0000251,C-002,A-0010,S-00036,CT-000168,TGT-002,2026-07-03T20:21:25+00:00,post,search,api,created,0.513,,True Positive - Coordinated Harassment
EVT-0000252,C-002,A-0025,S-00086,,,2026-07-04T05:36:00+00:00,migration_signal,chat,account_layer,submitted,0.62,P12,True Positive - Coordinated Harassment
EVT-0000253,C-002,A-0014,S-00051,,TGT-002,2026-07-03T18:48:40+00:00,search,system,chat,viewed,0.521,P12,True Positive - Coordinated Harassment
EVT-0000254,C-002,A-0012,S-00044,CT-000169,TGT-002,2026-07-03T21:23:01+00:00,post,reporting,account_layer,created,0.521,P03,True Positive - Coordinated Harassment
EVT-0000255,C-002,A-0010,S-00037,CT-000170,TGT-002,2026-07-04T06:00:00+00:00,post,chat,api,shared,0.515,P03,True Positive - Coordinated Harassment
EVT-0000256,C-002,A-0023,S-00082,CT-000171,TGT-002,2026-07-03T20:01:11+00:00,post,chat,api,shared,0.773,P05,True Positive - Coordinated Harassment
EVT-0000257,C-002,A-0021,S-00077,,,2026-07-03T19:12:26+00:00,login,account,chat,updated,0.525,P08,True Positive - Coordinated Harassment
EVT-0000258,C-002,A-0023,S-00082,CT-000172,TGT-002,2026-07-06T06:51:00+00:00,post,account,moderation_queue,viewed,0.551,P08,True Positive - Coordinated Harassment
EVT-0000259,C-002,A-0014,S-00052,CT-000173,TGT-002,2026-07-03T20:49:21+00:00,post,account,account_layer,submitted,0.763,P08,True Positive - Coordinated Harassment
EVT-0000260,C-002,A-0013,S-00048,,TGT-002,2026-07-03T20:34:32+00:00,login,search,moderation_queue,created,0.823,,True Positive - Coordinated Harassment
EVT-0000261,C-002,A-0023,S-00082,CT-000174,TGT-002,2026-07-03T19:14:36+00:00,post,account,chat,created,0.76,,True Positive - Coordinated Harassment
EVT-0000262,C-002,A-0022,S-00080,CT-000175,TGT-002,2026-07-03T19:10:12+00:00,post,reporting,chat,shared,0.681,P03,True Positive - Coordinated Harassment
EVT-0000263,C-002,A-0015,S-00055,CT-000176,TGT-002,2026-07-03T21:28:24+00:00,post,reporting,account_layer,shared,0.687,,True Positive - Coordinated Harassment
EVT-0000264,C-002,A-0019,S-00069,,,2026-07-03T19:26:04+00:00,profile_update,system,api,created,0.553,P05,True Positive - Coordinated Harassment
EVT-0000265,C-002,A-0025,S-00087,,TGT-002,2026-07-03T15:03:00+00:00,profile_update,chat,api,viewed,0.724,P02,True Positive - Coordinated Harassment
EVT-0000266,C-002,A-0025,S-00087,,TGT-002,2026-07-03T19:33:18+00:00,search,system,moderation_queue,submitted,0.601,,True Positive - Coordinated Harassment
EVT-0000267,C-002,A-0010,S-00036,CT-000177,TGT-002,2026-07-03T20:04:57+00:00,post,chat,moderation_queue,submitted,0.856,,True Positive - Coordinated Harassment
EVT-0000268,C-002,A-0011,S-00039,CT-000178,TGT-002,2026-07-03T08:45:00+00:00,post,account,api,viewed,0.843,P12,True Positive - Coordinated Harassment
EVT-0000269,C-002,A-0025,S-00086,,TGT-002,2026-07-03T20:29:44+00:00,search,reporting,moderation_queue,shared,0.664,P12,True Positive - Coordinated Harassment
EVT-0000270,C-002,A-0020,S-00071,,TGT-002,2026-07-05T12:59:00+00:00,search,system,chat,viewed,0.594,P08,True Positive - Coordinated Harassment
EVT-0000271,C-002,A-0026,S-00088,CT-000179,TGT-002,2026-07-03T19:14:10+00:00,message,search,account_layer,viewed,0.571,P02,True Positive - Coordinated Harassment
EVT-0000272,C-002,A-0017,S-00061,CT-000180,TGT-002,2026-07-05T22:17:00+00:00,message,search,moderation_queue,updated,0.697,,True Positive - Coordinated Harassment
EVT-0000273,C-002,A-0016,S-00059,CT-000181,TGT-002,2026-07-03T21:09:32+00:00,post,chat,chat,shared,0.74,P03,True Positive - Coordinated Harassment
EVT-0000274,C-002,A-0025,S-00087,CT-000182,TGT-002,2026-07-04T11:46:00+00:00,post,account,account_layer,updated,0.689,,True Positive - Coordinated Harassment
EVT-0000275,C-002,A-0018,S-00066,CT-000183,TGT-002,2026-07-03T21:20:01+00:00,post,search,chat,submitted,0.812,P03,True Positive - Coordinated Harassment
EVT-0000276,C-002,A-0009,S-00034,CT-000184,TGT-002,2026-07-06T03:42:00+00:00,message,search,api,viewed,0.822,P03,True Positive - Coordinated Harassment
EVT-0000277,C-002,A-0022,S-00079,,TGT-002,2026-07-04T13:16:00+00:00,migration_signal,system,api,created,0.53,P08,True Positive - Coordinated Harassment
EVT-0000278,C-002,A-0017,S-00061,,TGT-002,2026-07-06T23:03:00+00:00,search,account,chat,created,0.669,,True Positive - Coordinated Harassment
EVT-0000279,C-002,A-0024,S-00084,CT-000185,TGT-002,2026-07-03T20:27:22+00:00,post,reporting,chat,submitted,0.784,P02,True Positive - Coordinated Harassment
EVT-0000280,C-002,A-0016,S-00059,CT-000186,TGT-002,2026-07-06T21:47:00+00:00,post,system,moderation_queue,submitted,0.713,P03,True Positive - Coordinated Harassment
EVT-0000281,C-002,A-0026,S-00092,CT-000187,TGT-002,2026-07-03T19:07:29+00:00,post,account,chat,submitted,0.547,P12,True Positive - Coordinated Harassment
EVT-0000282,C-002,A-0011,S-00039,CT-000188,TGT-002,2026-07-03T21:52:00+00:00,post,chat,moderation_queue,created,0.748,P12,True Positive - Coordinated Harassment
EVT-0000283,C-002,A-0010,S-00035,CT-000189,TGT-002,2026-07-03T21:13:16+00:00,message,system,api,created,0.694,P12,True Positive - Coordinated Harassment
EVT-0000284,C-002,A-0011,S-00038,,,2026-07-03T21:14:40+00:00,login,search,chat,viewed,0.538,P12,True Positive - Coordinated Harassment
EVT-0000285,C-002,A-0018,S-00066,,TGT-002,2026-07-03T19:03:54+00:00,login,system,api,created,0.55,P02,True Positive - Coordinated Harassment
EVT-0000286,C-002,A-0018,S-00064,,TGT-002,2026-07-03T20:02:19+00:00,search,chat,chat,created,0.743,P03,True Positive - Coordinated Harassment
EVT-0000287,C-002,A-0018,S-00065,CT-000190,TGT-002,2026-07-03T19:04:11+00:00,post,reporting,api,shared,0.829,P08,True Positive - Coordinated Harassment
EVT-0000288,C-002,A-0016,S-00059,CT-000191,TGT-002,2026-07-04T03:10:00+00:00,post,account,account_layer,submitted,0.858,,True Positive - Coordinated Harassment
EVT-0000289,C-002,A-0011,S-00038,CT-000192,TGT-002,2026-07-06T10:20:00+00:00,post,account,api,viewed,0.596,,True Positive - Coordinated Harassment
EVT-0000290,C-002,A-0025,S-00087,CT-000193,TGT-002,2026-07-06T22:56:00+00:00,post,chat,api,submitted,0.703,P12,True Positive - Coordinated Harassment
EVT-0000291,C-002,A-0011,S-00039,,TGT-002,2026-07-03T08:07:00+00:00,search,system,chat,shared,0.689,P02,True Positive - Coordinated Harassment
EVT-0000292,C-002,A-0011,S-00038,CT-000194,TGT-002,2026-07-03T20:36:18+00:00,post,reporting,api,shared,0.566,P12,True Positive - Coordinated Harassment
EVT-0000293,C-002,A-0017,S-00060,CT-000195,TGT-002,2026-07-03T19:53:16+00:00,post,account,chat,created,0.526,P05,True Positive - Coordinated Harassment
EVT-0000294,C-002,A-0024,S-00085,CT-000196,TGT-002,2026-07-03T19:42:00+00:00,message,search,account_layer,submitted,0.835,P03,True Positive - Coordinated Harassment
EVT-0000295,C-002,A-0018,S-00062,CT-000197,TGT-002,2026-07-03T20:46:54+00:00,post,reporting,chat,created,0.566,P03,True Positive - Coordinated Harassment
EVT-0000296,C-002,A-0026,S-00091,CT-000198,TGT-002,2026-07-03T18:52:53+00:00,post,reporting,moderation_queue,created,0.651,P08,True Positive - Coordinated Harassment
EVT-0000297,C-002,A-0019,S-00068,,TGT-002,2026-07-04T08:55:00+00:00,profile_update,chat,api,shared,0.454,,True Positive - Coordinated Harassment
EVT-0000298,C-002,A-0025,S-00086,,,2026-07-05T12:40:00+00:00,migration_signal,system,api,viewed,0.639,P02,True Positive - Coordinated Harassment
EVT-0000299,C-002,A-0016,S-00058,CT-000199,TGT-002,2026-07-03T20:00:36+00:00,post,chat,moderation_queue,shared,0.645,P02,True Positive - Coordinated Harassment
EVT-0000300,C-002,A-0025,S-00087,CT-000200,TGT-002,2026-07-05T05:30:00+00:00,post,search,account_layer,updated,0.76,,True Positive - Coordinated Harassment
EVT-0000301,C-002,A-0014,S-00051,CT-000201,TGT-002,2026-07-03T19:21:13+00:00,report,reporting,api,submitted,0.677,P03,True Positive - Coordinated Harassment
EVT-0000302,C-002,A-0012,S-00040,,,2026-07-03T21:22:53+00:00,migration_signal,search,chat,updated,0.802,P12,True Positive - Coordinated Harassment
EVT-0000303,C-002,A-0018,S-00062,CT-000202,TGT-002,2026-07-05T02:41:00+00:00,post,reporting,api,updated,0.722,,True Positive - Coordinated Harassment
EVT-0000304,C-002,A-0024,S-00085,CT-000203,TGT-002,2026-07-05T20:19:00+00:00,message,system,chat,created,0.631,P08,True Positive - Coordinated Harassment
EVT-0000305,C-002,A-0012,S-00042,CT-000204,TGT-002,2026-07-04T17:17:00+00:00,message,chat,moderation_queue,created,0.746,,True Positive - Coordinated Harassment
EVT-0000306,C-002,A-0026,S-00092,CT-000205,TGT-002,2026-07-06T22:29:00+00:00,post,account,moderation_queue,updated,0.595,P12,True Positive - Coordinated Harassment
EVT-0000307,C-002,A-0017,S-00061,CT-000206,TGT-002,2026-07-04T23:27:00+00:00,report,chat,api,viewed,0.797,,True Positive - Coordinated Harassment
EVT-0000308,C-002,A-0021,S-00077,,TGT-002,2026-07-03T21:14:15+00:00,search,reporting,account_layer,viewed,0.643,P02,True Positive - Coordinated Harassment
EVT-0000309,C-002,A-0026,S-00088,CT-000207,TGT-002,2026-07-03T20:38:15+00:00,post,search,api,created,0.787,P08,True Positive - Coordinated Harassment
EVT-0000310,C-002,A-0009,S-00033,,TGT-002,2026-07-06T22:53:00+00:00,login,search,api,submitted,0.639,,True Positive - Coordinated Harassment
EVT-0000311,C-002,A-0021,S-00074,CT-000208,TGT-002,2026-07-03T21:03:51+00:00,post,system,account_layer,created,0.796,P12,True Positive - Coordinated Harassment
EVT-0000312,C-002,A-0009,S-00030,CT-000209,TGT-002,2026-07-05T10:33:00+00:00,post,account,account_layer,updated,0.786,P03,True Positive - Coordinated Harassment
EVT-0000313,C-002,A-0015,S-00056,,TGT-002,2026-07-06T22:01:00+00:00,search,system,chat,updated,0.764,P08,True Positive - Coordinated Harassment
EVT-0000314,C-002,A-0025,S-00086,,,2026-07-03T18:53:20+00:00,migration_signal,chat,chat,shared,0.563,P02,True Positive - Coordinated Harassment
EVT-0000315,C-002,A-0012,S-00041,CT-000210,TGT-002,2026-07-06T02:47:00+00:00,post,search,moderation_queue,submitted,0.792,,True Positive - Coordinated Harassment
EVT-0000316,C-002,A-0022,S-00080,CT-000211,TGT-002,2026-07-03T20:41:50+00:00,post,reporting,account_layer,updated,0.627,P12,True Positive - Coordinated Harassment
EVT-0000317,C-002,A-0012,S-00042,CT-000212,TGT-002,2026-07-03T19:09:48+00:00,post,account,account_layer,submitted,0.849,P12,True Positive - Coordinated Harassment
EVT-0000318,C-002,A-0025,S-00087,CT-000213,TGT-002,2026-07-04T20:30:00+00:00,post,search,moderation_queue,submitted,0.646,P02,True Positive - Coordinated Harassment
EVT-0000319,C-002,A-0009,S-00033,,,2026-07-04T15:03:00+00:00,login,search,moderation_queue,created,0.607,,True Positive - Coordinated Harassment
EVT-0000320,C-002,A-0025,S-00087,,TGT-002,2026-07-03T19:02:00+00:00,search,search,account_layer,viewed,0.598,,True Positive - Coordinated Harassment
EVT-0000321,C-002,A-0013,S-00045,,TGT-002,2026-07-04T10:28:00+00:00,login,chat,account_layer,shared,0.453,P12,True Positive - Coordinated Harassment
EVT-0000322,C-002,A-0017,S-00060,CT-000214,TGT-002,2026-07-05T16:25:00+00:00,post,chat,account_layer,submitted,0.691,P05,True Positive - Coordinated Harassment
EVT-0000323,C-002,A-0014,S-00050,CT-000215,TGT-002,2026-07-03T10:51:00+00:00,post,search,account_layer,submitted,0.649,P08,True Positive - Coordinated Harassment
EVT-0000324,C-002,A-0018,S-00065,CT-000216,TGT-002,2026-07-05T16:19:00+00:00,post,account,moderation_queue,updated,0.566,P02,True Positive - Coordinated Harassment
EVT-0000325,C-002,A-0019,S-00068,,TGT-002,2026-07-03T21:15:32+00:00,search,reporting,chat,viewed,0.82,P02,True Positive - Coordinated Harassment
EVT-0000326,C-002,A-0022,S-00080,CT-000217,TGT-002,2026-07-06T12:06:00+00:00,post,reporting,chat,submitted,0.729,P03,True Positive - Coordinated Harassment
EVT-0000327,C-002,A-0015,S-00054,CT-000218,TGT-002,2026-07-03T20:14:41+00:00,post,search,account_layer,viewed,0.732,P02,True Positive - Coordinated Harassment
EVT-0000328,C-002,A-0024,S-00085,CT-000219,TGT-002,2026-07-06T04:00:00+00:00,report,search,api,created,0.645,P08,True Positive - Coordinated Harassment
EVT-0000329,C-002,A-0025,S-00086,,TGT-002,2026-07-04T03:35:00+00:00,migration_signal,account,chat,submitted,0.437,,True Positive - Coordinated Harassment
EVT-0000330,C-002,A-0019,S-00068,,,2026-07-03T20:32:42+00:00,profile_update,search,moderation_queue,created,0.583,,True Positive - Coordinated Harassment
EVT-0000331,C-002,A-0025,S-00087,,TGT-002,2026-07-03T20:59:59+00:00,search,search,moderation_queue,viewed,0.591,P12,True Positive - Coordinated Harassment
EVT-0000332,C-002,A-0015,S-00054,CT-000220,TGT-002,2026-07-03T20:43:40+00:00,post,reporting,chat,created,0.536,,True Positive - Coordinated Harassment
EVT-0000333,C-002,A-0012,S-00043,CT-000221,TGT-002,2026-07-06T23:51:00+00:00,post,system,moderation_queue,viewed,0.722,P02,True Positive - Coordinated Harassment
EVT-0000334,C-002,A-0018,S-00064,CT-000222,TGT-002,2026-07-03T19:28:34+00:00,post,account,chat,created,0.613,,True Positive - Coordinated Harassment
EVT-0000335,C-002,A-0025,S-00086,CT-000223,TGT-002,2026-07-03T20:37:24+00:00,message,search,account_layer,submitted,0.574,,True Positive - Coordinated Harassment
EVT-0000336,C-002,A-0026,S-00088,,TGT-002,2026-07-03T21:24:31+00:00,migration_signal,reporting,moderation_queue,updated,0.608,P02,True Positive - Coordinated Harassment
EVT-0000337,C-002,A-0017,S-00061,CT-000224,TGT-002,2026-07-03T18:37:50+00:00,post,system,chat,created,0.592,P05,True Positive - Coordinated Harassment
EVT-0000338,C-002,A-0015,S-00055,CT-000225,TGT-002,2026-07-03T20:20:51+00:00,post,chat,chat,submitted,0.706,P08,True Positive - Coordinated Harassment
EVT-0000339,C-002,A-0018,S-00064,,,2026-07-06T22:37:00+00:00,login,system,moderation_queue,shared,0.794,,True Positive - Coordinated Harassment
EVT-0000340,C-002,A-0009,S-00032,,TGT-002,2026-07-06T17:50:00+00:00,profile_update,search,account_layer,created,0.746,P08,True Positive - Coordinated Harassment
EVT-0000341,C-002,A-0018,S-00063,CT-000226,TGT-002,2026-07-03T20:23:22+00:00,post,account,chat,shared,0.724,P02,True Positive - Coordinated Harassment
EVT-0000342,C-002,A-0016,S-00059,CT-000227,TGT-002,2026-07-05T02:50:00+00:00,post,search,moderation_queue,updated,0.51,P12,True Positive - Coordinated Harassment
EVT-0000343,C-002,A-0022,S-00080,CT-000228,TGT-002,2026-07-06T17:53:00+00:00,message,account,moderation_queue,shared,0.544,P05,True Positive - Coordinated Harassment
EVT-0000344,C-002,A-0015,S-00056,CT-000229,TGT-002,2026-07-05T15:41:00+00:00,report,account,chat,viewed,0.611,P03,True Positive - Coordinated Harassment
EVT-0000345,C-002,A-0018,S-00063,CT-000230,TGT-002,2026-07-03T18:51:27+00:00,post,account,account_layer,shared,0.772,P02,True Positive - Coordinated Harassment
EVT-0000346,C-002,A-0010,S-00035,,TGT-002,2026-07-03T19:02:38+00:00,search,system,chat,shared,0.817,P03,True Positive - Coordinated Harassment
EVT-0000347,C-002,A-0017,S-00061,CT-000231,TGT-002,2026-07-06T02:15:00+00:00,post,account,chat,updated,0.568,P12,True Positive - Coordinated Harassment
EVT-0000348,C-002,A-0012,S-00042,CT-000232,TGT-002,2026-07-06T04:32:00+00:00,post,chat,api,viewed,0.749,P03,True Positive - Coordinated Harassment
EVT-0000349,C-002,A-0014,S-00051,CT-000233,TGT-002,2026-07-05T18:36:00+00:00,post,chat,account_layer,updated,0.633,P12,True Positive - Coordinated Harassment
EVT-0000350,C-002,A-0018,S-00066,,TGT-002,2026-07-04T15:08:00+00:00,login,system,chat,viewed,0.512,P08,True Positive - Coordinated Harassment
EVT-0000351,C-002,A-0019,S-00069,,TGT-002,2026-07-05T12:41:00+00:00,search,system,api,shared,0.473,,True Positive - Coordinated Harassment
EVT-0000352,C-002,A-0009,S-00034,CT-000234,TGT-002,2026-07-03T20:38:09+00:00,message,account,api,updated,0.831,P05,True Positive - Coordinated Harassment
EVT-0000353,C-002,A-0010,S-00037,CT-000235,TGT-002,2026-07-06T05:44:00+00:00,post,chat,account_layer,shared,0.664,,True Positive - Coordinated Harassment
EVT-0000354,C-002,A-0009,S-00034,CT-000236,TGT-002,2026-07-06T07:55:00+00:00,message,account,api,updated,0.793,P03,True Positive - Coordinated Harassment
EVT-0000355,C-002,A-0020,S-00072,,TGT-002,2026-07-03T19:34:26+00:00,profile_update,account,api,submitted,0.762,P12,True Positive - Coordinated Harassment
EVT-0000356,C-002,A-0024,S-00084,CT-000237,TGT-002,2026-07-07T05:10:00+00:00,post,system,moderation_queue,updated,0.512,P03,True Positive - Coordinated Harassment
EVT-0000357,C-002,A-0020,S-00071,,TGT-002,2026-07-05T13:05:00+00:00,search,account,moderation_queue,viewed,0.807,,True Positive - Coordinated Harassment
EVT-0000358,C-002,A-0018,S-00066,CT-000238,TGT-002,2026-07-06T19:07:00+00:00,post,search,moderation_queue,created,0.803,,True Positive - Coordinated Harassment
EVT-0000359,C-002,A-0024,S-00085,CT-000239,TGT-002,2026-07-06T22:38:00+00:00,message,reporting,account_layer,created,0.617,P03,True Positive - Coordinated Harassment
EVT-0000360,C-002,A-0021,S-00077,,TGT-002,2026-07-04T23:38:00+00:00,login,chat,api,updated,0.819,P03,True Positive - Coordinated Harassment
EVT-0000361,C-002,A-0010,S-00035,,TGT-002,2026-07-05T05:14:00+00:00,migration_signal,system,api,shared,0.775,P05,True Positive - Coordinated Harassment
EVT-0000362,C-002,A-0016,S-00058,CT-000240,TGT-002,2026-07-03T20:06:45+00:00,post,search,chat,created,0.522,P03,True Positive - Coordinated Harassment
EVT-0000363,C-002,A-0020,S-00071,,TGT-002,2026-07-03T20:59:40+00:00,profile_update,reporting,moderation_queue,updated,0.5,P02,True Positive - Coordinated Harassment
EVT-0000364,C-002,A-0009,S-00030,,,2026-07-03T19:07:48+00:00,profile_update,reporting,chat,created,0.817,,True Positive - Coordinated Harassment
EVT-0000365,C-002,A-0011,S-00038,CT-000241,TGT-002,2026-07-06T02:56:00+00:00,report,reporting,chat,shared,0.717,P03,True Positive - Coordinated Harassment
EVT-0000366,C-002,A-0014,S-00050,CT-000242,TGT-002,2026-07-03T17:45:00+00:00,post,chat,api,submitted,0.721,P02,True Positive - Coordinated Harassment
EVT-0000367,C-002,A-0014,S-00051,CT-000243,TGT-002,2026-07-03T20:21:26+00:00,post,reporting,chat,updated,0.796,P03,True Positive - Coordinated Harassment
EVT-0000368,C-002,A-0012,S-00041,,TGT-002,2026-07-03T21:17:25+00:00,profile_update,account,chat,created,0.791,P05,True Positive - Coordinated Harassment
EVT-0000369,C-002,A-0017,S-00060,,,2026-07-03T19:20:07+00:00,profile_update,chat,chat,created,0.658,P05,True Positive - Coordinated Harassment
EVT-0000370,C-002,A-0013,S-00045,,,2026-07-05T19:10:00+00:00,login,reporting,api,viewed,0.539,,True Positive - Coordinated Harassment
EVT-0000371,C-002,A-0025,S-00086,,TGT-002,2026-07-04T19:34:00+00:00,login,chat,api,created,0.5,P12,True Positive - Coordinated Harassment
EVT-0000372,C-002,A-0022,S-00081,,TGT-002,2026-07-03T19:22:06+00:00,profile_update,system,moderation_queue,submitted,0.523,P08,True Positive - Coordinated Harassment
EVT-0000373,C-002,A-0024,S-00084,CT-000244,TGT-002,2026-07-03T20:36:51+00:00,message,system,account_layer,updated,0.554,P12,True Positive - Coordinated Harassment
EVT-0000374,C-002,A-0014,S-00052,,TGT-002,2026-07-05T14:39:00+00:00,login,search,account_layer,viewed,0.752,P03,True Positive - Coordinated Harassment
EVT-0000375,C-002,A-0015,S-00056,CT-000245,TGT-002,2026-07-03T19:34:00+00:00,message,account,chat,viewed,0.846,,True Positive - Coordinated Harassment
EVT-0000376,C-002,A-0014,S-00050,,TGT-002,2026-07-06T06:57:00+00:00,search,chat,chat,shared,0.755,P03,True Positive - Coordinated Harassment
EVT-0000377,C-002,A-0021,S-00076,,TGT-002,2026-07-03T23:10:00+00:00,profile_update,chat,chat,submitted,0.431,P03,True Positive - Coordinated Harassment
EVT-0000378,C-002,A-0021,S-00077,CT-000246,TGT-002,2026-07-03T18:37:08+00:00,post,chat,chat,shared,0.666,,True Positive - Coordinated Harassment
EVT-0000379,C-002,A-0025,S-00087,CT-000247,TGT-002,2026-07-03T19:19:22+00:00,post,account,account_layer,created,0.652,P08,True Positive - Coordinated Harassment
EVT-0000380,C-002,A-0022,S-00081,,TGT-002,2026-07-06T13:05:00+00:00,login,reporting,chat,updated,0.498,P08,True Positive - Coordinated Harassment
EVT-0000381,C-002,A-0017,S-00060,CT-000248,TGT-002,2026-07-03T19:34:23+00:00,message,system,api,shared,0.641,,True Positive - Coordinated Harassment
EVT-0000382,C-002,A-0026,S-00088,CT-000249,TGT-002,2026-07-05T14:49:00+00:00,post,account,account_layer,updated,0.721,P05,True Positive - Coordinated Harassment
EVT-0000383,C-002,A-0017,S-00061,,TGT-002,2026-07-03T19:01:14+00:00,search,chat,account_layer,submitted,0.542,P08,True Positive - Coordinated Harassment
EVT-0000384,C-002,A-0024,S-00084,,TGT-002,2026-07-06T07:50:00+00:00,migration_signal,chat,api,shared,0.575,P02,True Positive - Coordinated Harassment
EVT-0000385,C-002,A-0014,S-00052,CT-000250,TGT-002,2026-07-05T07:31:00+00:00,message,system,moderation_queue,updated,0.734,,True Positive - Coordinated Harassment
EVT-0000386,C-002,A-0015,S-00054,CT-000251,TGT-002,2026-07-03T21:24:01+00:00,post,system,account_layer,submitted,0.668,P03,True Positive - Coordinated Harassment
EVT-0000387,C-002,A-0026,S-00091,CT-000252,TGT-002,2026-07-03T15:59:00+00:00,post,chat,moderation_queue,updated,0.817,P08,True Positive - Coordinated Harassment
EVT-0000388,C-002,A-0023,S-00083,CT-000253,TGT-002,2026-07-03T19:33:02+00:00,report,account,account_layer,updated,0.626,P02,True Positive - Coordinated Harassment
EVT-0000389,C-002,A-0019,S-00070,CT-000254,TGT-002,2026-07-06T13:49:00+00:00,post,chat,chat,created,0.585,P08,True Positive - Coordinated Harassment
EVT-0000390,C-002,A-0023,S-00083,CT-000255,TGT-002,2026-07-03T19:45:16+00:00,post,account,moderation_queue,submitted,0.756,,True Positive - Coordinated Harassment
EVT-0000391,C-002,A-0013,S-00047,CT-000256,TGT-002,2026-07-03T19:49:18+00:00,report,reporting,moderation_queue,updated,0.708,P03,True Positive - Coordinated Harassment
EVT-0000392,C-002,A-0010,S-00035,CT-000257,TGT-002,2026-07-03T19:04:30+00:00,post,reporting,moderation_queue,updated,0.65,P05,True Positive - Coordinated Harassment
EVT-0000393,C-002,A-0026,S-00092,,,2026-07-03T21:25:18+00:00,profile_update,system,account_layer,viewed,0.446,P03,True Positive - Coordinated Harassment
EVT-0000394,C-002,A-0013,S-00047,CT-000258,TGT-002,2026-07-04T14:57:00+00:00,message,search,account_layer,shared,0.63,P05,True Positive - Coordinated Harassment
EVT-0000395,C-002,A-0014,S-00050,CT-000259,TGT-002,2026-07-03T15:11:00+00:00,post,system,chat,updated,0.646,P05,True Positive - Coordinated Harassment
EVT-0000396,C-002,A-0018,S-00064,,TGT-002,2026-07-03T19:37:56+00:00,search,reporting,account_layer,shared,0.585,P05,True Positive - Coordinated Harassment
EVT-0000397,C-002,A-0020,S-00072,,,2026-07-03T21:23:19+00:00,login,account,chat,shared,0.78,P02,True Positive - Coordinated Harassment
EVT-0000398,C-002,A-0018,S-00065,,TGT-002,2026-07-03T20:12:08+00:00,login,system,moderation_queue,shared,0.474,P03,True Positive - Coordinated Harassment
EVT-0000399,C-002,A-0015,S-00054,CT-000260,TGT-002,2026-07-03T19:43:08+00:00,post,account,moderation_queue,created,0.713,,True Positive - Coordinated Harassment
EVT-0000400,C-002,A-0017,S-00061,CT-000261,TGT-002,2026-07-03T19:24:21+00:00,report,system,chat,created,0.782,P05,True Positive - Coordinated Harassment
EVT-0000401,C-002,A-0014,S-00050,,TGT-002,2026-07-03T19:08:51+00:00,search,system,moderation_queue,submitted,0.744,P05,True Positive - Coordinated Harassment
EVT-0000402,C-002,A-0016,S-00058,CT-000262,TGT-002,2026-07-03T19:59:35+00:00,message,reporting,api,viewed,0.76,P02,True Positive - Coordinated Harassment
EVT-0000403,C-002,A-0019,S-00070,CT-000263,TGT-002,2026-07-03T20:41:32+00:00,message,system,api,viewed,0.586,P12,True Positive - Coordinated Harassment
EVT-0000404,C-002,A-0015,S-00053,CT-000264,TGT-002,2026-07-06T06:55:00+00:00,post,reporting,moderation_queue,viewed,0.675,P03,True Positive - Coordinated Harassment
EVT-0000405,C-002,A-0009,S-00031,CT-000265,TGT-002,2026-07-03T19:04:03+00:00,post,chat,api,submitted,0.848,P02,True Positive - Coordinated Harassment
EVT-0000406,C-002,A-0022,S-00080,,TGT-002,2026-07-03T18:50:21+00:00,migration_signal,chat,api,shared,0.587,,True Positive - Coordinated Harassment
EVT-0000407,C-002,A-0012,S-00044,CT-000266,TGT-002,2026-07-03T20:46:54+00:00,message,reporting,moderation_queue,viewed,0.743,,True Positive - Coordinated Harassment
EVT-0000408,C-002,A-0018,S-00062,CT-000267,TGT-002,2026-07-03T09:46:00+00:00,message,chat,chat,updated,0.795,,True Positive - Coordinated Harassment
EVT-0000409,C-002,A-0021,S-00075,CT-000268,TGT-002,2026-07-07T01:25:00+00:00,message,system,account_layer,updated,0.684,P02,True Positive - Coordinated Harassment
EVT-0000410,C-002,A-0015,S-00055,CT-000269,TGT-002,2026-07-03T20:32:56+00:00,post,chat,api,shared,0.713,P12,True Positive - Coordinated Harassment
EVT-0000411,C-002,A-0010,S-00036,,TGT-002,2026-07-04T08:09:00+00:00,migration_signal,account,account_layer,submitted,0.736,P02,True Positive - Coordinated Harassment
EVT-0000412,C-002,A-0010,S-00036,,TGT-002,2026-07-03T20:29:29+00:00,search,account,account_layer,viewed,0.776,P05,True Positive - Coordinated Harassment
EVT-0000413,C-002,A-0013,S-00046,,,2026-07-03T19:57:31+00:00,login,reporting,chat,updated,0.53,P08,True Positive - Coordinated Harassment
EVT-0000414,C-002,A-0019,S-00070,CT-000270,TGT-002,2026-07-03T19:55:13+00:00,post,reporting,api,updated,0.649,P12,True Positive - Coordinated Harassment
EVT-0000415,C-002,A-0024,S-00085,,TGT-002,2026-07-03T20:19:17+00:00,login,search,moderation_queue,submitted,0.554,P05,True Positive - Coordinated Harassment
EVT-0000416,C-002,A-0015,S-00056,CT-000271,TGT-002,2026-07-07T07:19:00+00:00,post,system,moderation_queue,shared,0.815,P12,True Positive - Coordinated Harassment
EVT-0000417,C-002,A-0024,S-00085,,TGT-002,2026-07-05T17:27:00+00:00,search,system,chat,updated,0.737,P12,True Positive - Coordinated Harassment
EVT-0000418,C-002,A-0015,S-00056,CT-000272,TGT-002,2026-07-03T19:31:49+00:00,post,account,chat,submitted,0.817,P12,True Positive - Coordinated Harassment
EVT-0000419,C-002,A-0020,S-00072,,TGT-002,2026-07-03T18:31:46+00:00,search,system,api,created,0.727,P05,True Positive - Coordinated Harassment
EVT-0000420,C-002,A-0023,S-00082,,,2026-07-06T08:45:00+00:00,profile_update,chat,api,updated,0.465,P02,True Positive - Coordinated Harassment
EVT-0000421,C-002,A-0020,S-00073,CT-000273,TGT-002,2026-07-03T18:51:48+00:00,report,search,moderation_queue,shared,0.574,P08,True Positive - Coordinated Harassment
EVT-0000422,C-002,A-0013,S-00047,CT-000274,TGT-002,2026-07-03T19:59:15+00:00,post,reporting,moderation_queue,created,0.508,P03,True Positive - Coordinated Harassment
EVT-0000423,C-002,A-0023,S-00082,CT-000275,TGT-002,2026-07-03T19:51:21+00:00,post,reporting,moderation_queue,viewed,0.561,P05,True Positive - Coordinated Harassment
EVT-0000424,C-002,A-0010,S-00035,CT-000276,TGT-002,2026-07-04T07:30:00+00:00,post,reporting,account_layer,submitted,0.664,P05,True Positive - Coordinated Harassment
EVT-0000425,C-002,A-0020,S-00073,CT-000277,TGT-002,2026-07-06T14:12:00+00:00,message,reporting,api,updated,0.804,P08,True Positive - Coordinated Harassment
EVT-0000426,C-002,A-0026,S-00090,CT-000278,TGT-002,2026-07-04T20:41:00+00:00,message,account,api,viewed,0.756,P05,True Positive - Coordinated Harassment
EVT-0000427,C-002,A-0013,S-00049,,,2026-07-07T06:06:00+00:00,profile_update,reporting,chat,submitted,0.637,,True Positive - Coordinated Harassment
EVT-0000428,C-002,A-0017,S-00060,CT-000279,TGT-002,2026-07-03T13:52:00+00:00,message,system,moderation_queue,submitted,0.83,P02,True Positive - Coordinated Harassment
EVT-0000429,C-002,A-0019,S-00067,CT-000280,TGT-002,2026-07-03T17:35:00+00:00,message,reporting,moderation_queue,submitted,0.577,P12,True Positive - Coordinated Harassment
EVT-0000430,C-002,A-0015,S-00056,,,2026-07-03T18:39:10+00:00,migration_signal,reporting,api,shared,0.449,P05,True Positive - Coordinated Harassment
EVT-0000431,C-002,A-0009,S-00032,CT-000281,TGT-002,2026-07-03T19:40:48+00:00,post,reporting,account_layer,shared,0.763,P02,True Positive - Coordinated Harassment
EVT-0000432,C-002,A-0009,S-00031,CT-000282,TGT-002,2026-07-03T18:38:40+00:00,post,chat,moderation_queue,shared,0.683,P02,True Positive - Coordinated Harassment
EVT-0000433,C-002,A-0018,S-00062,,,2026-07-03T20:13:34+00:00,login,chat,chat,updated,0.688,P03,True Positive - Coordinated Harassment
EVT-0000434,C-002,A-0024,S-00085,,,2026-07-06T13:30:00+00:00,login,reporting,account_layer,updated,0.8,P02,True Positive - Coordinated Harassment
EVT-0000435,C-002,A-0009,S-00031,,,2026-07-06T15:48:00+00:00,login,reporting,account_layer,updated,0.693,P03,True Positive - Coordinated Harassment
EVT-0000436,C-002,A-0009,S-00032,CT-000283,TGT-002,2026-07-04T17:49:00+00:00,post,chat,account_layer,shared,0.728,P12,True Positive - Coordinated Harassment
EVT-0000437,C-002,A-0012,S-00043,,,2026-07-03T18:38:48+00:00,login,system,api,submitted,0.798,,True Positive - Coordinated Harassment
EVT-0000438,C-002,A-0013,S-00049,,TGT-002,2026-07-03T19:40:25+00:00,login,system,moderation_queue,shared,0.607,P03,True Positive - Coordinated Harassment
EVT-0000439,C-002,A-0025,S-00086,CT-000284,TGT-002,2026-07-05T21:45:00+00:00,post,search,api,created,0.718,P08,True Positive - Coordinated Harassment
EVT-0000440,C-002,A-0014,S-00050,CT-000285,TGT-002,2026-07-03T20:37:53+00:00,report,account,account_layer,created,0.857,,True Positive - Coordinated Harassment
EVT-0000441,C-002,A-0012,S-00043,,TGT-002,2026-07-03T19:33:05+00:00,migration_signal,account,moderation_queue,viewed,0.801,,True Positive - Coordinated Harassment
EVT-0000442,C-002,A-0020,S-00073,CT-000286,TGT-002,2026-07-03T19:31:59+00:00,post,search,api,updated,0.595,P02,True Positive - Coordinated Harassment
EVT-0000443,C-002,A-0023,S-00083,CT-000287,TGT-002,2026-07-06T23:33:00+00:00,message,chat,api,shared,0.766,P03,True Positive - Coordinated Harassment
EVT-0000444,C-002,A-0021,S-00075,CT-000288,TGT-002,2026-07-03T18:53:10+00:00,post,account,chat,shared,0.647,P12,True Positive - Coordinated Harassment
EVT-0000445,C-002,A-0019,S-00067,,TGT-002,2026-07-06T01:22:00+00:00,migration_signal,account,account_layer,shared,0.668,P02,True Positive - Coordinated Harassment
EVT-0000446,C-002,A-0010,S-00037,,TGT-002,2026-07-03T20:37:12+00:00,search,chat,account_layer,shared,0.792,P05,True Positive - Coordinated Harassment
EVT-0000447,C-002,A-0018,S-00063,CT-000289,TGT-002,2026-07-04T11:48:00+00:00,message,chat,api,shared,0.639,P08,True Positive - Coordinated Harassment
EVT-0000448,C-002,A-0018,S-00065,,,2026-07-03T19:02:09+00:00,login,account,chat,viewed,0.636,,True Positive - Coordinated Harassment
EVT-0000449,C-002,A-0025,S-00087,,TGT-002,2026-07-03T19:06:49+00:00,migration_signal,chat,moderation_queue,viewed,0.688,P05,True Positive - Coordinated Harassment
EVT-0000450,C-002,A-0015,S-00055,,,2026-07-03T20:52:18+00:00,login,account,chat,updated,0.826,,True Positive - Coordinated Harassment
EVT-0000451,C-002,A-0021,S-00076,CT-000290,TGT-002,2026-07-03T21:01:35+00:00,post,account,account_layer,updated,0.779,P12,True Positive - Coordinated Harassment
EVT-0000452,C-002,A-0026,S-00089,CT-000291,TGT-002,2026-07-03T08:26:00+00:00,report,system,account_layer,updated,0.739,P02,True Positive - Coordinated Harassment
EVT-0000453,C-002,A-0013,S-00049,,TGT-002,2026-07-03T18:48:55+00:00,migration_signal,account,api,viewed,0.526,P03,True Positive - Coordinated Harassment
EVT-0000454,C-002,A-0013,S-00049,CT-000292,TGT-002,2026-07-03T19:54:01+00:00,message,search,api,updated,0.733,P03,True Positive - Coordinated Harassment
EVT-0000455,C-002,A-0009,S-00030,CT-000293,TGT-002,2026-07-06T21:31:00+00:00,post,system,api,viewed,0.857,,True Positive - Coordinated Harassment
EVT-0000456,C-002,A-0024,S-00085,,TGT-002,2026-07-03T20:38:15+00:00,login,chat,api,updated,0.574,,True Positive - Coordinated Harassment
EVT-0000457,C-002,A-0022,S-00078,CT-000294,TGT-002,2026-07-06T18:36:00+00:00,post,reporting,chat,created,0.817,P05,True Positive - Coordinated Harassment
EVT-0000458,C-002,A-0011,S-00039,CT-000295,TGT-002,2026-07-03T19:40:32+00:00,post,system,moderation_queue,updated,0.637,,True Positive - Coordinated Harassment
EVT-0000459,C-002,A-0024,S-00085,,,2026-07-04T00:22:00+00:00,migration_signal,search,chat,created,0.651,,True Positive - Coordinated Harassment
EVT-0000460,C-002,A-0021,S-00074,CT-000296,TGT-002,2026-07-03T19:29:28+00:00,post,chat,account_layer,created,0.711,P02,True Positive - Coordinated Harassment
EVT-0000461,C-002,A-0013,S-00045,,,2026-07-03T20:18:56+00:00,login,search,account_layer,updated,0.823,,True Positive - Coordinated Harassment
EVT-0000462,C-002,A-0022,S-00081,CT-000297,TGT-002,2026-07-03T20:02:03+00:00,message,search,moderation_queue,shared,0.507,P03,True Positive - Coordinated Harassment
EVT-0000463,C-002,A-0015,S-00055,CT-000298,TGT-002,2026-07-03T20:04:27+00:00,post,account,moderation_queue,submitted,0.645,P02,True Positive - Coordinated Harassment
EVT-0000464,C-002,A-0018,S-00062,CT-000299,TGT-002,2026-07-03T20:58:29+00:00,post,reporting,api,created,0.785,P02,True Positive - Coordinated Harassment
EVT-0000465,C-002,A-0025,S-00087,CT-000300,TGT-002,2026-07-03T21:12:17+00:00,post,search,chat,created,0.552,P12,True Positive - Coordinated Harassment
EVT-0000466,C-002,A-0021,S-00074,,,2026-07-03T19:37:03+00:00,profile_update,reporting,api,submitted,0.779,P12,True Positive - Coordinated Harassment
EVT-0000467,C-002,A-0013,S-00046,CT-000301,TGT-002,2026-07-03T18:44:47+00:00,report,chat,api,submitted,0.535,,True Positive - Coordinated Harassment
EVT-0000468,C-002,A-0010,S-00035,CT-000302,TGT-002,2026-07-06T08:53:00+00:00,message,reporting,chat,viewed,0.736,P08,True Positive - Coordinated Harassment
EVT-0000469,C-002,A-0009,S-00032,,TGT-002,2026-07-03T20:25:00+00:00,login,account,api,shared,0.487,P03,True Positive - Coordinated Harassment
EVT-0000470,C-002,A-0026,S-00092,CT-000303,TGT-002,2026-07-06T16:09:00+00:00,post,reporting,account_layer,viewed,0.51,,True Positive - Coordinated Harassment
EVT-0000471,C-002,A-0022,S-00081,CT-000304,TGT-002,2026-07-03T22:55:00+00:00,post,chat,api,created,0.799,P12,True Positive - Coordinated Harassment
EVT-0000472,C-002,A-0026,S-00092,CT-000305,TGT-002,2026-07-03T21:00:41+00:00,post,search,account_layer,submitted,0.661,P12,True Positive - Coordinated Harassment
EVT-0000473,C-002,A-0017,S-00060,CT-000306,TGT-002,2026-07-03T20:02:39+00:00,post,account,moderation_queue,submitted,0.563,P02,True Positive - Coordinated Harassment
EVT-0000474,C-002,A-0025,S-00086,CT-000307,TGT-002,2026-07-03T19:41:31+00:00,post,account,account_layer,updated,0.669,P02,True Positive - Coordinated Harassment
EVT-0000475,C-002,A-0013,S-00045,CT-000308,TGT-002,2026-07-03T18:30:32+00:00,message,chat,api,created,0.666,,True Positive - Coordinated Harassment
EVT-0000476,C-002,A-0025,S-00086,,,2026-07-03T18:38:09+00:00,login,search,moderation_queue,submitted,0.803,,True Positive - Coordinated Harassment
EVT-0000477,C-002,A-0015,S-00053,,TGT-002,2026-07-03T15:07:00+00:00,login,system,account_layer,shared,0.766,P08,True Positive - Coordinated Harassment
EVT-0000478,C-002,A-0017,S-00061,,TGT-002,2026-07-03T20:42:14+00:00,search,reporting,chat,submitted,0.768,P02,True Positive - Coordinated Harassment
EVT-0000479,C-002,A-0019,S-00069,CT-000309,TGT-002,2026-07-03T20:23:45+00:00,report,chat,chat,created,0.781,P05,True Positive - Coordinated Harassment
EVT-0000480,C-002,A-0017,S-00060,,TGT-002,2026-07-03T19:01:27+00:00,search,account,chat,viewed,0.743,P12,True Positive - Coordinated Harassment
EVT-0000481,C-002,A-0014,S-00052,CT-000310,TGT-002,2026-07-03T18:31:05+00:00,post,system,account_layer,updated,0.604,P08,True Positive - Coordinated Harassment
EVT-0000482,C-002,A-0023,S-00082,CT-000311,TGT-002,2026-07-03T18:41:18+00:00,message,system,account_layer,created,0.781,P03,True Positive - Coordinated Harassment
EVT-0000483,C-002,A-0011,S-00038,CT-000312,TGT-002,2026-07-03T19:07:19+00:00,message,chat,moderation_queue,updated,0.696,,True Positive - Coordinated Harassment
EVT-0000484,C-002,A-0023,S-00082,,TGT-002,2026-07-03T21:09:49+00:00,profile_update,search,chat,created,0.567,P02,True Positive - Coordinated Harassment
EVT-0000485,C-002,A-0019,S-00067,CT-000313,TGT-002,2026-07-03T15:38:00+00:00,post,account,moderation_queue,viewed,0.837,P12,True Positive - Coordinated Harassment
EVT-0000486,C-002,A-0025,S-00086,CT-000314,TGT-002,2026-07-03T20:43:50+00:00,post,reporting,chat,created,0.646,P03,True Positive - Coordinated Harassment
EVT-0000487,C-002,A-0016,S-00059,,TGT-002,2026-07-05T20:27:00+00:00,search,account,api,shared,0.598,P05,True Positive - Coordinated Harassment
EVT-0000488,C-002,A-0014,S-00050,,TGT-002,2026-07-03T18:53:37+00:00,profile_update,system,api,viewed,0.78,P05,True Positive - Coordinated Harassment
EVT-0000489,C-002,A-0015,S-00056,CT-000315,TGT-002,2026-07-03T20:48:01+00:00,report,system,moderation_queue,updated,0.532,P12,True Positive - Coordinated Harassment
EVT-0000490,C-002,A-0011,S-00039,CT-000316,TGT-002,2026-07-03T19:58:12+00:00,post,chat,account_layer,created,0.659,,True Positive - Coordinated Harassment
EVT-0000491,C-002,A-0011,S-00039,CT-000317,TGT-002,2026-07-03T19:59:08+00:00,post,reporting,chat,shared,0.694,P02,True Positive - Coordinated Harassment
EVT-0000492,C-002,A-0021,S-00075,CT-000318,TGT-002,2026-07-03T21:22:41+00:00,report,system,chat,updated,0.633,P05,True Positive - Coordinated Harassment
EVT-0000493,C-002,A-0010,S-00035,CT-000319,TGT-002,2026-07-03T18:48:41+00:00,post,account,chat,updated,0.852,P05,True Positive - Coordinated Harassment
EVT-0000494,C-002,A-0020,S-00072,CT-000320,TGT-002,2026-07-03T21:08:55+00:00,post,account,account_layer,viewed,0.701,P03,True Positive - Coordinated Harassment
EVT-0000495,C-002,A-0018,S-00064,CT-000321,TGT-002,2026-07-04T03:08:00+00:00,post,system,moderation_queue,viewed,0.536,,True Positive - Coordinated Harassment
EVT-0000496,C-002,A-0020,S-00073,,,2026-07-07T00:13:00+00:00,migration_signal,account,account_layer,shared,0.647,P12,True Positive - Coordinated Harassment
EVT-0000497,C-002,A-0016,S-00059,,TGT-002,2026-07-07T01:54:00+00:00,login,reporting,account_layer,updated,0.791,P08,True Positive - Coordinated Harassment
EVT-0000498,C-002,A-0024,S-00085,CT-000322,TGT-002,2026-07-03T21:07:36+00:00,post,system,account_layer,created,0.553,P05,True Positive - Coordinated Harassment
EVT-0000499,C-002,A-0013,S-00045,,TGT-002,2026-07-05T01:21:00+00:00,search,reporting,account_layer,viewed,0.67,P02,True Positive - Coordinated Harassment
EVT-0000500,C-002,A-0012,S-00041,CT-000323,TGT-002,2026-07-03T18:38:28+00:00,report,reporting,moderation_queue,updated,0.666,,True Positive - Coordinated Harassment
EVT-0000501,C-002,A-0025,S-00086,CT-000324,TGT-002,2026-07-04T22:34:00+00:00,report,chat,moderation_queue,shared,0.854,P12,True Positive - Coordinated Harassment
EVT-0000502,C-002,A-0011,S-00039,,,2026-07-03T19:14:48+00:00,login,chat,api,viewed,0.708,P03,True Positive - Coordinated Harassment
EVT-0000503,C-002,A-0014,S-00050,CT-000325,TGT-002,2026-07-04T22:00:00+00:00,message,system,moderation_queue,updated,0.576,P08,True Positive - Coordinated Harassment
EVT-0000504,C-002,A-0024,S-00084,,,2026-07-05T02:05:00+00:00,migration_signal,search,chat,submitted,0.59,P02,True Positive - Coordinated Harassment
EVT-0000505,C-002,A-0024,S-00084,CT-000326,TGT-002,2026-07-03T19:11:13+00:00,post,system,account_layer,created,0.71,P08,True Positive - Coordinated Harassment
EVT-0000506,C-002,A-0011,S-00038,CT-000327,TGT-002,2026-07-06T01:08:00+00:00,message,chat,api,created,0.802,P05,True Positive - Coordinated Harassment
EVT-0000507,C-002,A-0019,S-00069,CT-000328,TGT-002,2026-07-03T08:55:00+00:00,report,search,moderation_queue,viewed,0.537,,True Positive - Coordinated Harassment
EVT-0000508,C-002,A-0018,S-00065,CT-000329,TGT-002,2026-07-05T01:10:00+00:00,post,chat,api,submitted,0.831,P03,True Positive - Coordinated Harassment
EVT-0000509,C-002,A-0011,S-00039,CT-000330,TGT-002,2026-07-03T19:20:05+00:00,message,reporting,chat,created,0.503,,True Positive - Coordinated Harassment
EVT-0000510,C-002,A-0020,S-00071,CT-000331,TGT-002,2026-07-03T21:19:22+00:00,report,chat,chat,viewed,0.671,P03,True Positive - Coordinated Harassment
EVT-0000511,C-002,A-0023,S-00083,CT-000332,TGT-002,2026-07-06T18:02:00+00:00,post,search,chat,created,0.799,P03,True Positive - Coordinated Harassment
EVT-0000512,C-002,A-0015,S-00057,CT-000333,TGT-002,2026-07-04T03:46:00+00:00,report,system,account_layer,created,0.791,,True Positive - Coordinated Harassment
EVT-0000513,C-002,A-0022,S-00078,CT-000334,TGT-002,2026-07-03T21:19:53+00:00,post,chat,api,created,0.67,P12,True Positive - Coordinated Harassment
EVT-0000514,C-002,A-0018,S-00065,CT-000335,TGT-002,2026-07-07T00:21:00+00:00,message,account,api,created,0.829,,True Positive - Coordinated Harassment
EVT-0000515,C-002,A-0010,S-00037,CT-000336,TGT-002,2026-07-03T17:06:00+00:00,post,account,chat,shared,0.767,P12,True Positive - Coordinated Harassment
EVT-0000516,C-002,A-0012,S-00041,CT-000337,TGT-002,2026-07-03T18:44:13+00:00,post,chat,account_layer,viewed,0.584,P02,True Positive - Coordinated Harassment
EVT-0000517,C-002,A-0015,S-00053,CT-000338,TGT-002,2026-07-03T18:41:21+00:00,post,account,account_layer,submitted,0.696,,True Positive - Coordinated Harassment
EVT-0000518,C-002,A-0010,S-00036,CT-000339,TGT-002,2026-07-03T10:25:00+00:00,post,account,api,shared,0.734,P03,True Positive - Coordinated Harassment
EVT-0000519,C-002,A-0015,S-00054,CT-000340,TGT-002,2026-07-03T20:32:50+00:00,report,search,account_layer,created,0.705,P02,True Positive - Coordinated Harassment
EVT-0000520,C-002,A-0019,S-00070,CT-000341,TGT-002,2026-07-03T17:41:00+00:00,message,account,api,submitted,0.514,,True Positive - Coordinated Harassment
EVT-0000521,C-002,A-0018,S-00066,CT-000342,TGT-002,2026-07-03T18:37:08+00:00,post,search,account_layer,created,0.629,,True Positive - Coordinated Harassment
EVT-0000522,C-002,A-0018,S-00063,CT-000343,TGT-002,2026-07-04T07:42:00+00:00,message,chat,api,created,0.731,P08,True Positive - Coordinated Harassment
EVT-0000523,C-002,A-0026,S-00089,CT-000344,TGT-002,2026-07-03T18:40:48+00:00,post,account,moderation_queue,created,0.712,,True Positive - Coordinated Harassment
EVT-0000524,C-002,A-0014,S-00050,,,2026-07-04T18:55:00+00:00,login,search,moderation_queue,viewed,0.638,P05,True Positive - Coordinated Harassment
EVT-0000525,C-002,A-0014,S-00051,,TGT-002,2026-07-03T19:21:14+00:00,login,search,account_layer,created,0.593,P08,True Positive - Coordinated Harassment
EVT-0000526,C-002,A-0025,S-00087,CT-000345,TGT-002,2026-07-06T06:05:00+00:00,post,search,moderation_queue,viewed,0.856,P05,True Positive - Coordinated Harassment
EVT-0000527,C-002,A-0018,S-00066,CT-000346,TGT-002,2026-07-03T19:06:27+00:00,message,reporting,chat,shared,0.647,P02,True Positive - Coordinated Harassment
EVT-0000528,C-002,A-0021,S-00075,,,2026-07-04T10:25:00+00:00,profile_update,chat,api,viewed,0.601,P08,True Positive - Coordinated Harassment
EVT-0000529,C-002,A-0009,S-00031,,TGT-002,2026-07-03T19:27:52+00:00,search,chat,moderation_queue,updated,0.488,P12,True Positive - Coordinated Harassment
EVT-0000530,C-002,A-0024,S-00084,,TGT-002,2026-07-03T08:58:00+00:00,profile_update,chat,account_layer,submitted,0.773,P05,True Positive - Coordinated Harassment
EVT-0000531,C-002,A-0017,S-00060,CT-000347,TGT-002,2026-07-03T20:31:43+00:00,post,system,account_layer,viewed,0.772,,True Positive - Coordinated Harassment
EVT-0000532,C-002,A-0017,S-00061,CT-000348,TGT-002,2026-07-03T19:41:41+00:00,post,chat,moderation_queue,shared,0.749,,True Positive - Coordinated Harassment
EVT-0000533,C-002,A-0026,S-00088,CT-000349,TGT-002,2026-07-03T21:26:46+00:00,message,account,api,viewed,0.842,,True Positive - Coordinated Harassment
EVT-0000534,C-002,A-0024,S-00085,CT-000350,TGT-002,2026-07-03T19:28:37+00:00,message,reporting,api,shared,0.669,P02,True Positive - Coordinated Harassment
EVT-0000535,C-002,A-0020,S-00072,CT-000351,TGT-002,2026-07-03T18:55:53+00:00,post,system,account_layer,viewed,0.796,P02,True Positive - Coordinated Harassment
EVT-0000536,C-002,A-0009,S-00032,CT-000352,TGT-002,2026-07-06T11:47:00+00:00,post,reporting,chat,submitted,0.574,P03,True Positive - Coordinated Harassment
EVT-0000537,C-002,A-0022,S-00078,CT-000353,TGT-002,2026-07-03T20:37:00+00:00,post,account,chat,submitted,0.658,P03,True Positive - Coordinated Harassment
EVT-0000538,C-002,A-0011,S-00038,,,2026-07-03T19:39:52+00:00,login,search,api,created,0.539,,True Positive - Coordinated Harassment
EVT-0000539,C-002,A-0016,S-00058,CT-000354,TGT-002,2026-07-04T22:43:00+00:00,post,account,chat,viewed,0.717,,True Positive - Coordinated Harassment
EVT-0000540,C-002,A-0023,S-00082,CT-000355,TGT-002,2026-07-03T19:04:25+00:00,post,system,chat,created,0.641,P12,True Positive - Coordinated Harassment
EVT-0000541,C-003,A-0027,S-00095,CT-000356,TGT-004,2026-07-07T20:00:00+00:00,post,system,account_layer,viewed,0.463,P01,True Positive - Ban Evasion
EVT-0000542,C-003,A-0032,S-00112,CT-000357,TGT-004,2026-07-08T18:02:00+00:00,post,chat,moderation_queue,submitted,0.741,,True Positive - Ban Evasion
EVT-0000543,C-003,A-0028,S-00100,,TGT-004,2026-07-06T13:03:00+00:00,search,account,moderation_queue,shared,0.372,P06,True Positive - Ban Evasion
EVT-0000544,C-003,A-0029,S-00104,CT-000358,TGT-004,2026-07-06T12:36:00+00:00,report,chat,chat,viewed,0.717,P05,True Positive - Ban Evasion
EVT-0000545,C-003,A-0027,S-00094,,TGT-003,2026-07-06T20:16:00+00:00,migration_signal,reporting,moderation_queue,viewed,0.628,P06,True Positive - Ban Evasion
EVT-0000546,C-003,A-0030,S-00105,CT-000359,TGT-004,2026-07-08T03:26:00+00:00,post,search,moderation_queue,created,0.554,P09,True Positive - Ban Evasion
EVT-0000547,C-003,A-0031,S-00108,CT-000360,TGT-004,2026-07-06T18:59:00+00:00,post,chat,moderation_queue,submitted,0.497,,True Positive - Ban Evasion
EVT-0000548,C-003,A-0030,S-00105,,,2026-07-06T10:38:00+00:00,login,system,moderation_queue,submitted,0.375,P01,True Positive - Ban Evasion
EVT-0000549,C-003,A-0031,S-00109,CT-000361,TGT-004,2026-07-06T02:33:00+00:00,post,reporting,api,shared,0.65,P05,True Positive - Ban Evasion
EVT-0000550,C-003,A-0028,S-00100,,TGT-003,2026-07-07T21:56:00+00:00,profile_update,reporting,account_layer,updated,0.488,P05,True Positive - Ban Evasion
EVT-0000551,C-003,A-0034,S-00120,,TGT-004,2026-07-08T12:23:00+00:00,search,search,account_layer,viewed,0.386,P06,True Positive - Ban Evasion
EVT-0000552,C-003,A-0033,S-00115,CT-000362,TGT-004,2026-07-09T00:44:00+00:00,post,system,account_layer,updated,0.777,,True Positive - Ban Evasion
EVT-0000553,C-003,A-0030,S-00105,CT-000363,TGT-004,2026-07-07T17:31:00+00:00,report,reporting,account_layer,created,0.678,P06,True Positive - Ban Evasion
EVT-0000554,C-003,A-0032,S-00111,CT-000364,TGT-003,2026-07-09T07:57:00+00:00,post,reporting,account_layer,updated,0.73,,True Positive - Ban Evasion
EVT-0000555,C-003,A-0032,S-00113,,TGT-004,2026-07-08T12:49:00+00:00,search,chat,chat,viewed,0.744,P09,True Positive - Ban Evasion
EVT-0000556,C-003,A-0030,S-00106,,TGT-004,2026-07-05T12:09:00+00:00,search,system,api,viewed,0.618,P05,True Positive - Ban Evasion
EVT-0000557,C-003,A-0033,S-00116,,TGT-004,2026-07-08T22:07:00+00:00,migration_signal,reporting,moderation_queue,shared,0.66,P05,True Positive - Ban Evasion
EVT-0000558,C-003,A-0027,S-00093,,,2026-07-06T06:08:00+00:00,login,search,moderation_queue,updated,0.554,P09,True Positive - Ban Evasion
EVT-0000559,C-003,A-0034,S-00117,CT-000365,TGT-004,2026-07-06T01:30:00+00:00,post,chat,api,viewed,0.72,P09,True Positive - Ban Evasion
EVT-0000560,C-003,A-0027,S-00094,,TGT-004,2026-07-06T19:06:00+00:00,search,system,moderation_queue,viewed,0.706,,True Positive - Ban Evasion
EVT-0000561,C-003,A-0028,S-00100,CT-000366,TGT-003,2026-07-06T19:44:00+00:00,report,account,moderation_queue,created,0.663,P05,True Positive - Ban Evasion
EVT-0000562,C-003,A-0028,S-00101,,,2026-07-07T03:21:00+00:00,login,search,chat,shared,0.361,P05,True Positive - Ban Evasion
EVT-0000563,C-003,A-0031,S-00107,,,2026-07-06T03:35:00+00:00,login,account,api,submitted,0.676,,True Positive - Ban Evasion
EVT-0000564,C-003,A-0029,S-00102,CT-000367,TGT-004,2026-07-08T20:04:00+00:00,message,search,account_layer,submitted,0.7,,True Positive - Ban Evasion
EVT-0000565,C-003,A-0032,S-00114,,,2026-07-07T20:14:00+00:00,login,reporting,moderation_queue,shared,0.558,P05,True Positive - Ban Evasion
EVT-0000566,C-003,A-0032,S-00111,CT-000368,TGT-003,2026-07-08T23:11:00+00:00,post,system,api,updated,0.592,P01,True Positive - Ban Evasion
EVT-0000567,C-003,A-0030,S-00105,CT-000369,TGT-003,2026-07-07T20:07:00+00:00,post,search,chat,viewed,0.636,P01,True Positive - Ban Evasion
EVT-0000568,C-003,A-0029,S-00103,CT-000370,TGT-004,2026-07-07T14:01:00+00:00,post,system,chat,created,0.594,,True Positive - Ban Evasion
EVT-0000569,C-003,A-0035,S-00121,,,2026-07-07T23:02:00+00:00,login,search,api,shared,0.409,P05,True Positive - Ban Evasion
EVT-0000570,C-003,A-0033,S-00116,CT-000371,TGT-003,2026-07-06T11:46:00+00:00,post,chat,moderation_queue,viewed,0.442,,True Positive - Ban Evasion
EVT-0000571,C-003,A-0035,S-00121,CT-000372,TGT-004,2026-07-07T12:24:00+00:00,post,chat,account_layer,viewed,0.7,P06,True Positive - Ban Evasion
EVT-0000572,C-003,A-0030,S-00105,CT-000373,TGT-004,2026-07-07T16:57:00+00:00,post,reporting,chat,created,0.738,P06,True Positive - Ban Evasion
EVT-0000573,C-003,A-0030,S-00105,,,2026-07-06T12:18:00+00:00,profile_update,chat,chat,created,0.719,,True Positive - Ban Evasion
EVT-0000574,C-003,A-0032,S-00110,,,2026-07-08T05:13:00+00:00,login,reporting,account_layer,viewed,0.422,,True Positive - Ban Evasion
EVT-0000575,C-003,A-0034,S-00119,,TGT-004,2026-07-07T13:16:00+00:00,login,chat,api,submitted,0.541,P01,True Positive - Ban Evasion
EVT-0000576,C-003,A-0029,S-00103,CT-000374,TGT-003,2026-07-09T00:59:00+00:00,post,system,moderation_queue,updated,0.501,,True Positive - Ban Evasion
EVT-0000577,C-003,A-0034,S-00120,CT-000375,TGT-004,2026-07-05T08:51:00+00:00,message,chat,account_layer,created,0.75,,True Positive - Ban Evasion
EVT-0000578,C-003,A-0033,S-00115,,TGT-004,2026-07-07T17:10:00+00:00,search,chat,api,updated,0.423,P01,True Positive - Ban Evasion
EVT-0000579,C-003,A-0028,S-00099,,,2026-07-08T19:32:00+00:00,migration_signal,reporting,chat,viewed,0.714,,True Positive - Ban Evasion
EVT-0000580,C-003,A-0034,S-00120,,,2026-07-06T17:25:00+00:00,login,reporting,account_layer,shared,0.451,P06,True Positive - Ban Evasion
EVT-0000581,C-003,A-0035,S-00121,CT-000376,TGT-003,2026-07-08T13:43:00+00:00,message,reporting,moderation_queue,created,0.554,,True Positive - Ban Evasion
EVT-0000582,C-003,A-0033,S-00116,CT-000377,TGT-004,2026-07-08T04:06:00+00:00,post,search,moderation_queue,updated,0.582,P09,True Positive - Ban Evasion
EVT-0000583,C-003,A-0034,S-00119,,TGT-003,2026-07-05T22:34:00+00:00,login,reporting,chat,submitted,0.538,P06,True Positive - Ban Evasion
EVT-0000584,C-003,A-0035,S-00122,CT-000378,TGT-004,2026-07-09T04:36:00+00:00,post,system,moderation_queue,submitted,0.684,,True Positive - Ban Evasion
EVT-0000585,C-003,A-0028,S-00098,CT-000379,TGT-004,2026-07-09T02:55:00+00:00,post,search,chat,created,0.466,,True Positive - Ban Evasion
EVT-0000586,C-003,A-0032,S-00113,CT-000380,TGT-003,2026-07-07T02:23:00+00:00,post,search,account_layer,viewed,0.717,P09,True Positive - Ban Evasion
EVT-0000587,C-003,A-0032,S-00110,CT-000381,TGT-003,2026-07-07T08:22:00+00:00,message,chat,api,viewed,0.627,,True Positive - Ban Evasion
EVT-0000588,C-003,A-0029,S-00104,CT-000382,TGT-003,2026-07-07T00:46:00+00:00,post,chat,chat,created,0.515,P05,True Positive - Ban Evasion
EVT-0000589,C-003,A-0028,S-00100,CT-000383,TGT-004,2026-07-05T17:37:00+00:00,message,system,moderation_queue,shared,0.735,P01,True Positive - Ban Evasion
EVT-0000590,C-003,A-0033,S-00116,CT-000384,TGT-003,2026-07-05T12:01:00+00:00,post,system,chat,created,0.643,P05,True Positive - Ban Evasion
EVT-0000591,C-003,A-0031,S-00107,CT-000385,TGT-003,2026-07-08T19:19:00+00:00,post,reporting,chat,submitted,0.754,P09,True Positive - Ban Evasion
EVT-0000592,C-003,A-0034,S-00119,CT-000386,TGT-004,2026-07-05T17:25:00+00:00,post,search,chat,viewed,0.754,P05,True Positive - Ban Evasion
EVT-0000593,C-003,A-0035,S-00121,,,2026-07-08T07:26:00+00:00,login,account,moderation_queue,updated,0.483,P09,True Positive - Ban Evasion
EVT-0000594,C-003,A-0028,S-00100,,,2026-07-08T20:43:00+00:00,migration_signal,search,account_layer,submitted,0.746,,True Positive - Ban Evasion
EVT-0000595,C-003,A-0029,S-00103,,,2026-07-06T16:10:00+00:00,migration_signal,account,chat,created,0.522,P09,True Positive - Ban Evasion
EVT-0000596,C-003,A-0033,S-00115,,,2026-07-06T00:52:00+00:00,migration_signal,search,api,updated,0.608,P01,True Positive - Ban Evasion
EVT-0000597,C-003,A-0029,S-00103,CT-000387,TGT-004,2026-07-05T12:33:00+00:00,message,search,moderation_queue,submitted,0.65,,True Positive - Ban Evasion
EVT-0000598,C-003,A-0031,S-00109,CT-000388,TGT-003,2026-07-05T11:48:00+00:00,post,chat,account_layer,viewed,0.64,P01,True Positive - Ban Evasion
EVT-0000599,C-003,A-0027,S-00095,CT-000389,TGT-004,2026-07-05T21:09:00+00:00,message,system,account_layer,submitted,0.755,,True Positive - Ban Evasion
EVT-0000600,C-003,A-0032,S-00110,CT-000390,TGT-004,2026-07-07T05:10:00+00:00,post,chat,chat,created,0.677,,True Positive - Ban Evasion
EVT-0000601,C-003,A-0031,S-00108,CT-000391,TGT-003,2026-07-08T23:58:00+00:00,message,chat,moderation_queue,shared,0.663,,True Positive - Ban Evasion
EVT-0000602,C-003,A-0034,S-00120,CT-000392,TGT-003,2026-07-06T20:00:00+00:00,post,account,moderation_queue,viewed,0.618,,True Positive - Ban Evasion
EVT-0000603,C-003,A-0033,S-00116,,TGT-003,2026-07-07T04:09:00+00:00,migration_signal,search,chat,shared,0.616,P05,True Positive - Ban Evasion
EVT-0000604,C-003,A-0033,S-00116,,TGT-004,2026-07-08T01:26:00+00:00,search,search,api,viewed,0.651,P06,True Positive - Ban Evasion
EVT-0000605,C-003,A-0033,S-00115,CT-000393,TGT-004,2026-07-08T11:10:00+00:00,message,system,chat,viewed,0.595,P01,True Positive - Ban Evasion
EVT-0000606,C-003,A-0029,S-00103,CT-000394,TGT-004,2026-07-07T15:23:00+00:00,post,chat,account_layer,shared,0.534,,True Positive - Ban Evasion
EVT-0000607,C-003,A-0033,S-00115,,TGT-003,2026-07-09T04:34:00+00:00,search,account,api,submitted,0.744,P01,True Positive - Ban Evasion
EVT-0000608,C-003,A-0033,S-00115,,TGT-004,2026-07-07T09:04:00+00:00,login,account,api,created,0.462,P06,True Positive - Ban Evasion
EVT-0000609,C-003,A-0030,S-00106,,TGT-003,2026-07-08T01:08:00+00:00,search,search,moderation_queue,created,0.518,P01,True Positive - Ban Evasion
EVT-0000610,C-003,A-0033,S-00115,CT-000395,TGT-003,2026-07-06T15:41:00+00:00,message,account,chat,created,0.671,P06,True Positive - Ban Evasion
EVT-0000611,C-003,A-0032,S-00114,,,2026-07-09T06:38:00+00:00,login,account,moderation_queue,viewed,0.431,P09,True Positive - Ban Evasion
EVT-0000612,C-003,A-0027,S-00097,CT-000396,TGT-003,2026-07-09T02:23:00+00:00,post,account,api,created,0.754,P06,True Positive - Ban Evasion
EVT-0000613,C-003,A-0031,S-00109,CT-000397,TGT-003,2026-07-07T08:47:00+00:00,report,reporting,api,created,0.71,P01,True Positive - Ban Evasion
EVT-0000614,C-003,A-0029,S-00103,CT-000398,TGT-003,2026-07-08T17:33:00+00:00,message,chat,moderation_queue,viewed,0.773,,True Positive - Ban Evasion
EVT-0000615,C-003,A-0032,S-00113,,TGT-004,2026-07-05T15:42:00+00:00,login,search,account_layer,updated,0.683,,True Positive - Ban Evasion
EVT-0000616,C-003,A-0028,S-00098,,TGT-003,2026-07-05T08:23:00+00:00,login,reporting,api,updated,0.604,P06,True Positive - Ban Evasion
EVT-0000617,C-003,A-0030,S-00105,CT-000399,TGT-003,2026-07-08T00:56:00+00:00,post,system,api,submitted,0.608,,True Positive - Ban Evasion
EVT-0000618,C-003,A-0032,S-00114,CT-000400,TGT-004,2026-07-07T18:11:00+00:00,report,chat,chat,shared,0.772,P01,True Positive - Ban Evasion
EVT-0000619,C-003,A-0032,S-00112,CT-000401,TGT-004,2026-07-08T09:02:00+00:00,post,chat,moderation_queue,viewed,0.465,P09,True Positive - Ban Evasion
EVT-0000620,C-003,A-0028,S-00101,,TGT-003,2026-07-07T23:28:00+00:00,migration_signal,chat,chat,shared,0.643,P06,True Positive - Ban Evasion
EVT-0000621,C-003,A-0033,S-00115,,TGT-004,2026-07-05T13:20:00+00:00,search,account,api,viewed,0.554,P09,True Positive - Ban Evasion
EVT-0000622,C-003,A-0028,S-00099,CT-000402,TGT-004,2026-07-08T10:22:00+00:00,message,system,account_layer,updated,0.664,P09,True Positive - Ban Evasion
EVT-0000623,C-003,A-0035,S-00121,,TGT-003,2026-07-07T06:40:00+00:00,search,chat,moderation_queue,viewed,0.735,,True Positive - Ban Evasion
EVT-0000624,C-003,A-0034,S-00120,,TGT-004,2026-07-06T12:54:00+00:00,search,chat,account_layer,viewed,0.676,,True Positive - Ban Evasion
EVT-0000625,C-003,A-0028,S-00100,CT-000403,TGT-003,2026-07-06T04:32:00+00:00,post,system,account_layer,updated,0.711,,True Positive - Ban Evasion
EVT-0000626,C-003,A-0031,S-00107,CT-000404,TGT-003,2026-07-06T18:58:00+00:00,post,reporting,chat,created,0.564,P06,True Positive - Ban Evasion
EVT-0000627,C-003,A-0029,S-00104,,,2026-07-08T02:18:00+00:00,migration_signal,system,api,updated,0.674,,True Positive - Ban Evasion
EVT-0000628,C-003,A-0031,S-00109,CT-000405,TGT-003,2026-07-08T21:50:00+00:00,post,system,moderation_queue,shared,0.442,P09,True Positive - Ban Evasion
EVT-0000629,C-003,A-0032,S-00112,CT-000406,TGT-003,2026-07-06T08:11:00+00:00,post,search,api,created,0.642,P05,True Positive - Ban Evasion
EVT-0000630,C-003,A-0035,S-00122,CT-000407,TGT-004,2026-07-09T02:54:00+00:00,report,chat,moderation_queue,updated,0.746,P06,True Positive - Ban Evasion
EVT-0000631,C-003,A-0034,S-00119,,,2026-07-07T15:15:00+00:00,login,search,chat,created,0.66,,True Positive - Ban Evasion
EVT-0000632,C-003,A-0029,S-00102,CT-000408,TGT-003,2026-07-08T04:05:00+00:00,post,reporting,api,created,0.52,,True Positive - Ban Evasion
EVT-0000633,C-003,A-0031,S-00107,CT-000409,TGT-004,2026-07-07T17:50:00+00:00,post,search,api,viewed,0.524,,True Positive - Ban Evasion
EVT-0000634,C-003,A-0028,S-00101,,TGT-004,2026-07-08T10:49:00+00:00,search,search,chat,submitted,0.74,P06,True Positive - Ban Evasion
EVT-0000635,C-003,A-0027,S-00096,CT-000410,TGT-004,2026-07-07T23:15:00+00:00,post,search,moderation_queue,shared,0.75,P05,True Positive - Ban Evasion
EVT-0000636,C-003,A-0030,S-00106,,,2026-07-07T11:45:00+00:00,profile_update,system,account_layer,updated,0.7,,True Positive - Ban Evasion
EVT-0000637,C-003,A-0028,S-00101,CT-000411,TGT-004,2026-07-05T18:54:00+00:00,post,account,api,viewed,0.608,P05,True Positive - Ban Evasion
EVT-0000638,C-003,A-0031,S-00109,CT-000412,TGT-004,2026-07-05T22:58:00+00:00,post,reporting,chat,shared,0.753,P01,True Positive - Ban Evasion
EVT-0000639,C-003,A-0029,S-00102,CT-000413,TGT-004,2026-07-06T08:09:00+00:00,post,account,chat,viewed,0.747,,True Positive - Ban Evasion
EVT-0000640,C-003,A-0029,S-00103,,,2026-07-05T19:08:00+00:00,profile_update,search,chat,updated,0.417,,True Positive - Ban Evasion
EVT-0000641,C-003,A-0032,S-00111,CT-000414,TGT-004,2026-07-08T15:06:00+00:00,message,reporting,api,created,0.479,P09,True Positive - Ban Evasion
EVT-0000642,C-003,A-0032,S-00110,,,2026-07-08T07:19:00+00:00,login,reporting,api,updated,0.49,P06,True Positive - Ban Evasion
EVT-0000643,C-003,A-0032,S-00111,CT-000415,TGT-004,2026-07-08T06:54:00+00:00,post,reporting,chat,viewed,0.527,P09,True Positive - Ban Evasion
EVT-0000644,C-003,A-0030,S-00106,CT-000416,TGT-004,2026-07-08T19:35:00+00:00,post,system,account_layer,submitted,0.603,,True Positive - Ban Evasion
EVT-0000645,C-003,A-0034,S-00117,CT-000417,TGT-003,2026-07-08T00:20:00+00:00,post,account,api,submitted,0.434,,True Positive - Ban Evasion
EVT-0000646,C-003,A-0030,S-00105,CT-000418,TGT-004,2026-07-08T04:04:00+00:00,post,account,chat,shared,0.549,,True Positive - Ban Evasion
EVT-0000647,C-003,A-0031,S-00109,,TGT-004,2026-07-08T20:03:00+00:00,login,reporting,api,viewed,0.727,P01,True Positive - Ban Evasion
EVT-0000648,C-003,A-0029,S-00102,CT-000419,TGT-004,2026-07-09T02:51:00+00:00,message,system,chat,viewed,0.692,P01,True Positive - Ban Evasion
EVT-0000649,C-003,A-0034,S-00120,CT-000420,TGT-003,2026-07-09T02:59:00+00:00,report,search,moderation_queue,updated,0.495,P06,True Positive - Ban Evasion
EVT-0000650,C-003,A-0035,S-00121,,TGT-003,2026-07-07T11:05:00+00:00,migration_signal,chat,chat,updated,0.664,,True Positive - Ban Evasion
EVT-0000651,C-003,A-0030,S-00105,,,2026-07-06T13:17:00+00:00,login,chat,moderation_queue,viewed,0.417,P06,True Positive - Ban Evasion
EVT-0000652,C-003,A-0033,S-00116,,TGT-004,2026-07-06T05:53:00+00:00,search,reporting,api,viewed,0.563,,True Positive - Ban Evasion
EVT-0000653,C-003,A-0032,S-00114,,TGT-003,2026-07-06T11:55:00+00:00,login,account,chat,submitted,0.657,P05,True Positive - Ban Evasion
EVT-0000654,C-003,A-0032,S-00111,CT-000421,TGT-004,2026-07-06T17:25:00+00:00,post,search,account_layer,viewed,0.436,P05,True Positive - Ban Evasion
EVT-0000655,C-003,A-0033,S-00115,,TGT-004,2026-07-08T02:23:00+00:00,login,chat,chat,submitted,0.672,P01,True Positive - Ban Evasion
EVT-0000656,C-003,A-0028,S-00099,CT-000422,TGT-003,2026-07-06T22:42:00+00:00,post,reporting,chat,viewed,0.671,P06,True Positive - Ban Evasion
EVT-0000657,C-003,A-0027,S-00093,CT-000423,TGT-003,2026-07-07T07:11:00+00:00,message,chat,moderation_queue,submitted,0.619,,True Positive - Ban Evasion
EVT-0000658,C-003,A-0032,S-00112,CT-000424,TGT-004,2026-07-07T21:36:00+00:00,post,system,moderation_queue,viewed,0.67,P09,True Positive - Ban Evasion
EVT-0000659,C-003,A-0029,S-00102,CT-000425,TGT-003,2026-07-06T05:39:00+00:00,post,reporting,chat,shared,0.755,,True Positive - Ban Evasion
EVT-0000660,C-003,A-0034,S-00118,CT-000426,TGT-004,2026-07-06T17:14:00+00:00,post,account,api,viewed,0.554,P09,True Positive - Ban Evasion
EVT-0000661,C-003,A-0034,S-00118,CT-000427,TGT-003,2026-07-07T08:04:00+00:00,post,reporting,api,created,0.771,P09,True Positive - Ban Evasion
EVT-0000662,C-003,A-0028,S-00098,,TGT-003,2026-07-08T13:21:00+00:00,search,search,api,updated,0.523,P01,True Positive - Ban Evasion
EVT-0000663,C-003,A-0029,S-00103,CT-000428,TGT-003,2026-07-07T03:13:00+00:00,post,system,moderation_queue,shared,0.665,P09,True Positive - Ban Evasion
EVT-0000664,C-003,A-0031,S-00109,CT-000429,TGT-004,2026-07-07T14:45:00+00:00,post,reporting,api,submitted,0.764,P06,True Positive - Ban Evasion
EVT-0000665,C-003,A-0031,S-00109,CT-000430,TGT-004,2026-07-07T23:49:00+00:00,post,reporting,moderation_queue,shared,0.579,P06,True Positive - Ban Evasion
EVT-0000666,C-003,A-0028,S-00101,CT-000431,TGT-003,2026-07-09T06:41:00+00:00,post,search,api,shared,0.508,P06,True Positive - Ban Evasion
EVT-0000667,C-003,A-0031,S-00107,CT-000432,TGT-004,2026-07-07T16:14:00+00:00,post,account,chat,shared,0.677,,True Positive - Ban Evasion
EVT-0000668,C-003,A-0029,S-00104,,TGT-004,2026-07-07T05:17:00+00:00,migration_signal,reporting,moderation_queue,shared,0.482,P06,True Positive - Ban Evasion
EVT-0000669,C-003,A-0035,S-00121,CT-000433,TGT-003,2026-07-07T11:21:00+00:00,post,system,chat,updated,0.536,,True Positive - Ban Evasion
EVT-0000670,C-003,A-0034,S-00117,,TGT-003,2026-07-09T07:04:00+00:00,search,reporting,account_layer,updated,0.409,P05,True Positive - Ban Evasion
EVT-0000671,C-003,A-0028,S-00099,CT-000434,TGT-004,2026-07-09T04:47:00+00:00,post,reporting,moderation_queue,updated,0.768,,True Positive - Ban Evasion
EVT-0000672,C-003,A-0034,S-00117,CT-000435,TGT-004,2026-07-06T22:41:00+00:00,post,account,moderation_queue,shared,0.477,P06,True Positive - Ban Evasion
EVT-0000673,C-003,A-0032,S-00111,,,2026-07-08T06:11:00+00:00,login,system,moderation_queue,created,0.718,P09,True Positive - Ban Evasion
EVT-0000674,C-003,A-0034,S-00117,CT-000436,TGT-003,2026-07-05T19:20:00+00:00,report,account,chat,submitted,0.62,P05,True Positive - Ban Evasion
EVT-0000675,C-003,A-0030,S-00105,CT-000437,TGT-004,2026-07-06T17:56:00+00:00,post,system,account_layer,created,0.598,P06,True Positive - Ban Evasion
EVT-0000676,C-003,A-0030,S-00106,,TGT-003,2026-07-05T22:20:00+00:00,search,system,account_layer,shared,0.411,P06,True Positive - Ban Evasion
EVT-0000677,C-003,A-0033,S-00115,CT-000438,TGT-004,2026-07-09T01:01:00+00:00,post,system,chat,updated,0.597,P05,True Positive - Ban Evasion
EVT-0000678,C-003,A-0029,S-00103,CT-000439,TGT-003,2026-07-05T22:52:00+00:00,report,system,moderation_queue,viewed,0.452,,True Positive - Ban Evasion
EVT-0000679,C-003,A-0029,S-00102,CT-000440,TGT-004,2026-07-07T06:01:00+00:00,message,search,chat,viewed,0.722,P09,True Positive - Ban Evasion
EVT-0000680,C-003,A-0030,S-00105,,TGT-004,2026-07-05T15:28:00+00:00,migration_signal,reporting,api,created,0.45,,True Positive - Ban Evasion
EVT-0000681,C-003,A-0033,S-00115,CT-000441,TGT-003,2026-07-06T07:39:00+00:00,message,account,chat,shared,0.786,P09,True Positive - Ban Evasion
EVT-0000682,C-003,A-0033,S-00115,,TGT-003,2026-07-07T07:11:00+00:00,login,system,chat,submitted,0.379,P09,True Positive - Ban Evasion
EVT-0000683,C-003,A-0035,S-00121,CT-000442,TGT-004,2026-07-07T22:33:00+00:00,report,system,moderation_queue,updated,0.48,P01,True Positive - Ban Evasion
EVT-0000684,C-003,A-0029,S-00103,CT-000443,TGT-004,2026-07-08T07:18:00+00:00,post,system,moderation_queue,viewed,0.705,,True Positive - Ban Evasion
EVT-0000685,C-003,A-0035,S-00122,CT-000444,TGT-004,2026-07-06T05:54:00+00:00,post,account,moderation_queue,shared,0.525,P05,True Positive - Ban Evasion
EVT-0000686,C-003,A-0030,S-00105,,,2026-07-05T12:27:00+00:00,migration_signal,search,moderation_queue,shared,0.489,,True Positive - Ban Evasion
EVT-0000687,C-003,A-0030,S-00106,CT-000445,TGT-003,2026-07-08T19:07:00+00:00,post,chat,chat,updated,0.744,P05,True Positive - Ban Evasion
EVT-0000688,C-003,A-0030,S-00106,,TGT-004,2026-07-06T21:30:00+00:00,migration_signal,account,moderation_queue,updated,0.648,,True Positive - Ban Evasion
EVT-0000689,C-003,A-0035,S-00122,CT-000446,TGT-004,2026-07-06T23:37:00+00:00,post,account,api,updated,0.431,,True Positive - Ban Evasion
EVT-0000690,C-003,A-0035,S-00122,,,2026-07-06T08:37:00+00:00,login,system,moderation_queue,updated,0.75,P01,True Positive - Ban Evasion
EVT-0000691,C-003,A-0033,S-00115,CT-000447,TGT-003,2026-07-06T20:42:00+00:00,message,reporting,chat,shared,0.608,P01,True Positive - Ban Evasion
EVT-0000692,C-003,A-0034,S-00119,,,2026-07-06T10:51:00+00:00,migration_signal,account,chat,submitted,0.748,,True Positive - Ban Evasion
EVT-0000693,C-003,A-0031,S-00107,,,2026-07-07T12:46:00+00:00,profile_update,reporting,moderation_queue,created,0.534,,True Positive - Ban Evasion
EVT-0000694,C-003,A-0034,S-00117,,,2026-07-07T20:47:00+00:00,login,reporting,chat,submitted,0.439,P05,True Positive - Ban Evasion
EVT-0000695,C-003,A-0034,S-00117,CT-000448,TGT-004,2026-07-05T19:26:00+00:00,post,reporting,moderation_queue,shared,0.453,P01,True Positive - Ban Evasion
EVT-0000696,C-003,A-0027,S-00094,CT-000449,TGT-003,2026-07-05T20:50:00+00:00,message,account,api,updated,0.567,P05,True Positive - Ban Evasion
EVT-0000697,C-003,A-0028,S-00099,,,2026-07-07T04:14:00+00:00,login,chat,chat,viewed,0.658,P09,True Positive - Ban Evasion
EVT-0000698,C-003,A-0030,S-00105,CT-000450,TGT-004,2026-07-06T06:42:00+00:00,report,chat,account_layer,created,0.466,,True Positive - Ban Evasion
EVT-0000699,C-003,A-0032,S-00110,CT-000451,TGT-004,2026-07-06T17:50:00+00:00,report,account,moderation_queue,updated,0.597,P01,True Positive - Ban Evasion
EVT-0000700,C-003,A-0031,S-00108,CT-000452,TGT-004,2026-07-07T15:31:00+00:00,post,reporting,moderation_queue,updated,0.562,P06,True Positive - Ban Evasion
EVT-0000701,C-003,A-0030,S-00105,,TGT-004,2026-07-07T10:15:00+00:00,login,reporting,chat,submitted,0.627,P06,True Positive - Ban Evasion
EVT-0000702,C-003,A-0030,S-00106,CT-000453,TGT-003,2026-07-05T23:37:00+00:00,message,search,api,updated,0.586,,True Positive - Ban Evasion
EVT-0000703,C-003,A-0031,S-00107,,,2026-07-06T16:27:00+00:00,migration_signal,search,moderation_queue,shared,0.623,P06,True Positive - Ban Evasion
EVT-0000704,C-003,A-0032,S-00113,,TGT-003,2026-07-05T22:27:00+00:00,search,chat,api,viewed,0.62,P05,True Positive - Ban Evasion
EVT-0000705,C-003,A-0035,S-00122,CT-000454,TGT-003,2026-07-09T04:48:00+00:00,post,system,moderation_queue,shared,0.632,,True Positive - Ban Evasion
EVT-0000706,C-003,A-0027,S-00096,,TGT-003,2026-07-06T22:40:00+00:00,search,reporting,chat,created,0.428,P09,True Positive - Ban Evasion
EVT-0000707,C-003,A-0033,S-00115,CT-000455,TGT-004,2026-07-08T23:42:00+00:00,report,reporting,chat,viewed,0.783,P06,True Positive - Ban Evasion
EVT-0000708,C-003,A-0032,S-00110,,,2026-07-06T13:16:00+00:00,profile_update,system,chat,submitted,0.497,P06,True Positive - Ban Evasion
EVT-0000709,C-003,A-0033,S-00116,,TGT-004,2026-07-06T18:08:00+00:00,login,search,moderation_queue,updated,0.538,P01,True Positive - Ban Evasion
EVT-0000710,C-003,A-0033,S-00116,CT-000456,TGT-003,2026-07-06T23:12:00+00:00,post,search,moderation_queue,submitted,0.585,P05,True Positive - Ban Evasion
EVT-0000711,C-003,A-0032,S-00112,CT-000457,TGT-004,2026-07-08T00:37:00+00:00,post,reporting,api,updated,0.675,P01,True Positive - Ban Evasion
EVT-0000712,C-003,A-0032,S-00110,,TGT-004,2026-07-06T19:05:00+00:00,search,chat,moderation_queue,viewed,0.394,P05,True Positive - Ban Evasion
EVT-0000713,C-003,A-0031,S-00108,,TGT-004,2026-07-08T22:07:00+00:00,profile_update,search,moderation_queue,created,0.512,,True Positive - Ban Evasion
EVT-0000714,C-003,A-0029,S-00103,,,2026-07-07T17:19:00+00:00,migration_signal,account,api,created,0.695,P05,True Positive - Ban Evasion
EVT-0000715,C-003,A-0032,S-00112,CT-000458,TGT-004,2026-07-06T21:27:00+00:00,message,chat,api,updated,0.596,P01,True Positive - Ban Evasion
EVT-0000716,C-003,A-0035,S-00122,,,2026-07-07T00:28:00+00:00,login,search,api,submitted,0.475,P05,True Positive - Ban Evasion
EVT-0000717,C-003,A-0033,S-00115,,TGT-004,2026-07-05T18:12:00+00:00,search,account,api,updated,0.471,,True Positive - Ban Evasion
EVT-0000718,C-003,A-0035,S-00122,CT-000459,TGT-004,2026-07-06T17:59:00+00:00,post,chat,moderation_queue,created,0.709,,True Positive - Ban Evasion
EVT-0000719,C-003,A-0030,S-00106,CT-000460,TGT-004,2026-07-07T20:58:00+00:00,post,search,api,created,0.618,,True Positive - Ban Evasion
EVT-0000720,C-003,A-0032,S-00111,CT-000461,TGT-003,2026-07-06T23:15:00+00:00,report,chat,chat,updated,0.657,,True Positive - Ban Evasion
EVT-0000721,C-003,A-0034,S-00120,CT-000462,TGT-003,2026-07-06T04:22:00+00:00,post,system,api,viewed,0.672,P09,True Positive - Ban Evasion
EVT-0000722,C-003,A-0034,S-00117,CT-000463,TGT-004,2026-07-07T10:12:00+00:00,post,account,account_layer,submitted,0.57,P01,True Positive - Ban Evasion
EVT-0000723,C-003,A-0029,S-00103,,TGT-003,2026-07-06T07:58:00+00:00,login,system,api,viewed,0.741,,True Positive - Ban Evasion
EVT-0000724,C-003,A-0027,S-00097,,TGT-004,2026-07-09T03:03:00+00:00,login,chat,moderation_queue,viewed,0.66,,True Positive - Ban Evasion
EVT-0000725,C-003,A-0035,S-00121,,,2026-07-05T16:44:00+00:00,login,search,account_layer,updated,0.705,P09,True Positive - Ban Evasion
EVT-0000726,C-003,A-0033,S-00116,CT-000464,TGT-004,2026-07-05T11:22:00+00:00,post,system,api,shared,0.685,,True Positive - Ban Evasion
EVT-0000727,C-003,A-0028,S-00101,,TGT-003,2026-07-06T06:35:00+00:00,profile_update,search,api,shared,0.734,,True Positive - Ban Evasion
EVT-0000728,C-003,A-0028,S-00100,CT-000465,TGT-004,2026-07-09T02:58:00+00:00,post,account,chat,submitted,0.703,,True Positive - Ban Evasion
EVT-0000729,C-003,A-0033,S-00115,,TGT-003,2026-07-06T04:09:00+00:00,profile_update,search,api,submitted,0.516,P06,True Positive - Ban Evasion
EVT-0000730,C-003,A-0034,S-00117,CT-000466,TGT-003,2026-07-06T13:42:00+00:00,post,chat,api,shared,0.773,P06,True Positive - Ban Evasion
EVT-0000731,C-003,A-0030,S-00105,,,2026-07-05T18:02:00+00:00,login,reporting,api,viewed,0.361,P05,True Positive - Ban Evasion
EVT-0000732,C-003,A-0033,S-00116,,TGT-003,2026-07-07T12:04:00+00:00,migration_signal,search,api,viewed,0.482,P01,True Positive - Ban Evasion
EVT-0000733,C-003,A-0028,S-00098,CT-000467,TGT-004,2026-07-07T17:51:00+00:00,post,system,api,submitted,0.593,P01,True Positive - Ban Evasion
EVT-0000734,C-003,A-0030,S-00106,,TGT-003,2026-07-07T23:45:00+00:00,login,account,chat,viewed,0.417,,True Positive - Ban Evasion
EVT-0000735,C-003,A-0031,S-00109,CT-000468,TGT-003,2026-07-07T22:38:00+00:00,post,system,chat,shared,0.525,P05,True Positive - Ban Evasion
EVT-0000736,C-003,A-0029,S-00104,,TGT-004,2026-07-06T12:24:00+00:00,login,system,account_layer,created,0.487,P06,True Positive - Ban Evasion
EVT-0000737,C-003,A-0032,S-00111,CT-000469,TGT-003,2026-07-06T06:05:00+00:00,report,system,moderation_queue,viewed,0.51,,True Positive - Ban Evasion
EVT-0000738,C-003,A-0027,S-00096,CT-000470,TGT-004,2026-07-08T20:56:00+00:00,post,search,moderation_queue,submitted,0.447,P01,True Positive - Ban Evasion
EVT-0000739,C-003,A-0031,S-00108,,TGT-004,2026-07-07T18:57:00+00:00,migration_signal,system,api,submitted,0.37,P01,True Positive - Ban Evasion
EVT-0000740,C-003,A-0035,S-00122,CT-000471,TGT-003,2026-07-07T04:01:00+00:00,post,system,moderation_queue,viewed,0.487,,True Positive - Ban Evasion
EVT-0000741,C-003,A-0027,S-00096,CT-000472,TGT-003,2026-07-08T04:38:00+00:00,message,account,api,submitted,0.76,P06,True Positive - Ban Evasion
EVT-0000742,C-003,A-0030,S-00106,,,2026-07-06T22:20:00+00:00,migration_signal,chat,chat,updated,0.651,P01,True Positive - Ban Evasion
EVT-0000743,C-003,A-0031,S-00109,CT-000473,TGT-004,2026-07-07T11:37:00+00:00,message,chat,moderation_queue,viewed,0.708,P09,True Positive - Ban Evasion
EVT-0000744,C-003,A-0028,S-00100,CT-000474,TGT-004,2026-07-07T06:52:00+00:00,report,chat,api,created,0.786,P01,True Positive - Ban Evasion
EVT-0000745,C-003,A-0033,S-00115,CT-000475,TGT-004,2026-07-07T04:54:00+00:00,post,system,moderation_queue,updated,0.735,,True Positive - Ban Evasion
EVT-0000746,C-003,A-0027,S-00094,CT-000476,TGT-003,2026-07-06T06:13:00+00:00,post,system,account_layer,updated,0.686,P01,True Positive - Ban Evasion
EVT-0000747,C-003,A-0033,S-00115,CT-000477,TGT-004,2026-07-07T17:18:00+00:00,post,search,api,shared,0.459,,True Positive - Ban Evasion
EVT-0000748,C-003,A-0035,S-00121,CT-000478,TGT-003,2026-07-05T10:26:00+00:00,post,reporting,account_layer,viewed,0.753,P01,True Positive - Ban Evasion
EVT-0000749,C-003,A-0031,S-00109,,,2026-07-08T10:14:00+00:00,profile_update,search,moderation_queue,submitted,0.487,P06,True Positive - Ban Evasion
EVT-0000750,C-003,A-0031,S-00109,CT-000479,TGT-003,2026-07-05T08:03:00+00:00,post,account,api,shared,0.596,P05,True Positive - Ban Evasion
EVT-0000751,C-003,A-0030,S-00106,,TGT-004,2026-07-07T06:28:00+00:00,search,system,chat,updated,0.723,P05,True Positive - Ban Evasion
EVT-0000752,C-003,A-0028,S-00099,CT-000480,TGT-004,2026-07-08T03:43:00+00:00,post,reporting,api,shared,0.568,P09,True Positive - Ban Evasion
EVT-0000753,C-003,A-0030,S-00105,CT-000481,TGT-004,2026-07-06T10:47:00+00:00,post,system,account_layer,viewed,0.651,P01,True Positive - Ban Evasion
EVT-0000754,C-003,A-0027,S-00093,CT-000482,TGT-003,2026-07-07T23:30:00+00:00,post,reporting,chat,viewed,0.521,P09,True Positive - Ban Evasion
EVT-0000755,C-003,A-0034,S-00118,,TGT-003,2026-07-07T16:12:00+00:00,migration_signal,reporting,moderation_queue,viewed,0.62,P09,True Positive - Ban Evasion
EVT-0000756,C-003,A-0033,S-00116,CT-000483,TGT-004,2026-07-06T21:02:00+00:00,report,system,account_layer,submitted,0.563,P09,True Positive - Ban Evasion
EVT-0000757,C-003,A-0035,S-00121,,TGT-004,2026-07-05T16:26:00+00:00,search,account,account_layer,updated,0.413,,True Positive - Ban Evasion
EVT-0000758,C-003,A-0034,S-00120,CT-000484,TGT-003,2026-07-09T05:37:00+00:00,post,chat,moderation_queue,shared,0.456,,True Positive - Ban Evasion
EVT-0000759,C-003,A-0032,S-00114,CT-000485,TGT-003,2026-07-06T12:49:00+00:00,post,chat,chat,viewed,0.677,P06,True Positive - Ban Evasion
EVT-0000760,C-003,A-0035,S-00122,CT-000486,TGT-004,2026-07-06T11:06:00+00:00,post,chat,account_layer,created,0.768,P06,True Positive - Ban Evasion
EVT-0000761,C-003,A-0034,S-00118,CT-000487,TGT-004,2026-07-09T01:49:00+00:00,post,reporting,chat,viewed,0.734,P09,True Positive - Ban Evasion
EVT-0000762,C-003,A-0033,S-00116,CT-000488,TGT-004,2026-07-07T18:17:00+00:00,post,account,moderation_queue,submitted,0.459,P05,True Positive - Ban Evasion
EVT-0000763,C-003,A-0031,S-00109,,TGT-003,2026-07-06T04:30:00+00:00,migration_signal,reporting,chat,submitted,0.565,P06,True Positive - Ban Evasion
EVT-0000764,C-003,A-0028,S-00100,CT-000489,TGT-004,2026-07-06T00:28:00+00:00,message,search,account_layer,viewed,0.584,P06,True Positive - Ban Evasion
EVT-0000765,C-003,A-0035,S-00122,CT-000490,TGT-004,2026-07-07T14:19:00+00:00,post,system,account_layer,created,0.517,P05,True Positive - Ban Evasion
EVT-0000766,C-003,A-0032,S-00112,CT-000491,TGT-004,2026-07-08T15:06:00+00:00,post,chat,account_layer,submitted,0.571,P05,True Positive - Ban Evasion
EVT-0000767,C-003,A-0035,S-00122,CT-000492,TGT-003,2026-07-07T02:24:00+00:00,message,system,account_layer,submitted,0.706,,True Positive - Ban Evasion
EVT-0000768,C-003,A-0035,S-00122,CT-000493,TGT-004,2026-07-08T15:52:00+00:00,message,account,account_layer,updated,0.604,,True Positive - Ban Evasion
EVT-0000769,C-003,A-0027,S-00093,,TGT-004,2026-07-08T11:37:00+00:00,migration_signal,search,chat,submitted,0.585,,True Positive - Ban Evasion
EVT-0000770,C-003,A-0034,S-00117,,TGT-003,2026-07-05T13:18:00+00:00,search,reporting,account_layer,updated,0.615,,True Positive - Ban Evasion
EVT-0000771,C-003,A-0032,S-00110,CT-000494,TGT-004,2026-07-08T23:10:00+00:00,report,search,chat,created,0.727,,True Positive - Ban Evasion
EVT-0000772,C-003,A-0027,S-00095,,TGT-004,2026-07-07T06:03:00+00:00,migration_signal,system,account_layer,viewed,0.697,,True Positive - Ban Evasion
EVT-0000773,C-003,A-0031,S-00109,CT-000495,TGT-003,2026-07-06T20:03:00+00:00,message,reporting,chat,viewed,0.576,P06,True Positive - Ban Evasion
EVT-0000774,C-003,A-0031,S-00108,,TGT-003,2026-07-07T22:32:00+00:00,migration_signal,chat,api,submitted,0.534,P05,True Positive - Ban Evasion
EVT-0000775,C-003,A-0030,S-00106,CT-000496,TGT-003,2026-07-06T14:31:00+00:00,post,reporting,api,viewed,0.46,,True Positive - Ban Evasion
EVT-0000776,C-003,A-0033,S-00115,CT-000497,TGT-003,2026-07-06T18:11:00+00:00,post,reporting,api,shared,0.732,P01,True Positive - Ban Evasion
EVT-0000777,C-003,A-0032,S-00113,CT-000498,TGT-003,2026-07-06T19:43:00+00:00,post,account,chat,updated,0.509,P01,True Positive - Ban Evasion
EVT-0000778,C-003,A-0032,S-00110,,,2026-07-06T04:25:00+00:00,login,reporting,chat,viewed,0.585,P09,True Positive - Ban Evasion
EVT-0000779,C-003,A-0029,S-00102,,,2026-07-08T10:43:00+00:00,migration_signal,reporting,api,created,0.655,,True Positive - Ban Evasion
EVT-0000780,C-003,A-0030,S-00105,CT-000499,TGT-004,2026-07-07T10:13:00+00:00,report,chat,api,shared,0.641,P05,True Positive - Ban Evasion
EVT-0000781,C-004,A-0041,S-00149,CT-000500,TGT-005,2026-07-10T01:52:00+00:00,post,system,account_layer,shared,0.67,P08,True Positive - Recruitment Network
EVT-0000782,C-004,A-0041,S-00147,CT-000501,TGT-007,2026-07-10T18:05:00+00:00,post,chat,account_layer,created,0.933,P09,True Positive - Recruitment Network
EVT-0000783,C-004,A-0036,S-00125,,TGT-007,2026-07-08T11:40:00+00:00,search,account,chat,submitted,0.624,P08,True Positive - Recruitment Network
EVT-0000784,C-004,A-0043,S-00156,,,2026-07-08T10:16:00+00:00,migration_signal,system,moderation_queue,submitted,0.653,P04,True Positive - Recruitment Network
EVT-0000785,C-004,A-0037,S-00128,CT-000502,TGT-007,2026-07-08T21:31:00+00:00,message,chat,account_layer,submitted,0.652,P09,True Positive - Recruitment Network
EVT-0000786,C-004,A-0046,S-00163,CT-000503,TGT-007,2026-07-09T18:56:00+00:00,message,reporting,moderation_queue,created,0.903,P04,True Positive - Recruitment Network
EVT-0000787,C-004,A-0037,S-00131,CT-000504,TGT-005,2026-07-07T10:34:00+00:00,report,reporting,account_layer,shared,0.805,P09,True Positive - Recruitment Network
EVT-0000788,C-004,A-0042,S-00153,CT-000505,TGT-006,2026-07-11T01:07:00+00:00,report,chat,moderation_queue,shared,0.714,P04,True Positive - Recruitment Network
EVT-0000789,C-004,A-0040,S-00140,,TGT-005,2026-07-11T08:03:00+00:00,login,system,moderation_queue,submitted,0.727,P12,True Positive - Recruitment Network
EVT-0000790,C-004,A-0040,S-00144,,TGT-007,2026-07-08T02:00:00+00:00,search,account,api,viewed,0.585,,True Positive - Recruitment Network
EVT-0000791,C-004,A-0046,S-00162,,TGT-007,2026-07-08T12:11:00+00:00,migration_signal,search,api,created,0.622,P09,True Positive - Recruitment Network
EVT-0000792,C-004,A-0043,S-00156,,,2026-07-08T23:01:00+00:00,migration_signal,system,moderation_queue,shared,0.596,P08,True Positive - Recruitment Network
EVT-0000793,C-004,A-0040,S-00142,CT-000506,TGT-006,2026-07-08T20:44:00+00:00,post,reporting,api,submitted,0.694,P12,True Positive - Recruitment Network
EVT-0000794,C-004,A-0040,S-00140,CT-000507,TGT-005,2026-07-09T16:28:00+00:00,message,system,chat,viewed,0.926,,True Positive - Recruitment Network
EVT-0000795,C-004,A-0040,S-00140,CT-000508,TGT-007,2026-07-10T11:41:00+00:00,post,chat,api,submitted,0.854,P12,True Positive - Recruitment Network
EVT-0000796,C-004,A-0043,S-00154,,TGT-005,2026-07-10T02:16:00+00:00,migration_signal,search,moderation_queue,updated,0.822,P12,True Positive - Recruitment Network
EVT-0000797,C-004,A-0046,S-00164,,TGT-005,2026-07-09T13:25:00+00:00,search,chat,chat,submitted,0.853,,True Positive - Recruitment Network
EVT-0000798,C-004,A-0046,S-00164,CT-000509,TGT-005,2026-07-09T17:08:00+00:00,post,search,api,created,0.633,P04,True Positive - Recruitment Network
EVT-0000799,C-004,A-0040,S-00140,CT-000510,TGT-006,2026-07-10T08:46:00+00:00,post,reporting,moderation_queue,updated,0.648,P08,True Positive - Recruitment Network
EVT-0000800,C-004,A-0041,S-00149,CT-000511,TGT-005,2026-07-07T13:38:00+00:00,post,search,api,submitted,0.851,P04,True Positive - Recruitment Network
EVT-0000801,C-004,A-0043,S-00155,CT-000512,TGT-007,2026-07-09T06:57:00+00:00,report,system,moderation_queue,created,0.938,P12,True Positive - Recruitment Network
EVT-0000802,C-004,A-0039,S-00139,CT-000513,TGT-005,2026-07-08T20:12:00+00:00,post,chat,chat,created,0.749,P09,True Positive - Recruitment Network
EVT-0000803,C-004,A-0039,S-00137,CT-000514,TGT-005,2026-07-07T21:36:00+00:00,post,reporting,chat,viewed,0.749,P09,True Positive - Recruitment Network
EVT-0000804,C-004,A-0039,S-00136,CT-000515,TGT-007,2026-07-08T10:28:00+00:00,message,search,api,created,0.705,P09,True Positive - Recruitment Network
EVT-0000805,C-004,A-0039,S-00137,CT-000516,TGT-006,2026-07-10T01:16:00+00:00,post,search,api,created,0.955,P12,True Positive - Recruitment Network
EVT-0000806,C-004,A-0045,S-00159,CT-000517,TGT-005,2026-07-09T13:25:00+00:00,report,system,api,created,0.874,P09,True Positive - Recruitment Network
EVT-0000807,C-004,A-0047,S-00165,CT-000518,TGT-007,2026-07-08T13:18:00+00:00,post,account,account_layer,updated,0.689,,True Positive - Recruitment Network
EVT-0000808,C-004,A-0036,S-00123,CT-000519,TGT-006,2026-07-07T15:04:00+00:00,post,chat,chat,shared,0.687,P04,True Positive - Recruitment Network
EVT-0000809,C-004,A-0039,S-00138,CT-000520,TGT-005,2026-07-10T07:42:00+00:00,post,account,chat,shared,0.938,P04,True Positive - Recruitment Network
EVT-0000810,C-004,A-0044,S-00158,,TGT-006,2026-07-09T00:05:00+00:00,profile_update,reporting,account_layer,shared,0.67,,True Positive - Recruitment Network
EVT-0000811,C-004,A-0046,S-00164,,,2026-07-10T01:04:00+00:00,migration_signal,reporting,moderation_queue,viewed,0.918,P04,True Positive - Recruitment Network
EVT-0000812,C-004,A-0044,S-00157,CT-000521,TGT-005,2026-07-11T02:35:00+00:00,post,system,account_layer,submitted,0.635,,True Positive - Recruitment Network
EVT-0000813,C-004,A-0046,S-00162,CT-000522,TGT-005,2026-07-09T09:02:00+00:00,post,account,api,shared,0.724,,True Positive - Recruitment Network
EVT-0000814,C-004,A-0039,S-00138,,TGT-006,2026-07-10T17:49:00+00:00,search,account,moderation_queue,updated,0.634,P08,True Positive - Recruitment Network
EVT-0000815,C-004,A-0039,S-00136,,TGT-007,2026-07-09T11:54:00+00:00,migration_signal,system,account_layer,submitted,0.852,P04,True Positive - Recruitment Network
EVT-0000816,C-004,A-0037,S-00129,CT-000523,TGT-007,2026-07-08T22:37:00+00:00,message,account,account_layer,created,0.645,,True Positive - Recruitment Network
EVT-0000817,C-004,A-0036,S-00127,CT-000524,TGT-007,2026-07-09T09:39:00+00:00,post,reporting,chat,updated,0.635,P04,True Positive - Recruitment Network
EVT-0000818,C-004,A-0042,S-00153,,TGT-006,2026-07-08T11:41:00+00:00,search,reporting,moderation_queue,created,0.693,,True Positive - Recruitment Network
EVT-0000819,C-004,A-0042,S-00151,CT-000525,TGT-006,2026-07-11T08:28:00+00:00,post,search,moderation_queue,shared,0.773,P12,True Positive - Recruitment Network
EVT-0000820,C-004,A-0047,S-00165,,TGT-007,2026-07-07T18:50:00+00:00,search,chat,account_layer,created,0.644,P09,True Positive - Recruitment Network
EVT-0000821,C-004,A-0042,S-00151,,TGT-005,2026-07-09T23:14:00+00:00,migration_signal,reporting,account_layer,shared,0.756,P09,True Positive - Recruitment Network
EVT-0000822,C-004,A-0039,S-00139,,TGT-006,2026-07-07T17:08:00+00:00,migration_signal,search,api,updated,0.579,P12,True Positive - Recruitment Network
EVT-0000823,C-004,A-0042,S-00151,CT-000526,TGT-006,2026-07-11T01:07:00+00:00,report,search,chat,viewed,0.722,P09,True Positive - Recruitment Network
EVT-0000824,C-004,A-0037,S-00130,CT-000527,TGT-005,2026-07-10T22:14:00+00:00,post,chat,moderation_queue,created,0.731,P04,True Positive - Recruitment Network
EVT-0000825,C-004,A-0047,S-00167,CT-000528,TGT-007,2026-07-11T07:52:00+00:00,post,reporting,moderation_queue,viewed,0.892,P09,True Positive - Recruitment Network
EVT-0000826,C-004,A-0043,S-00154,CT-000529,TGT-005,2026-07-10T23:46:00+00:00,post,system,api,submitted,0.812,,True Positive - Recruitment Network
EVT-0000827,C-004,A-0041,S-00145,,,2026-07-10T10:51:00+00:00,login,account,moderation_queue,viewed,0.761,P08,True Positive - Recruitment Network
EVT-0000828,C-004,A-0047,S-00167,,,2026-07-09T03:19:00+00:00,migration_signal,reporting,api,updated,0.865,P04,True Positive - Recruitment Network
EVT-0000829,C-004,A-0043,S-00154,,TGT-006,2026-07-10T05:05:00+00:00,login,system,moderation_queue,submitted,0.81,,True Positive - Recruitment Network
EVT-0000830,C-004,A-0044,S-00158,,TGT-007,2026-07-09T14:01:00+00:00,search,reporting,account_layer,shared,0.899,P09,True Positive - Recruitment Network
EVT-0000831,C-004,A-0047,S-00166,,TGT-006,2026-07-10T11:58:00+00:00,search,search,chat,updated,0.631,,True Positive - Recruitment Network
EVT-0000832,C-004,A-0040,S-00143,CT-000530,TGT-005,2026-07-08T05:36:00+00:00,post,reporting,account_layer,created,0.786,,True Positive - Recruitment Network
EVT-0000833,C-004,A-0042,S-00151,CT-000531,TGT-006,2026-07-10T00:08:00+00:00,post,search,api,shared,0.726,P08,True Positive - Recruitment Network
EVT-0000834,C-004,A-0036,S-00125,,TGT-007,2026-07-11T06:35:00+00:00,search,search,chat,viewed,0.847,P08,True Positive - Recruitment Network
EVT-0000835,C-004,A-0046,S-00162,CT-000532,TGT-007,2026-07-07T15:48:00+00:00,post,system,account_layer,created,0.902,P12,True Positive - Recruitment Network
EVT-0000836,C-004,A-0047,S-00165,CT-000533,TGT-007,2026-07-10T05:11:00+00:00,post,account,api,created,0.952,P08,True Positive - Recruitment Network
EVT-0000837,C-004,A-0045,S-00159,CT-000534,TGT-005,2026-07-10T23:44:00+00:00,post,account,moderation_queue,created,0.65,,True Positive - Recruitment Network
EVT-0000838,C-004,A-0036,S-00123,CT-000535,TGT-006,2026-07-09T19:43:00+00:00,post,chat,account_layer,created,0.709,,True Positive - Recruitment Network
EVT-0000839,C-004,A-0046,S-00164,CT-000536,TGT-005,2026-07-09T15:18:00+00:00,post,chat,api,updated,0.881,,True Positive - Recruitment Network
EVT-0000840,C-004,A-0037,S-00130,CT-000537,TGT-005,2026-07-09T10:16:00+00:00,post,system,moderation_queue,viewed,0.746,,True Positive - Recruitment Network
EVT-0000841,C-004,A-0038,S-00133,CT-000538,TGT-006,2026-07-10T07:37:00+00:00,post,account,chat,shared,0.955,P04,True Positive - Recruitment Network
EVT-0000842,C-004,A-0036,S-00124,CT-000539,TGT-007,2026-07-09T14:29:00+00:00,post,account,account_layer,shared,0.787,P08,True Positive - Recruitment Network
EVT-0000843,C-004,A-0040,S-00144,CT-000540,TGT-006,2026-07-08T10:28:00+00:00,post,search,moderation_queue,created,0.683,P04,True Positive - Recruitment Network
EVT-0000844,C-004,A-0046,S-00163,CT-000541,TGT-005,2026-07-11T04:14:00+00:00,post,chat,api,updated,0.68,P08,True Positive - Recruitment Network
EVT-0000845,C-004,A-0037,S-00129,CT-000542,TGT-006,2026-07-10T10:14:00+00:00,post,chat,api,submitted,0.657,P12,True Positive - Recruitment Network
EVT-0000846,C-004,A-0045,S-00160,,,2026-07-11T01:14:00+00:00,login,account,api,viewed,0.712,P09,True Positive - Recruitment Network
EVT-0000847,C-004,A-0042,S-00153,CT-000543,TGT-007,2026-07-09T04:14:00+00:00,post,account,chat,created,0.609,P08,True Positive - Recruitment Network
EVT-0000848,C-004,A-0039,S-00137,CT-000544,TGT-007,2026-07-09T10:58:00+00:00,post,search,api,shared,0.751,P09,True Positive - Recruitment Network
EVT-0000849,C-004,A-0037,S-00131,CT-000545,TGT-007,2026-07-08T14:10:00+00:00,post,reporting,api,updated,0.727,,True Positive - Recruitment Network
EVT-0000850,C-004,A-0037,S-00130,,TGT-006,2026-07-07T14:36:00+00:00,migration_signal,account,account_layer,created,0.642,P08,True Positive - Recruitment Network
EVT-0000851,C-004,A-0041,S-00148,,TGT-007,2026-07-07T21:42:00+00:00,search,search,api,viewed,0.863,,True Positive - Recruitment Network
EVT-0000852,C-004,A-0040,S-00144,CT-000546,TGT-007,2026-07-08T20:26:00+00:00,post,system,moderation_queue,updated,0.642,P09,True Positive - Recruitment Network
EVT-0000853,C-004,A-0036,S-00124,,TGT-005,2026-07-10T21:30:00+00:00,search,account,moderation_queue,submitted,0.663,P04,True Positive - Recruitment Network
EVT-0000854,C-004,A-0041,S-00148,CT-000547,TGT-007,2026-07-07T16:04:00+00:00,post,system,api,shared,0.782,,True Positive - Recruitment Network
EVT-0000855,C-004,A-0046,S-00162,,TGT-005,2026-07-10T20:10:00+00:00,search,search,account_layer,created,0.711,,True Positive - Recruitment Network
EVT-0000856,C-004,A-0046,S-00162,CT-000548,TGT-006,2026-07-10T01:44:00+00:00,post,reporting,account_layer,viewed,0.891,P04,True Positive - Recruitment Network
EVT-0000857,C-004,A-0040,S-00140,CT-000549,TGT-005,2026-07-07T23:31:00+00:00,post,search,moderation_queue,viewed,0.908,P12,True Positive - Recruitment Network
EVT-0000858,C-004,A-0045,S-00160,,,2026-07-10T04:30:00+00:00,login,reporting,chat,submitted,0.617,P08,True Positive - Recruitment Network
EVT-0000859,C-004,A-0044,S-00157,CT-000550,TGT-007,2026-07-09T06:42:00+00:00,post,account,api,viewed,0.671,P04,True Positive - Recruitment Network
EVT-0000860,C-004,A-0043,S-00156,,,2026-07-07T13:57:00+00:00,login,system,api,shared,0.648,P12,True Positive - Recruitment Network
EVT-0000861,C-004,A-0040,S-00140,CT-000551,TGT-006,2026-07-11T04:10:00+00:00,post,chat,chat,shared,0.671,P12,True Positive - Recruitment Network
EVT-0000862,C-004,A-0037,S-00131,CT-000552,TGT-007,2026-07-07T11:42:00+00:00,post,reporting,chat,shared,0.831,P08,True Positive - Recruitment Network
EVT-0000863,C-004,A-0047,S-00167,CT-000553,TGT-007,2026-07-09T03:49:00+00:00,post,account,chat,shared,0.777,P12,True Positive - Recruitment Network
EVT-0000864,C-004,A-0039,S-00139,CT-000554,TGT-007,2026-07-11T06:36:00+00:00,post,account,moderation_queue,created,0.804,,True Positive - Recruitment Network
EVT-0000865,C-004,A-0036,S-00126,CT-000555,TGT-006,2026-07-07T21:46:00+00:00,post,search,api,viewed,0.913,P04,True Positive - Recruitment Network
EVT-0000866,C-004,A-0047,S-00165,CT-000556,TGT-007,2026-07-07T18:45:00+00:00,message,system,api,created,0.825,P08,True Positive - Recruitment Network
EVT-0000867,C-004,A-0047,S-00165,CT-000557,TGT-007,2026-07-11T00:37:00+00:00,post,system,chat,viewed,0.808,P04,True Positive - Recruitment Network
EVT-0000868,C-004,A-0040,S-00140,,,2026-07-08T19:26:00+00:00,migration_signal,account,chat,shared,0.73,P09,True Positive - Recruitment Network
EVT-0000869,C-004,A-0038,S-00135,CT-000558,TGT-005,2026-07-08T15:21:00+00:00,post,account,chat,viewed,0.695,P12,True Positive - Recruitment Network
EVT-0000870,C-004,A-0040,S-00142,,TGT-007,2026-07-08T18:22:00+00:00,login,account,chat,submitted,0.617,,True Positive - Recruitment Network
EVT-0000871,C-004,A-0041,S-00149,CT-000559,TGT-005,2026-07-08T13:25:00+00:00,post,chat,chat,created,0.675,,True Positive - Recruitment Network
EVT-0000872,C-004,A-0037,S-00131,CT-000560,TGT-007,2026-07-08T17:24:00+00:00,post,chat,api,created,0.675,,True Positive - Recruitment Network
EVT-0000873,C-004,A-0042,S-00151,,,2026-07-10T02:40:00+00:00,migration_signal,chat,account_layer,updated,0.796,P08,True Positive - Recruitment Network
EVT-0000874,C-004,A-0043,S-00155,,TGT-005,2026-07-09T12:26:00+00:00,migration_signal,reporting,account_layer,viewed,0.885,P12,True Positive - Recruitment Network
EVT-0000875,C-004,A-0036,S-00127,,TGT-006,2026-07-10T06:01:00+00:00,login,search,chat,submitted,0.572,,True Positive - Recruitment Network
EVT-0000876,C-004,A-0042,S-00150,,TGT-006,2026-07-07T14:57:00+00:00,login,reporting,moderation_queue,shared,0.856,P04,True Positive - Recruitment Network
EVT-0000877,C-004,A-0044,S-00157,CT-000561,TGT-007,2026-07-10T04:13:00+00:00,message,search,account_layer,submitted,0.625,P09,True Positive - Recruitment Network
EVT-0000878,C-004,A-0044,S-00157,CT-000562,TGT-006,2026-07-09T13:48:00+00:00,post,account,moderation_queue,created,0.822,P08,True Positive - Recruitment Network
EVT-0000879,C-004,A-0044,S-00157,CT-000563,TGT-006,2026-07-08T17:26:00+00:00,report,system,api,viewed,0.659,,True Positive - Recruitment Network
EVT-0000880,C-004,A-0041,S-00149,CT-000564,TGT-005,2026-07-09T17:52:00+00:00,message,chat,api,submitted,0.801,,True Positive - Recruitment Network
EVT-0000881,C-004,A-0036,S-00125,CT-000565,TGT-005,2026-07-10T00:45:00+00:00,report,reporting,api,updated,0.62,P08,True Positive - Recruitment Network
EVT-0000882,C-004,A-0037,S-00128,,TGT-005,2026-07-08T19:51:00+00:00,migration_signal,system,chat,submitted,0.67,P08,True Positive - Recruitment Network
EVT-0000883,C-004,A-0042,S-00152,,TGT-006,2026-07-09T11:43:00+00:00,migration_signal,reporting,api,viewed,0.751,P08,True Positive - Recruitment Network
EVT-0000884,C-004,A-0046,S-00162,,,2026-07-09T21:59:00+00:00,migration_signal,search,chat,submitted,0.721,P12,True Positive - Recruitment Network
EVT-0000885,C-004,A-0046,S-00163,CT-000566,TGT-006,2026-07-08T03:41:00+00:00,post,search,moderation_queue,viewed,0.864,,True Positive - Recruitment Network
EVT-0000886,C-004,A-0041,S-00148,CT-000567,TGT-006,2026-07-08T21:40:00+00:00,report,search,moderation_queue,submitted,0.744,P09,True Positive - Recruitment Network
EVT-0000887,C-004,A-0037,S-00131,CT-000568,TGT-005,2026-07-09T14:48:00+00:00,post,chat,chat,updated,0.658,,True Positive - Recruitment Network
EVT-0000888,C-004,A-0046,S-00163,CT-000569,TGT-007,2026-07-10T05:38:00+00:00,post,chat,account_layer,updated,0.879,P08,True Positive - Recruitment Network
EVT-0000889,C-004,A-0041,S-00147,,TGT-005,2026-07-09T14:44:00+00:00,search,system,moderation_queue,updated,0.852,P09,True Positive - Recruitment Network
EVT-0000890,C-004,A-0041,S-00145,,TGT-005,2026-07-08T19:43:00+00:00,migration_signal,search,chat,updated,0.655,P08,True Positive - Recruitment Network
EVT-0000891,C-004,A-0036,S-00125,,TGT-006,2026-07-09T19:56:00+00:00,login,account,chat,viewed,0.68,,True Positive - Recruitment Network
EVT-0000892,C-004,A-0043,S-00155,CT-000570,TGT-005,2026-07-09T02:19:00+00:00,post,system,moderation_queue,submitted,0.819,,True Positive - Recruitment Network
EVT-0000893,C-004,A-0038,S-00135,CT-000571,TGT-006,2026-07-08T03:59:00+00:00,post,system,api,updated,0.815,,True Positive - Recruitment Network
EVT-0000894,C-004,A-0038,S-00132,,TGT-006,2026-07-08T20:05:00+00:00,migration_signal,chat,chat,shared,0.598,,True Positive - Recruitment Network
EVT-0000895,C-004,A-0038,S-00135,CT-000572,TGT-006,2026-07-10T16:57:00+00:00,post,reporting,chat,updated,0.949,P04,True Positive - Recruitment Network
EVT-0000896,C-004,A-0040,S-00144,CT-000573,TGT-005,2026-07-08T21:43:00+00:00,message,reporting,moderation_queue,submitted,0.884,,True Positive - Recruitment Network
EVT-0000897,C-004,A-0044,S-00158,,,2026-07-10T14:40:00+00:00,login,chat,moderation_queue,viewed,0.633,,True Positive - Recruitment Network
EVT-0000898,C-004,A-0044,S-00157,CT-000574,TGT-007,2026-07-08T00:50:00+00:00,report,reporting,account_layer,submitted,0.63,,True Positive - Recruitment Network
EVT-0000899,C-004,A-0044,S-00158,CT-000575,TGT-006,2026-07-07T20:21:00+00:00,post,search,moderation_queue,updated,0.881,,True Positive - Recruitment Network
EVT-0000900,C-004,A-0046,S-00163,CT-000576,TGT-007,2026-07-08T13:00:00+00:00,post,search,account_layer,submitted,0.821,P09,True Positive - Recruitment Network
EVT-0000901,C-004,A-0044,S-00157,,,2026-07-08T12:58:00+00:00,migration_signal,reporting,api,created,0.616,P12,True Positive - Recruitment Network
EVT-0000902,C-004,A-0042,S-00151,,,2026-07-10T21:35:00+00:00,login,reporting,moderation_queue,shared,0.915,P08,True Positive - Recruitment Network
EVT-0000903,C-004,A-0040,S-00142,CT-000577,TGT-005,2026-07-10T22:42:00+00:00,post,reporting,account_layer,shared,0.611,P04,True Positive - Recruitment Network
EVT-0000904,C-004,A-0047,S-00167,CT-000578,TGT-007,2026-07-09T06:52:00+00:00,message,search,api,viewed,0.887,P12,True Positive - Recruitment Network
EVT-0000905,C-004,A-0036,S-00124,CT-000579,TGT-007,2026-07-11T05:49:00+00:00,post,system,chat,created,0.762,,True Positive - Recruitment Network
EVT-0000906,C-004,A-0042,S-00153,CT-000580,TGT-005,2026-07-11T03:21:00+00:00,report,system,chat,created,0.768,,True Positive - Recruitment Network
EVT-0000907,C-004,A-0044,S-00158,,TGT-007,2026-07-08T10:36:00+00:00,migration_signal,chat,moderation_queue,updated,0.703,,True Positive - Recruitment Network
EVT-0000908,C-004,A-0042,S-00153,CT-000581,TGT-006,2026-07-10T05:55:00+00:00,message,reporting,account_layer,updated,0.867,,True Positive - Recruitment Network
EVT-0000909,C-004,A-0038,S-00135,CT-000582,TGT-007,2026-07-08T22:28:00+00:00,post,system,moderation_queue,submitted,0.762,,True Positive - Recruitment Network
EVT-0000910,C-004,A-0047,S-00167,CT-000583,TGT-007,2026-07-07T21:13:00+00:00,report,account,moderation_queue,shared,0.664,P09,True Positive - Recruitment Network
EVT-0000911,C-004,A-0040,S-00142,CT-000584,TGT-005,2026-07-08T08:03:00+00:00,message,chat,api,created,0.892,P09,True Positive - Recruitment Network
EVT-0000912,C-004,A-0045,S-00161,CT-000585,TGT-006,2026-07-08T10:11:00+00:00,message,chat,chat,viewed,0.755,,True Positive - Recruitment Network
EVT-0000913,C-004,A-0040,S-00143,CT-000586,TGT-006,2026-07-10T05:49:00+00:00,message,chat,moderation_queue,shared,0.793,P12,True Positive - Recruitment Network
EVT-0000914,C-004,A-0037,S-00130,CT-000587,TGT-005,2026-07-10T11:17:00+00:00,post,chat,account_layer,submitted,0.85,P09,True Positive - Recruitment Network
EVT-0000915,C-004,A-0044,S-00158,CT-000588,TGT-007,2026-07-10T05:39:00+00:00,post,search,moderation_queue,updated,0.924,P09,True Positive - Recruitment Network
EVT-0000916,C-004,A-0045,S-00160,,TGT-006,2026-07-09T07:34:00+00:00,migration_signal,reporting,moderation_queue,created,0.816,,True Positive - Recruitment Network
EVT-0000917,C-004,A-0037,S-00129,,,2026-07-07T20:06:00+00:00,profile_update,reporting,chat,submitted,0.755,P12,True Positive - Recruitment Network
EVT-0000918,C-004,A-0043,S-00154,CT-000589,TGT-005,2026-07-08T16:38:00+00:00,message,reporting,account_layer,updated,0.645,P04,True Positive - Recruitment Network
EVT-0000919,C-004,A-0038,S-00135,CT-000590,TGT-006,2026-07-07T09:56:00+00:00,message,system,api,viewed,0.697,P04,True Positive - Recruitment Network
EVT-0000920,C-004,A-0046,S-00163,CT-000591,TGT-007,2026-07-08T13:01:00+00:00,post,system,api,created,0.867,P08,True Positive - Recruitment Network
EVT-0000921,C-004,A-0045,S-00161,CT-000592,TGT-005,2026-07-08T22:27:00+00:00,post,reporting,api,viewed,0.953,P08,True Positive - Recruitment Network
EVT-0000922,C-004,A-0040,S-00140,CT-000593,TGT-007,2026-07-08T23:27:00+00:00,post,search,account_layer,viewed,0.759,,True Positive - Recruitment Network
EVT-0000923,C-004,A-0039,S-00138,CT-000594,TGT-005,2026-07-10T14:07:00+00:00,report,search,chat,shared,0.724,,True Positive - Recruitment Network
EVT-0000924,C-004,A-0041,S-00149,,TGT-007,2026-07-11T01:28:00+00:00,login,reporting,account_layer,updated,0.635,P04,True Positive - Recruitment Network
EVT-0000925,C-004,A-0036,S-00124,CT-000595,TGT-007,2026-07-10T04:29:00+00:00,post,search,api,viewed,0.641,P08,True Positive - Recruitment Network
EVT-0000926,C-004,A-0036,S-00125,CT-000596,TGT-005,2026-07-07T22:25:00+00:00,post,system,moderation_queue,submitted,0.73,,True Positive - Recruitment Network
EVT-0000927,C-004,A-0044,S-00157,CT-000597,TGT-006,2026-07-10T07:34:00+00:00,post,reporting,api,shared,0.618,,True Positive - Recruitment Network
EVT-0000928,C-004,A-0039,S-00139,,TGT-006,2026-07-07T20:14:00+00:00,search,account,account_layer,shared,0.91,P09,True Positive - Recruitment Network
EVT-0000929,C-004,A-0045,S-00159,CT-000598,TGT-005,2026-07-09T14:24:00+00:00,post,account,chat,created,0.826,,True Positive - Recruitment Network
EVT-0000930,C-004,A-0046,S-00163,CT-000599,TGT-005,2026-07-07T16:46:00+00:00,post,chat,chat,updated,0.819,P09,True Positive - Recruitment Network
EVT-0000931,C-004,A-0037,S-00129,,TGT-007,2026-07-09T18:11:00+00:00,search,reporting,moderation_queue,created,0.857,,True Positive - Recruitment Network
EVT-0000932,C-004,A-0043,S-00154,CT-000600,TGT-006,2026-07-07T12:28:00+00:00,message,chat,moderation_queue,viewed,0.611,P09,True Positive - Recruitment Network
EVT-0000933,C-004,A-0041,S-00147,CT-000601,TGT-006,2026-07-08T18:25:00+00:00,post,reporting,account_layer,shared,0.677,P09,True Positive - Recruitment Network
EVT-0000934,C-004,A-0041,S-00146,,,2026-07-09T10:17:00+00:00,login,account,api,viewed,0.922,P04,True Positive - Recruitment Network
EVT-0000935,C-004,A-0038,S-00133,CT-000602,TGT-005,2026-07-10T23:13:00+00:00,post,account,chat,viewed,0.831,P09,True Positive - Recruitment Network
EVT-0000936,C-004,A-0045,S-00159,CT-000603,TGT-007,2026-07-10T15:58:00+00:00,post,search,chat,viewed,0.888,P12,True Positive - Recruitment Network
EVT-0000937,C-004,A-0038,S-00134,CT-000604,TGT-006,2026-07-10T22:33:00+00:00,post,chat,moderation_queue,updated,0.919,P08,True Positive - Recruitment Network
EVT-0000938,C-004,A-0043,S-00156,CT-000605,TGT-006,2026-07-09T02:59:00+00:00,report,reporting,account_layer,created,0.905,P09,True Positive - Recruitment Network
EVT-0000939,C-004,A-0046,S-00164,,TGT-006,2026-07-08T16:01:00+00:00,login,account,chat,viewed,0.919,P04,True Positive - Recruitment Network
EVT-0000940,C-004,A-0040,S-00143,CT-000606,TGT-006,2026-07-09T21:30:00+00:00,post,account,moderation_queue,viewed,0.8,P09,True Positive - Recruitment Network
EVT-0000941,C-004,A-0044,S-00158,CT-000607,TGT-006,2026-07-11T00:50:00+00:00,post,chat,api,created,0.934,,True Positive - Recruitment Network
EVT-0000942,C-004,A-0038,S-00134,,TGT-005,2026-07-07T23:53:00+00:00,login,search,api,viewed,0.568,,True Positive - Recruitment Network
EVT-0000943,C-004,A-0044,S-00157,CT-000608,TGT-006,2026-07-09T11:51:00+00:00,post,reporting,chat,shared,0.95,P04,True Positive - Recruitment Network
EVT-0000944,C-004,A-0047,S-00166,CT-000609,TGT-006,2026-07-09T08:03:00+00:00,post,account,chat,viewed,0.848,P04,True Positive - Recruitment Network
EVT-0000945,C-004,A-0038,S-00132,,,2026-07-08T18:12:00+00:00,login,search,chat,updated,0.785,P12,True Positive - Recruitment Network
EVT-0000946,C-004,A-0041,S-00148,CT-000610,TGT-007,2026-07-10T00:04:00+00:00,post,reporting,chat,created,0.949,P12,True Positive - Recruitment Network
EVT-0000947,C-004,A-0036,S-00127,CT-000611,TGT-007,2026-07-09T00:14:00+00:00,post,search,account_layer,submitted,0.779,,True Positive - Recruitment Network
EVT-0000948,C-004,A-0043,S-00156,,TGT-005,2026-07-09T02:35:00+00:00,search,system,account_layer,submitted,0.813,,True Positive - Recruitment Network
EVT-0000949,C-004,A-0038,S-00134,CT-000612,TGT-006,2026-07-08T10:15:00+00:00,message,chat,moderation_queue,created,0.906,,True Positive - Recruitment Network
EVT-0000950,C-004,A-0043,S-00154,,TGT-007,2026-07-07T21:45:00+00:00,login,account,chat,created,0.811,,True Positive - Recruitment Network
EVT-0000951,C-004,A-0039,S-00138,CT-000613,TGT-005,2026-07-07T21:51:00+00:00,post,system,account_layer,viewed,0.608,,True Positive - Recruitment Network
EVT-0000952,C-004,A-0047,S-00167,CT-000614,TGT-005,2026-07-10T20:45:00+00:00,post,search,api,shared,0.871,P09,True Positive - Recruitment Network
EVT-0000953,C-004,A-0040,S-00143,CT-000615,TGT-006,2026-07-10T16:27:00+00:00,message,system,account_layer,created,0.786,P04,True Positive - Recruitment Network
EVT-0000954,C-004,A-0043,S-00156,,,2026-07-09T21:40:00+00:00,migration_signal,account,account_layer,submitted,0.637,,True Positive - Recruitment Network
EVT-0000955,C-004,A-0043,S-00154,CT-000616,TGT-005,2026-07-10T06:27:00+00:00,post,reporting,chat,created,0.65,,True Positive - Recruitment Network
EVT-0000956,C-004,A-0044,S-00157,CT-000617,TGT-005,2026-07-07T14:42:00+00:00,report,reporting,api,submitted,0.864,,True Positive - Recruitment Network
EVT-0000957,C-004,A-0037,S-00130,CT-000618,TGT-006,2026-07-10T09:59:00+00:00,report,account,api,submitted,0.776,,True Positive - Recruitment Network
EVT-0000958,C-004,A-0037,S-00128,CT-000619,TGT-006,2026-07-08T09:44:00+00:00,post,reporting,chat,updated,0.724,P08,True Positive - Recruitment Network
EVT-0000959,C-004,A-0036,S-00124,CT-000620,TGT-005,2026-07-08T21:44:00+00:00,post,search,chat,updated,0.645,P09,True Positive - Recruitment Network
EVT-0000960,C-004,A-0036,S-00123,,TGT-006,2026-07-08T12:23:00+00:00,profile_update,reporting,moderation_queue,created,0.789,P08,True Positive - Recruitment Network
EVT-0000961,C-004,A-0039,S-00137,,TGT-005,2026-07-10T14:29:00+00:00,profile_update,chat,moderation_queue,shared,0.588,P08,True Positive - Recruitment Network
EVT-0000962,C-004,A-0044,S-00157,,,2026-07-09T05:10:00+00:00,migration_signal,search,moderation_queue,shared,0.662,P04,True Positive - Recruitment Network
EVT-0000963,C-004,A-0040,S-00142,CT-000621,TGT-007,2026-07-10T15:28:00+00:00,message,account,api,viewed,0.718,P12,True Positive - Recruitment Network
EVT-0000964,C-004,A-0037,S-00131,CT-000622,TGT-007,2026-07-08T18:22:00+00:00,post,reporting,account_layer,viewed,0.746,P12,True Positive - Recruitment Network
EVT-0000965,C-004,A-0043,S-00154,CT-000623,TGT-007,2026-07-07T18:34:00+00:00,post,chat,chat,created,0.648,P09,True Positive - Recruitment Network
EVT-0000966,C-004,A-0045,S-00160,CT-000624,TGT-007,2026-07-10T22:06:00+00:00,message,reporting,chat,updated,0.917,P09,True Positive - Recruitment Network
EVT-0000967,C-004,A-0040,S-00144,CT-000625,TGT-007,2026-07-10T04:41:00+00:00,post,search,moderation_queue,shared,0.821,P12,True Positive - Recruitment Network
EVT-0000968,C-004,A-0044,S-00157,CT-000626,TGT-007,2026-07-09T21:52:00+00:00,post,chat,account_layer,created,0.923,P08,True Positive - Recruitment Network
EVT-0000969,C-004,A-0038,S-00132,CT-000627,TGT-007,2026-07-07T10:53:00+00:00,post,search,moderation_queue,submitted,0.836,P04,True Positive - Recruitment Network
EVT-0000970,C-004,A-0043,S-00155,CT-000628,TGT-007,2026-07-07T18:44:00+00:00,post,system,moderation_queue,shared,0.855,P04,True Positive - Recruitment Network
EVT-0000971,C-004,A-0043,S-00154,CT-000629,TGT-005,2026-07-09T07:41:00+00:00,report,system,api,submitted,0.618,,True Positive - Recruitment Network
EVT-0000972,C-004,A-0041,S-00148,CT-000630,TGT-007,2026-07-07T11:35:00+00:00,post,chat,chat,created,0.862,P09,True Positive - Recruitment Network
EVT-0000973,C-004,A-0045,S-00160,CT-000631,TGT-007,2026-07-09T09:51:00+00:00,message,chat,api,shared,0.755,,True Positive - Recruitment Network
EVT-0000974,C-004,A-0040,S-00140,CT-000632,TGT-006,2026-07-09T14:14:00+00:00,message,search,api,created,0.796,P04,True Positive - Recruitment Network
EVT-0000975,C-004,A-0036,S-00124,,TGT-006,2026-07-10T07:22:00+00:00,login,system,account_layer,updated,0.854,P04,True Positive - Recruitment Network
EVT-0000976,C-004,A-0037,S-00129,,TGT-005,2026-07-08T04:54:00+00:00,search,account,account_layer,shared,0.613,P12,True Positive - Recruitment Network
EVT-0000977,C-004,A-0044,S-00157,CT-000633,TGT-007,2026-07-10T00:28:00+00:00,report,account,chat,submitted,0.74,P12,True Positive - Recruitment Network
EVT-0000978,C-004,A-0043,S-00156,,,2026-07-08T13:18:00+00:00,login,reporting,api,submitted,0.895,,True Positive - Recruitment Network
EVT-0000979,C-004,A-0039,S-00138,,TGT-006,2026-07-08T23:40:00+00:00,search,chat,chat,updated,0.905,,True Positive - Recruitment Network
EVT-0000980,C-004,A-0036,S-00125,,TGT-005,2026-07-09T01:01:00+00:00,search,account,moderation_queue,viewed,0.573,P09,True Positive - Recruitment Network
EVT-0000981,C-004,A-0042,S-00152,CT-000634,TGT-006,2026-07-09T15:25:00+00:00,message,system,api,created,0.645,P12,True Positive - Recruitment Network
EVT-0000982,C-004,A-0044,S-00157,,,2026-07-08T01:09:00+00:00,migration_signal,system,api,viewed,0.915,P04,True Positive - Recruitment Network
EVT-0000983,C-004,A-0047,S-00166,CT-000635,TGT-006,2026-07-09T01:01:00+00:00,post,chat,chat,shared,0.63,P04,True Positive - Recruitment Network
EVT-0000984,C-004,A-0041,S-00149,,,2026-07-11T03:54:00+00:00,profile_update,account,moderation_queue,submitted,0.846,P09,True Positive - Recruitment Network
EVT-0000985,C-004,A-0046,S-00164,CT-000636,TGT-006,2026-07-11T03:17:00+00:00,post,chat,moderation_queue,viewed,0.68,P04,True Positive - Recruitment Network
EVT-0000986,C-004,A-0039,S-00136,CT-000637,TGT-006,2026-07-10T17:22:00+00:00,post,reporting,moderation_queue,submitted,0.884,P12,True Positive - Recruitment Network
EVT-0000987,C-004,A-0036,S-00124,,TGT-006,2026-07-07T10:11:00+00:00,login,reporting,api,created,0.841,P08,True Positive - Recruitment Network
EVT-0000988,C-004,A-0036,S-00124,CT-000638,TGT-005,2026-07-07T10:57:00+00:00,post,chat,api,updated,0.763,P04,True Positive - Recruitment Network
EVT-0000989,C-004,A-0037,S-00128,,,2026-07-07T22:43:00+00:00,migration_signal,chat,api,submitted,0.549,P08,True Positive - Recruitment Network
EVT-0000990,C-004,A-0039,S-00138,,TGT-005,2026-07-11T01:38:00+00:00,login,search,moderation_queue,created,0.636,P12,True Positive - Recruitment Network
EVT-0000991,C-004,A-0039,S-00137,,,2026-07-08T02:19:00+00:00,login,chat,account_layer,shared,0.689,P08,True Positive - Recruitment Network
EVT-0000992,C-004,A-0045,S-00160,CT-000639,TGT-007,2026-07-09T09:59:00+00:00,post,chat,account_layer,viewed,0.722,P12,True Positive - Recruitment Network
EVT-0000993,C-004,A-0042,S-00151,CT-000640,TGT-005,2026-07-08T17:59:00+00:00,post,search,moderation_queue,submitted,0.64,P09,True Positive - Recruitment Network
EVT-0000994,C-004,A-0040,S-00143,CT-000641,TGT-005,2026-07-11T03:49:00+00:00,post,account,api,updated,0.784,P04,True Positive - Recruitment Network
EVT-0000995,C-004,A-0040,S-00142,CT-000642,TGT-006,2026-07-10T20:15:00+00:00,post,account,chat,created,0.885,P12,True Positive - Recruitment Network
EVT-0000996,C-004,A-0041,S-00148,CT-000643,TGT-007,2026-07-08T22:45:00+00:00,post,account,chat,submitted,0.799,P08,True Positive - Recruitment Network
EVT-0000997,C-004,A-0040,S-00144,CT-000644,TGT-005,2026-07-09T11:45:00+00:00,post,chat,api,created,0.78,P09,True Positive - Recruitment Network
EVT-0000998,C-004,A-0042,S-00153,,,2026-07-08T16:43:00+00:00,login,system,account_layer,created,0.84,P09,True Positive - Recruitment Network
EVT-0000999,C-004,A-0043,S-00156,CT-000645,TGT-006,2026-07-09T11:58:00+00:00,post,reporting,moderation_queue,submitted,0.832,P08,True Positive - Recruitment Network
EVT-0001000,C-004,A-0037,S-00129,,,2026-07-07T17:39:00+00:00,profile_update,chat,chat,submitted,0.567,P09,True Positive - Recruitment Network
EVT-0001001,C-004,A-0038,S-00134,CT-000646,TGT-005,2026-07-11T06:16:00+00:00,post,reporting,chat,submitted,0.694,P09,True Positive - Recruitment Network
EVT-0001002,C-004,A-0046,S-00164,,,2026-07-09T01:28:00+00:00,login,account,chat,shared,0.57,P04,True Positive - Recruitment Network
EVT-0001003,C-004,A-0043,S-00154,,,2026-07-08T15:37:00+00:00,profile_update,chat,chat,submitted,0.837,P04,True Positive - Recruitment Network
EVT-0001004,C-004,A-0036,S-00124,,,2026-07-07T17:25:00+00:00,migration_signal,reporting,moderation_queue,shared,0.919,P04,True Positive - Recruitment Network
EVT-0001005,C-004,A-0040,S-00142,CT-000647,TGT-007,2026-07-07T14:25:00+00:00,message,account,api,shared,0.604,P04,True Positive - Recruitment Network
EVT-0001006,C-004,A-0043,S-00156,CT-000648,TGT-006,2026-07-10T08:25:00+00:00,message,reporting,account_layer,created,0.787,,True Positive - Recruitment Network
EVT-0001007,C-004,A-0037,S-00128,,TGT-005,2026-07-09T03:16:00+00:00,migration_signal,search,moderation_queue,updated,0.601,,True Positive - Recruitment Network
EVT-0001008,C-004,A-0042,S-00152,CT-000649,TGT-006,2026-07-09T03:01:00+00:00,post,account,chat,shared,0.681,,True Positive - Recruitment Network
EVT-0001009,C-004,A-0044,S-00158,,TGT-007,2026-07-10T06:52:00+00:00,search,reporting,api,shared,0.703,P04,True Positive - Recruitment Network
EVT-0001010,C-004,A-0043,S-00156,CT-000650,TGT-006,2026-07-08T02:12:00+00:00,post,system,api,updated,0.616,P12,True Positive - Recruitment Network
EVT-0001011,C-004,A-0044,S-00157,,,2026-07-10T18:52:00+00:00,login,search,moderation_queue,submitted,0.792,,True Positive - Recruitment Network
EVT-0001012,C-004,A-0046,S-00164,CT-000651,TGT-007,2026-07-09T16:01:00+00:00,post,account,api,created,0.89,,True Positive - Recruitment Network
EVT-0001013,C-004,A-0043,S-00154,,TGT-007,2026-07-09T21:08:00+00:00,migration_signal,search,chat,updated,0.716,P09,True Positive - Recruitment Network
EVT-0001014,C-004,A-0039,S-00139,CT-000652,TGT-006,2026-07-07T22:02:00+00:00,post,account,api,created,0.676,,True Positive - Recruitment Network
EVT-0001015,C-004,A-0041,S-00146,CT-000653,TGT-006,2026-07-10T06:41:00+00:00,post,chat,account_layer,submitted,0.852,P08,True Positive - Recruitment Network
EVT-0001016,C-004,A-0037,S-00130,CT-000654,TGT-007,2026-07-09T14:48:00+00:00,report,reporting,chat,created,0.651,,True Positive - Recruitment Network
EVT-0001017,C-004,A-0044,S-00157,CT-000655,TGT-007,2026-07-10T03:00:00+00:00,post,search,chat,submitted,0.699,,True Positive - Recruitment Network
EVT-0001018,C-004,A-0041,S-00147,CT-000656,TGT-005,2026-07-09T16:54:00+00:00,post,search,moderation_queue,shared,0.602,P04,True Positive - Recruitment Network
EVT-0001019,C-004,A-0047,S-00165,CT-000657,TGT-005,2026-07-11T08:36:00+00:00,post,system,chat,shared,0.855,P08,True Positive - Recruitment Network
EVT-0001020,C-004,A-0046,S-00162,CT-000658,TGT-005,2026-07-07T22:00:00+00:00,post,reporting,chat,created,0.74,P04,True Positive - Recruitment Network
EVT-0001021,C-004,A-0045,S-00161,,TGT-005,2026-07-07T11:39:00+00:00,search,account,chat,created,0.531,P12,True Positive - Recruitment Network
EVT-0001022,C-004,A-0045,S-00161,,,2026-07-07T12:11:00+00:00,login,system,chat,updated,0.573,P09,True Positive - Recruitment Network
EVT-0001023,C-004,A-0039,S-00137,,TGT-006,2026-07-08T08:28:00+00:00,login,account,moderation_queue,viewed,0.776,P09,True Positive - Recruitment Network
EVT-0001024,C-004,A-0045,S-00159,,,2026-07-07T09:44:00+00:00,login,account,account_layer,submitted,0.612,,True Positive - Recruitment Network
EVT-0001025,C-004,A-0039,S-00138,CT-000659,TGT-007,2026-07-09T00:50:00+00:00,report,search,moderation_queue,updated,0.876,,True Positive - Recruitment Network
EVT-0001026,C-004,A-0041,S-00147,,TGT-007,2026-07-08T17:03:00+00:00,login,reporting,api,submitted,0.736,,True Positive - Recruitment Network
EVT-0001027,C-004,A-0037,S-00131,CT-000660,TGT-007,2026-07-08T10:16:00+00:00,post,search,account_layer,submitted,0.687,P12,True Positive - Recruitment Network
EVT-0001028,C-004,A-0041,S-00146,CT-000661,TGT-007,2026-07-07T13:17:00+00:00,post,chat,api,viewed,0.862,P12,True Positive - Recruitment Network
EVT-0001029,C-004,A-0039,S-00137,CT-000662,TGT-005,2026-07-09T17:19:00+00:00,post,reporting,account_layer,viewed,0.615,P12,True Positive - Recruitment Network
EVT-0001030,C-004,A-0047,S-00165,,TGT-005,2026-07-09T21:44:00+00:00,search,system,account_layer,updated,0.596,P12,True Positive - Recruitment Network
EVT-0001031,C-004,A-0043,S-00156,CT-000663,TGT-007,2026-07-08T04:37:00+00:00,post,system,chat,submitted,0.643,P09,True Positive - Recruitment Network
EVT-0001032,C-004,A-0042,S-00150,,TGT-005,2026-07-08T02:09:00+00:00,search,system,moderation_queue,submitted,0.782,P12,True Positive - Recruitment Network
EVT-0001033,C-004,A-0044,S-00158,CT-000664,TGT-005,2026-07-10T18:19:00+00:00,message,chat,moderation_queue,submitted,0.666,P09,True Positive - Recruitment Network
EVT-0001034,C-004,A-0036,S-00125,,TGT-007,2026-07-07T22:34:00+00:00,search,system,moderation_queue,viewed,0.885,,True Positive - Recruitment Network
EVT-0001035,C-004,A-0038,S-00134,CT-000665,TGT-006,2026-07-09T12:26:00+00:00,report,chat,moderation_queue,updated,0.808,P08,True Positive - Recruitment Network
EVT-0001036,C-004,A-0044,S-00157,CT-000666,TGT-007,2026-07-09T09:59:00+00:00,post,account,account_layer,updated,0.828,P04,True Positive - Recruitment Network
EVT-0001037,C-004,A-0038,S-00132,CT-000667,TGT-006,2026-07-11T01:35:00+00:00,message,chat,chat,shared,0.794,P09,True Positive - Recruitment Network
EVT-0001038,C-004,A-0036,S-00123,,,2026-07-09T22:07:00+00:00,login,account,moderation_queue,updated,0.581,P08,True Positive - Recruitment Network
EVT-0001039,C-004,A-0041,S-00147,CT-000668,TGT-005,2026-07-10T05:07:00+00:00,post,account,moderation_queue,shared,0.895,P08,True Positive - Recruitment Network
EVT-0001040,C-004,A-0042,S-00150,CT-000669,TGT-007,2026-07-08T06:46:00+00:00,post,reporting,account_layer,submitted,0.643,,True Positive - Recruitment Network
EVT-0001041,C-004,A-0040,S-00144,,TGT-005,2026-07-09T19:19:00+00:00,search,account,account_layer,submitted,0.676,,True Positive - Recruitment Network
EVT-0001042,C-004,A-0047,S-00167,,TGT-006,2026-07-10T18:45:00+00:00,search,chat,moderation_queue,viewed,0.769,P12,True Positive - Recruitment Network
EVT-0001043,C-004,A-0036,S-00127,CT-000670,TGT-007,2026-07-07T14:28:00+00:00,post,account,chat,shared,0.621,,True Positive - Recruitment Network
EVT-0001044,C-004,A-0044,S-00158,,TGT-005,2026-07-07T21:12:00+00:00,migration_signal,account,account_layer,shared,0.8,P04,True Positive - Recruitment Network
EVT-0001045,C-004,A-0042,S-00153,CT-000671,TGT-007,2026-07-10T03:32:00+00:00,message,chat,chat,created,0.8,P04,True Positive - Recruitment Network
EVT-0001046,C-004,A-0041,S-00147,CT-000672,TGT-005,2026-07-10T15:16:00+00:00,message,system,moderation_queue,shared,0.687,P04,True Positive - Recruitment Network
EVT-0001047,C-004,A-0044,S-00157,CT-000673,TGT-006,2026-07-11T05:04:00+00:00,message,reporting,moderation_queue,shared,0.825,P04,True Positive - Recruitment Network
EVT-0001048,C-004,A-0044,S-00157,CT-000674,TGT-007,2026-07-10T10:32:00+00:00,post,account,chat,created,0.827,P08,True Positive - Recruitment Network
EVT-0001049,C-004,A-0044,S-00157,CT-000675,TGT-005,2026-07-09T07:07:00+00:00,post,account,account_layer,shared,0.765,,True Positive - Recruitment Network
EVT-0001050,C-004,A-0037,S-00131,,,2026-07-10T18:46:00+00:00,migration_signal,system,api,created,0.587,,True Positive - Recruitment Network
EVT-0001051,C-004,A-0040,S-00142,CT-000676,TGT-005,2026-07-09T00:07:00+00:00,message,search,account_layer,updated,0.903,,True Positive - Recruitment Network
EVT-0001052,C-004,A-0045,S-00161,,TGT-006,2026-07-11T08:45:00+00:00,profile_update,search,chat,submitted,0.895,,True Positive - Recruitment Network
EVT-0001053,C-004,A-0047,S-00167,,TGT-007,2026-07-08T19:00:00+00:00,search,chat,account_layer,shared,0.692,P09,True Positive - Recruitment Network
EVT-0001054,C-004,A-0036,S-00127,,TGT-005,2026-07-08T09:20:00+00:00,login,chat,chat,submitted,0.913,P04,True Positive - Recruitment Network
EVT-0001055,C-004,A-0046,S-00164,,TGT-005,2026-07-08T09:56:00+00:00,login,reporting,api,created,0.876,,True Positive - Recruitment Network
EVT-0001056,C-004,A-0042,S-00151,CT-000677,TGT-006,2026-07-11T04:06:00+00:00,post,system,api,created,0.639,P12,True Positive - Recruitment Network
EVT-0001057,C-004,A-0039,S-00138,CT-000678,TGT-006,2026-07-11T02:42:00+00:00,post,chat,api,shared,0.954,,True Positive - Recruitment Network
EVT-0001058,C-004,A-0041,S-00148,,TGT-006,2026-07-11T04:26:00+00:00,login,reporting,chat,shared,0.795,P12,True Positive - Recruitment Network
EVT-0001059,C-004,A-0046,S-00162,CT-000679,TGT-005,2026-07-10T08:50:00+00:00,post,search,account_layer,shared,0.875,P08,True Positive - Recruitment Network
EVT-0001060,C-004,A-0036,S-00125,CT-000680,TGT-006,2026-07-10T22:23:00+00:00,post,search,moderation_queue,shared,0.65,P08,True Positive - Recruitment Network
EVT-0001061,C-004,A-0041,S-00145,,TGT-006,2026-07-08T18:41:00+00:00,migration_signal,account,account_layer,submitted,0.911,P09,True Positive - Recruitment Network
EVT-0001062,C-004,A-0036,S-00126,CT-000681,TGT-005,2026-07-07T19:34:00+00:00,post,account,chat,viewed,0.698,P12,True Positive - Recruitment Network
EVT-0001063,C-004,A-0044,S-00158,,TGT-006,2026-07-09T00:28:00+00:00,login,system,api,viewed,0.791,P12,True Positive - Recruitment Network
EVT-0001064,C-004,A-0047,S-00166,CT-000682,TGT-005,2026-07-07T13:17:00+00:00,report,account,moderation_queue,submitted,0.947,P09,True Positive - Recruitment Network
EVT-0001065,C-004,A-0039,S-00138,CT-000683,TGT-005,2026-07-09T11:16:00+00:00,post,account,moderation_queue,shared,0.892,P08,True Positive - Recruitment Network
EVT-0001066,C-004,A-0037,S-00131,CT-000684,TGT-007,2026-07-10T00:05:00+00:00,message,account,moderation_queue,shared,0.905,P04,True Positive - Recruitment Network
EVT-0001067,C-004,A-0039,S-00136,,TGT-005,2026-07-10T05:58:00+00:00,search,search,api,updated,0.827,,True Positive - Recruitment Network
EVT-0001068,C-004,A-0042,S-00150,,TGT-006,2026-07-08T20:29:00+00:00,migration_signal,reporting,moderation_queue,updated,0.823,P09,True Positive - Recruitment Network
EVT-0001069,C-004,A-0042,S-00153,CT-000685,TGT-007,2026-07-10T10:29:00+00:00,report,search,api,created,0.914,P08,True Positive - Recruitment Network
EVT-0001070,C-004,A-0047,S-00166,CT-000686,TGT-007,2026-07-08T21:55:00+00:00,post,chat,account_layer,updated,0.848,,True Positive - Recruitment Network
EVT-0001071,C-005,A-0071,S-00244,CT-000687,TGT-009,2026-07-09T18:43:19+00:00,post,reporting,moderation_queue,viewed,0.653,P07,Mixed - True Positive plus Benign Speech
EVT-0001072,C-005,A-0062,S-00211,CT-000688,TGT-009,2026-07-09T21:17:20+00:00,message,search,api,updated,0.454,P02,Mixed - True Positive plus Benign Speech
EVT-0001073,C-005,A-0067,S-00234,CT-000689,TGT-008,2026-07-13T07:25:00+00:00,post,search,api,submitted,0.681,P07,Mixed - True Positive plus Benign Speech
EVT-0001074,C-005,A-0059,S-00204,CT-000690,TGT-009,2026-07-09T20:58:05+00:00,post,chat,api,submitted,0.43,,Mixed - True Positive plus Benign Speech
EVT-0001075,C-005,A-0059,S-00203,CT-000691,TGT-008,2026-07-10T08:12:00+00:00,message,reporting,moderation_queue,viewed,0.406,P11,Mixed - True Positive plus Benign Speech
EVT-0001076,C-005,A-0060,S-00205,,,2026-07-09T21:16:29+00:00,login,reporting,account_layer,viewed,0.682,,Mixed - True Positive plus Benign Speech
EVT-0001077,C-005,A-0059,S-00204,CT-000692,TGT-009,2026-07-09T21:30:29+00:00,post,system,moderation_queue,created,0.619,P03,Mixed - True Positive plus Benign Speech
EVT-0001078,C-005,A-0055,S-00193,,TGT-008,2026-07-11T00:26:00+00:00,search,chat,moderation_queue,submitted,0.361,P10,Mixed - True Positive plus Benign Speech
EVT-0001079,C-005,A-0056,S-00197,CT-000693,TGT-008,2026-07-09T19:29:50+00:00,message,account,moderation_queue,created,0.649,,Mixed - True Positive plus Benign Speech
EVT-0001080,C-005,A-0070,S-00243,CT-000694,TGT-009,2026-07-10T16:04:00+00:00,post,system,chat,submitted,0.225,P10,Mixed - True Positive plus Benign Speech
EVT-0001081,C-005,A-0065,S-00225,CT-000695,TGT-009,2026-07-09T20:29:10+00:00,post,account,moderation_queue,updated,0.709,P11,Mixed - True Positive plus Benign Speech
EVT-0001082,C-005,A-0050,S-00174,CT-000696,TGT-008,2026-07-09T19:00:34+00:00,post,reporting,chat,shared,0.658,P03,Mixed - True Positive plus Benign Speech
EVT-0001083,C-005,A-0048,S-00168,,TGT-009,2026-07-09T19:44:15+00:00,login,system,chat,created,0.478,P07,Mixed - True Positive plus Benign Speech
EVT-0001084,C-005,A-0055,S-00194,CT-000697,TGT-008,2026-07-12T22:41:00+00:00,post,chat,account_layer,viewed,0.278,P10,Mixed - True Positive plus Benign Speech
EVT-0001085,C-005,A-0054,S-00189,CT-000698,TGT-009,2026-07-09T19:34:56+00:00,post,chat,api,shared,0.721,P02,Mixed - True Positive plus Benign Speech
EVT-0001086,C-005,A-0051,S-00178,CT-000699,TGT-009,2026-07-09T19:19:23+00:00,message,search,api,submitted,0.491,,Mixed - True Positive plus Benign Speech
EVT-0001087,C-005,A-0068,S-00238,CT-000700,TGT-009,2026-07-09T19:24:54+00:00,post,chat,api,shared,0.48,P11,Mixed - True Positive plus Benign Speech
EVT-0001088,C-005,A-0063,S-00216,CT-000701,TGT-009,2026-07-11T11:42:00+00:00,post,reporting,api,updated,0.249,P10,Mixed - True Positive plus Benign Speech
EVT-0001089,C-005,A-0055,S-00191,CT-000702,TGT-009,2026-07-13T03:58:00+00:00,post,system,account_layer,shared,0.661,,Mixed - True Positive plus Benign Speech
EVT-0001090,C-005,A-0071,S-00247,CT-000703,TGT-009,2026-07-09T19:00:18+00:00,post,account,moderation_queue,updated,0.42,P02,Mixed - True Positive plus Benign Speech
EVT-0001091,C-005,A-0055,S-00190,CT-000704,TGT-008,2026-07-09T16:09:00+00:00,post,chat,api,shared,0.721,P11,Mixed - True Positive plus Benign Speech
EVT-0001092,C-005,A-0069,S-00239,,,2026-07-09T19:14:03+00:00,login,account,account_layer,updated,0.472,P11,Mixed - True Positive plus Benign Speech
EVT-0001093,C-005,A-0056,S-00197,CT-000705,TGT-008,2026-07-09T20:43:24+00:00,message,search,moderation_queue,shared,0.721,P03,Mixed - True Positive plus Benign Speech
EVT-0001094,C-005,A-0062,S-00212,,,2026-07-10T21:45:00+00:00,migration_signal,account,moderation_queue,submitted,0.652,,Mixed - True Positive plus Benign Speech
EVT-0001095,C-005,A-0065,S-00224,CT-000706,TGT-009,2026-07-09T19:29:31+00:00,message,chat,account_layer,shared,0.736,P07,Mixed - True Positive plus Benign Speech
EVT-0001096,C-005,A-0062,S-00213,CT-000707,TGT-008,2026-07-10T08:08:00+00:00,post,chat,chat,shared,0.724,P03,Mixed - True Positive plus Benign Speech
EVT-0001097,C-005,A-0063,S-00217,,,2026-07-09T19:59:59+00:00,migration_signal,account,moderation_queue,updated,0.423,,Mixed - True Positive plus Benign Speech
EVT-0001098,C-005,A-0070,S-00242,,,2026-07-09T21:05:35+00:00,profile_update,account,api,created,0.511,,Mixed - True Positive plus Benign Speech
EVT-0001099,C-005,A-0060,S-00207,,TGT-008,2026-07-10T03:12:00+00:00,search,search,account_layer,updated,0.674,P07,Mixed - True Positive plus Benign Speech
EVT-0001100,C-005,A-0057,S-00200,CT-000708,TGT-008,2026-07-09T16:03:00+00:00,post,reporting,api,updated,0.451,P11,Mixed - True Positive plus Benign Speech
EVT-0001101,C-005,A-0060,S-00206,CT-000709,TGT-009,2026-07-09T19:59:08+00:00,post,reporting,api,created,0.589,P11,Mixed - True Positive plus Benign Speech
EVT-0001102,C-005,A-0049,S-00170,CT-000710,TGT-008,2026-07-09T20:34:07+00:00,post,search,chat,shared,0.487,,Mixed - True Positive plus Benign Speech
EVT-0001103,C-005,A-0065,S-00222,,TGT-008,2026-07-12T07:17:00+00:00,search,system,moderation_queue,created,0.725,,Mixed - True Positive plus Benign Speech
EVT-0001104,C-005,A-0066,S-00228,CT-000711,TGT-008,2026-07-10T04:08:00+00:00,report,reporting,account_layer,submitted,0.554,,Mixed - True Positive plus Benign Speech
EVT-0001105,C-005,A-0062,S-00213,CT-000712,TGT-008,2026-07-09T19:18:44+00:00,report,account,chat,updated,0.595,P03,Mixed - True Positive plus Benign Speech
EVT-0001106,C-005,A-0066,S-00226,CT-000713,TGT-009,2026-07-09T20:10:16+00:00,post,system,chat,viewed,0.414,P11,Mixed - True Positive plus Benign Speech
EVT-0001107,C-005,A-0065,S-00221,CT-000714,TGT-008,2026-07-09T19:24:27+00:00,post,search,moderation_queue,updated,0.67,,Mixed - True Positive plus Benign Speech
EVT-0001108,C-005,A-0065,S-00224,CT-000715,TGT-009,2026-07-09T21:02:17+00:00,post,account,chat,shared,0.736,,Mixed - True Positive plus Benign Speech
EVT-0001109,C-005,A-0063,S-00215,CT-000716,TGT-009,2026-07-11T03:11:00+00:00,post,account,chat,updated,0.497,P03,Mixed - True Positive plus Benign Speech
EVT-0001110,C-005,A-0058,S-00201,,,2026-07-12T10:10:00+00:00,login,reporting,chat,shared,0.387,,Mixed - True Positive plus Benign Speech
EVT-0001111,C-005,A-0055,S-00190,CT-000717,TGT-009,2026-07-09T21:26:48+00:00,report,search,account_layer,created,0.464,,Mixed - True Positive plus Benign Speech
EVT-0001112,C-005,A-0066,S-00228,CT-000718,TGT-008,2026-07-09T20:58:17+00:00,message,account,api,updated,0.736,,Mixed - True Positive plus Benign Speech
EVT-0001113,C-005,A-0067,S-00232,CT-000719,TGT-009,2026-07-09T20:06:04+00:00,post,system,api,submitted,0.686,,Mixed - True Positive plus Benign Speech
EVT-0001114,C-005,A-0060,S-00207,,TGT-008,2026-07-09T20:25:06+00:00,search,chat,chat,created,0.435,P07,Mixed - True Positive plus Benign Speech
EVT-0001115,C-005,A-0048,S-00169,CT-000720,TGT-008,2026-07-11T11:13:00+00:00,post,reporting,chat,shared,0.59,P02,Mixed - True Positive plus Benign Speech
EVT-0001116,C-005,A-0061,S-00209,,,2026-07-09T21:13:51+00:00,login,account,account_layer,updated,0.531,P11,Mixed - True Positive plus Benign Speech
EVT-0001117,C-005,A-0070,S-00242,CT-000721,TGT-009,2026-07-09T20:43:04+00:00,post,search,account_layer,submitted,0.662,,Mixed - True Positive plus Benign Speech
EVT-0001118,C-005,A-0063,S-00216,CT-000722,TGT-009,2026-07-09T20:19:44+00:00,post,account,api,updated,0.675,P03,Mixed - True Positive plus Benign Speech
EVT-0001119,C-005,A-0065,S-00224,CT-000723,TGT-008,2026-07-09T14:21:00+00:00,post,reporting,api,viewed,0.374,P10,Mixed - True Positive plus Benign Speech
EVT-0001120,C-005,A-0053,S-00185,CT-000724,TGT-008,2026-07-09T19:56:15+00:00,message,search,api,submitted,0.566,P03,Mixed - True Positive plus Benign Speech
EVT-0001121,C-005,A-0058,S-00201,CT-000725,TGT-009,2026-07-09T19:38:13+00:00,post,reporting,chat,updated,0.758,,Mixed - True Positive plus Benign Speech
EVT-0001122,C-005,A-0053,S-00185,CT-000726,TGT-009,2026-07-09T19:03:29+00:00,message,chat,api,shared,0.405,,Mixed - True Positive plus Benign Speech
EVT-0001123,C-005,A-0050,S-00175,CT-000727,TGT-008,2026-07-12T02:55:00+00:00,message,system,api,created,0.543,,Mixed - True Positive plus Benign Speech
EVT-0001124,C-005,A-0067,S-00234,CT-000728,TGT-008,2026-07-09T19:35:52+00:00,message,reporting,chat,updated,0.441,,Mixed - True Positive plus Benign Speech
EVT-0001125,C-005,A-0071,S-00247,CT-000729,TGT-009,2026-07-11T00:37:00+00:00,message,chat,account_layer,shared,0.225,P10,Mixed - True Positive plus Benign Speech
EVT-0001126,C-005,A-0057,S-00199,CT-000730,TGT-008,2026-07-09T18:31:54+00:00,post,chat,api,shared,0.762,P07,Mixed - True Positive plus Benign Speech
EVT-0001127,C-005,A-0055,S-00194,,TGT-009,2026-07-10T09:23:00+00:00,profile_update,search,moderation_queue,submitted,0.436,P10,Mixed - True Positive plus Benign Speech
EVT-0001128,C-005,A-0057,S-00200,,TGT-009,2026-07-10T21:51:00+00:00,search,account,api,shared,0.397,P03,Mixed - True Positive plus Benign Speech
EVT-0001129,C-005,A-0056,S-00198,,,2026-07-09T19:24:09+00:00,migration_signal,account,chat,updated,0.464,P10,Mixed - True Positive plus Benign Speech
EVT-0001130,C-005,A-0067,S-00230,CT-000731,TGT-008,2026-07-11T04:28:00+00:00,post,system,moderation_queue,updated,0.471,,Mixed - True Positive plus Benign Speech
EVT-0001131,C-005,A-0068,S-00237,,TGT-009,2026-07-11T02:37:00+00:00,search,reporting,api,updated,0.389,,Mixed - True Positive plus Benign Speech
EVT-0001132,C-005,A-0048,S-00169,CT-000732,TGT-009,2026-07-09T18:12:00+00:00,post,reporting,chat,viewed,0.617,,Mixed - True Positive plus Benign Speech
EVT-0001133,C-005,A-0063,S-00215,CT-000733,TGT-008,2026-07-13T00:17:00+00:00,post,system,account_layer,created,0.709,,Mixed - True Positive plus Benign Speech
EVT-0001134,C-005,A-0067,S-00232,,TGT-009,2026-07-12T15:34:00+00:00,migration_signal,reporting,account_layer,viewed,0.516,P02,Mixed - True Positive plus Benign Speech
EVT-0001135,C-005,A-0071,S-00247,,,2026-07-09T20:49:48+00:00,login,chat,chat,shared,0.728,P10,Mixed - True Positive plus Benign Speech
EVT-0001136,C-005,A-0067,S-00234,,TGT-009,2026-07-09T21:05:29+00:00,profile_update,account,api,viewed,0.73,P11,Mixed - True Positive plus Benign Speech
EVT-0001137,C-005,A-0069,S-00239,CT-000734,TGT-008,2026-07-10T08:51:00+00:00,post,account,moderation_queue,shared,0.759,,Mixed - True Positive plus Benign Speech
EVT-0001138,C-005,A-0062,S-00212,,TGT-009,2026-07-09T19:44:36+00:00,search,system,api,submitted,0.382,,Mixed - True Positive plus Benign Speech
EVT-0001139,C-005,A-0062,S-00212,CT-000735,TGT-008,2026-07-09T18:55:13+00:00,post,reporting,chat,shared,0.588,P03,Mixed - True Positive plus Benign Speech
EVT-0001140,C-005,A-0055,S-00190,CT-000736,TGT-008,2026-07-09T15:32:00+00:00,post,reporting,api,created,0.57,P02,Mixed - True Positive plus Benign Speech
EVT-0001141,C-005,A-0052,S-00183,,TGT-009,2026-07-09T08:29:00+00:00,migration_signal,system,api,created,0.52,P11,Mixed - True Positive plus Benign Speech
EVT-0001142,C-005,A-0066,S-00229,CT-000737,TGT-008,2026-07-09T19:12:18+00:00,post,search,moderation_queue,created,0.568,P07,Mixed - True Positive plus Benign Speech
EVT-0001143,C-005,A-0050,S-00174,CT-000738,TGT-009,2026-07-09T20:19:18+00:00,post,account,account_layer,updated,0.43,,Mixed - True Positive plus Benign Speech
EVT-0001144,C-005,A-0057,S-00200,CT-000739,TGT-008,2026-07-09T18:50:44+00:00,report,search,moderation_queue,created,0.261,P10,Mixed - True Positive plus Benign Speech
EVT-0001145,C-005,A-0063,S-00217,,,2026-07-09T21:09:48+00:00,migration_signal,search,moderation_queue,shared,0.713,P03,Mixed - True Positive plus Benign Speech
EVT-0001146,C-005,A-0060,S-00206,CT-000740,TGT-008,2026-07-09T20:05:25+00:00,post,reporting,account_layer,created,0.504,P03,Mixed - True Positive plus Benign Speech
EVT-0001147,C-005,A-0056,S-00197,CT-000741,TGT-009,2026-07-13T07:17:00+00:00,post,search,moderation_queue,shared,0.641,P11,Mixed - True Positive plus Benign Speech
EVT-0001148,C-005,A-0067,S-00233,CT-000742,TGT-008,2026-07-09T20:16:29+00:00,message,system,api,shared,0.277,P10,Mixed - True Positive plus Benign Speech
EVT-0001149,C-005,A-0068,S-00238,CT-000743,TGT-009,2026-07-10T13:17:00+00:00,report,reporting,account_layer,updated,0.439,P03,Mixed - True Positive plus Benign Speech
EVT-0001150,C-005,A-0048,S-00169,CT-000744,TGT-008,2026-07-11T06:16:00+00:00,post,search,api,shared,0.554,P03,Mixed - True Positive plus Benign Speech
EVT-0001151,C-005,A-0051,S-00178,CT-000745,TGT-009,2026-07-10T20:02:00+00:00,post,reporting,moderation_queue,viewed,0.59,,Mixed - True Positive plus Benign Speech
EVT-0001152,C-005,A-0056,S-00196,CT-000746,TGT-008,2026-07-09T21:29:50+00:00,post,account,api,updated,0.56,,Mixed - True Positive plus Benign Speech
EVT-0001153,C-005,A-0057,S-00199,CT-000747,TGT-008,2026-07-09T19:52:38+00:00,post,search,chat,created,0.649,,Mixed - True Positive plus Benign Speech
EVT-0001154,C-005,A-0067,S-00232,CT-000748,TGT-009,2026-07-12T03:04:00+00:00,post,account,chat,updated,0.672,P02,Mixed - True Positive plus Benign Speech
EVT-0001155,C-005,A-0061,S-00209,,TGT-009,2026-07-09T20:38:05+00:00,search,search,chat,submitted,0.433,,Mixed - True Positive plus Benign Speech
EVT-0001156,C-005,A-0050,S-00175,CT-000749,TGT-009,2026-07-09T21:15:07+00:00,message,chat,api,viewed,0.724,P02,Mixed - True Positive plus Benign Speech
EVT-0001157,C-005,A-0051,S-00178,CT-000750,TGT-008,2026-07-09T18:49:32+00:00,post,system,chat,created,0.477,,Mixed - True Positive plus Benign Speech
EVT-0001158,C-005,A-0069,S-00241,,,2026-07-09T18:57:27+00:00,login,reporting,moderation_queue,created,0.383,P07,Mixed - True Positive plus Benign Speech
EVT-0001159,C-005,A-0059,S-00203,CT-000751,TGT-008,2026-07-09T19:05:08+00:00,post,search,account_layer,updated,0.529,P11,Mixed - True Positive plus Benign Speech
EVT-0001160,C-005,A-0052,S-00183,CT-000752,TGT-008,2026-07-11T00:40:00+00:00,post,search,account_layer,created,0.608,,Mixed - True Positive plus Benign Speech
EVT-0001161,C-005,A-0065,S-00222,CT-000753,TGT-009,2026-07-09T18:51:07+00:00,message,system,chat,submitted,0.688,P02,Mixed - True Positive plus Benign Speech
EVT-0001162,C-005,A-0060,S-00207,,,2026-07-13T02:25:00+00:00,login,account,chat,shared,0.65,P02,Mixed - True Positive plus Benign Speech
EVT-0001163,C-005,A-0056,S-00197,CT-000754,TGT-009,2026-07-11T10:21:00+00:00,post,reporting,chat,shared,0.615,P07,Mixed - True Positive plus Benign Speech
EVT-0001164,C-005,A-0053,S-00185,CT-000755,TGT-009,2026-07-09T19:09:40+00:00,report,reporting,chat,viewed,0.481,P03,Mixed - True Positive plus Benign Speech
EVT-0001165,C-005,A-0050,S-00175,,TGT-009,2026-07-09T20:16:35+00:00,login,search,account_layer,shared,0.531,P11,Mixed - True Positive plus Benign Speech
EVT-0001166,C-005,A-0070,S-00243,CT-000756,TGT-009,2026-07-13T00:15:00+00:00,post,search,moderation_queue,created,0.726,,Mixed - True Positive plus Benign Speech
EVT-0001167,C-005,A-0052,S-00182,CT-000757,TGT-009,2026-07-10T14:56:00+00:00,post,system,account_layer,created,0.561,P03,Mixed - True Positive plus Benign Speech
EVT-0001168,C-005,A-0068,S-00235,,TGT-009,2026-07-11T05:48:00+00:00,search,account,chat,created,0.436,P11,Mixed - True Positive plus Benign Speech
EVT-0001169,C-005,A-0060,S-00205,CT-000758,TGT-009,2026-07-09T19:08:01+00:00,post,account,api,created,0.726,,Mixed - True Positive plus Benign Speech
EVT-0001170,C-005,A-0050,S-00176,CT-000759,TGT-009,2026-07-09T17:31:00+00:00,post,system,account_layer,shared,0.512,P11,Mixed - True Positive plus Benign Speech
EVT-0001171,C-005,A-0049,S-00172,CT-000760,TGT-009,2026-07-12T14:53:00+00:00,message,reporting,chat,submitted,0.481,P10,Mixed - True Positive plus Benign Speech
EVT-0001172,C-005,A-0060,S-00207,CT-000761,TGT-008,2026-07-10T05:46:00+00:00,post,search,chat,updated,0.522,,Mixed - True Positive plus Benign Speech
EVT-0001173,C-005,A-0053,S-00185,CT-000762,TGT-009,2026-07-09T18:51:25+00:00,report,account,moderation_queue,viewed,0.5,P03,Mixed - True Positive plus Benign Speech
EVT-0001174,C-005,A-0066,S-00228,CT-000763,TGT-008,2026-07-09T19:18:43+00:00,post,system,api,shared,0.661,P03,Mixed - True Positive plus Benign Speech
EVT-0001175,C-005,A-0058,S-00202,CT-000764,TGT-009,2026-07-11T05:59:00+00:00,report,system,moderation_queue,submitted,0.612,P11,Mixed - True Positive plus Benign Speech
EVT-0001176,C-005,A-0049,S-00172,CT-000765,TGT-009,2026-07-09T20:43:03+00:00,message,search,chat,created,0.275,P10,Mixed - True Positive plus Benign Speech
EVT-0001177,C-005,A-0058,S-00202,CT-000766,TGT-008,2026-07-12T21:40:00+00:00,message,chat,account_layer,shared,0.723,,Mixed - True Positive plus Benign Speech
EVT-0001178,C-005,A-0070,S-00242,CT-000767,TGT-009,2026-07-09T20:03:38+00:00,post,reporting,moderation_queue,shared,0.473,P10,Mixed - True Positive plus Benign Speech
EVT-0001179,C-005,A-0065,S-00225,CT-000768,TGT-009,2026-07-09T19:00:34+00:00,post,reporting,api,updated,0.506,P02,Mixed - True Positive plus Benign Speech
EVT-0001180,C-005,A-0055,S-00194,CT-000769,TGT-009,2026-07-09T21:02:23+00:00,post,system,api,created,0.445,P11,Mixed - True Positive plus Benign Speech
EVT-0001181,C-005,A-0057,S-00199,CT-000770,TGT-008,2026-07-09T18:57:22+00:00,message,account,api,shared,0.706,,Mixed - True Positive plus Benign Speech
EVT-0001182,C-005,A-0056,S-00196,,TGT-008,2026-07-09T19:11:57+00:00,login,system,api,submitted,0.573,,Mixed - True Positive plus Benign Speech
EVT-0001183,C-005,A-0062,S-00211,CT-000771,TGT-008,2026-07-09T19:29:04+00:00,post,system,account_layer,viewed,0.487,P03,Mixed - True Positive plus Benign Speech
EVT-0001184,C-005,A-0063,S-00217,,,2026-07-11T17:19:00+00:00,migration_signal,search,account_layer,shared,0.628,,Mixed - True Positive plus Benign Speech
EVT-0001185,C-005,A-0052,S-00182,CT-000772,TGT-009,2026-07-09T18:43:02+00:00,post,search,api,shared,0.459,P03,Mixed - True Positive plus Benign Speech
EVT-0001186,C-005,A-0050,S-00175,CT-000773,TGT-009,2026-07-12T10:12:00+00:00,message,system,moderation_queue,viewed,0.581,,Mixed - True Positive plus Benign Speech
EVT-0001187,C-005,A-0071,S-00246,,TGT-009,2026-07-11T11:05:00+00:00,search,search,account_layer,created,0.629,P07,Mixed - True Positive plus Benign Speech
EVT-0001188,C-005,A-0057,S-00199,CT-000774,TGT-009,2026-07-12T13:12:00+00:00,message,search,chat,shared,0.522,P02,Mixed - True Positive plus Benign Speech
EVT-0001189,C-005,A-0067,S-00230,CT-000775,TGT-009,2026-07-10T16:57:00+00:00,post,system,moderation_queue,updated,0.393,P10,Mixed - True Positive plus Benign Speech
EVT-0001190,C-005,A-0068,S-00237,CT-000776,TGT-008,2026-07-12T14:24:00+00:00,report,chat,moderation_queue,updated,0.61,P07,Mixed - True Positive plus Benign Speech
EVT-0001191,C-005,A-0071,S-00247,,TGT-008,2026-07-10T18:05:00+00:00,search,chat,api,updated,0.393,P11,Mixed - True Positive plus Benign Speech
EVT-0001192,C-005,A-0058,S-00201,CT-000777,TGT-008,2026-07-12T17:37:00+00:00,post,account,account_layer,submitted,0.672,,Mixed - True Positive plus Benign Speech
EVT-0001193,C-005,A-0060,S-00205,,,2026-07-09T21:25:47+00:00,login,reporting,account_layer,created,0.477,P11,Mixed - True Positive plus Benign Speech
EVT-0001194,C-005,A-0059,S-00204,CT-000778,TGT-008,2026-07-09T20:30:38+00:00,post,account,moderation_queue,viewed,0.502,,Mixed - True Positive plus Benign Speech
EVT-0001195,C-005,A-0051,S-00180,CT-000779,TGT-008,2026-07-13T04:38:00+00:00,post,system,chat,created,0.456,P02,Mixed - True Positive plus Benign Speech
EVT-0001196,C-005,A-0048,S-00168,,,2026-07-09T18:56:24+00:00,migration_signal,system,moderation_queue,shared,0.71,,Mixed - True Positive plus Benign Speech
EVT-0001197,C-005,A-0069,S-00240,CT-000780,TGT-009,2026-07-09T19:35:00+00:00,post,chat,api,viewed,0.501,P11,Mixed - True Positive plus Benign Speech
EVT-0001198,C-005,A-0049,S-00170,,TGT-009,2026-07-09T20:00:20+00:00,search,chat,api,shared,0.372,,Mixed - True Positive plus Benign Speech
EVT-0001199,C-005,A-0054,S-00189,CT-000781,TGT-008,2026-07-11T06:34:00+00:00,post,chat,api,created,0.484,,Mixed - True Positive plus Benign Speech
EVT-0001200,C-005,A-0070,S-00243,,TGT-009,2026-07-12T11:13:00+00:00,login,reporting,account_layer,shared,0.352,P10,Mixed - True Positive plus Benign Speech
EVT-0001201,C-005,A-0067,S-00234,,TGT-009,2026-07-11T09:56:00+00:00,search,search,account_layer,submitted,0.507,,Mixed - True Positive plus Benign Speech
EVT-0001202,C-005,A-0065,S-00221,CT-000782,TGT-009,2026-07-13T04:21:00+00:00,report,system,api,viewed,0.562,P07,Mixed - True Positive plus Benign Speech
EVT-0001203,C-005,A-0050,S-00173,CT-000783,TGT-008,2026-07-09T20:37:14+00:00,post,reporting,moderation_queue,viewed,0.562,P07,Mixed - True Positive plus Benign Speech
EVT-0001204,C-005,A-0067,S-00231,CT-000784,TGT-009,2026-07-12T22:05:00+00:00,post,search,account_layer,submitted,0.415,,Mixed - True Positive plus Benign Speech
EVT-0001205,C-005,A-0048,S-00169,CT-000785,TGT-008,2026-07-09T19:49:40+00:00,post,system,moderation_queue,created,0.421,P02,Mixed - True Positive plus Benign Speech
EVT-0001206,C-005,A-0048,S-00169,,TGT-009,2026-07-09T20:36:29+00:00,search,account,account_layer,submitted,0.442,,Mixed - True Positive plus Benign Speech
EVT-0001207,C-005,A-0061,S-00208,CT-000786,TGT-009,2026-07-10T00:46:00+00:00,post,search,chat,created,0.501,P02,Mixed - True Positive plus Benign Speech
EVT-0001208,C-005,A-0070,S-00242,,TGT-008,2026-07-11T17:33:00+00:00,login,reporting,moderation_queue,created,0.369,P10,Mixed - True Positive plus Benign Speech
EVT-0001209,C-005,A-0052,S-00183,CT-000787,TGT-009,2026-07-09T19:32:02+00:00,post,search,moderation_queue,updated,0.495,P11,Mixed - True Positive plus Benign Speech
EVT-0001210,C-005,A-0070,S-00243,,,2026-07-10T04:52:00+00:00,login,search,account_layer,created,0.563,P02,Mixed - True Positive plus Benign Speech
EVT-0001211,C-005,A-0061,S-00209,CT-000788,TGT-008,2026-07-09T21:12:21+00:00,post,chat,api,created,0.663,P11,Mixed - True Positive plus Benign Speech
EVT-0001212,C-005,A-0063,S-00215,,TGT-008,2026-07-10T01:53:00+00:00,login,system,account_layer,submitted,0.568,P07,Mixed - True Positive plus Benign Speech
EVT-0001213,C-005,A-0064,S-00218,CT-000789,TGT-009,2026-07-11T19:38:00+00:00,post,reporting,api,submitted,0.46,,Mixed - True Positive plus Benign Speech
EVT-0001214,C-005,A-0055,S-00191,CT-000790,TGT-009,2026-07-12T04:45:00+00:00,message,system,account_layer,created,0.58,,Mixed - True Positive plus Benign Speech
EVT-0001215,C-005,A-0067,S-00232,CT-000791,TGT-009,2026-07-09T19:46:54+00:00,message,system,chat,viewed,0.714,P02,Mixed - True Positive plus Benign Speech
EVT-0001216,C-005,A-0058,S-00201,CT-000792,TGT-009,2026-07-09T20:22:15+00:00,post,search,chat,updated,0.41,P02,Mixed - True Positive plus Benign Speech
EVT-0001217,C-005,A-0058,S-00201,CT-000793,TGT-009,2026-07-09T19:35:51+00:00,post,search,account_layer,shared,0.489,P02,Mixed - True Positive plus Benign Speech
EVT-0001218,C-005,A-0067,S-00232,CT-000794,TGT-009,2026-07-09T21:26:17+00:00,message,system,chat,viewed,0.375,P10,Mixed - True Positive plus Benign Speech
EVT-0001219,C-005,A-0052,S-00182,,,2026-07-10T17:47:00+00:00,profile_update,system,account_layer,updated,0.497,,Mixed - True Positive plus Benign Speech
EVT-0001220,C-005,A-0058,S-00201,CT-000795,TGT-009,2026-07-09T21:11:45+00:00,report,search,api,submitted,0.875,P07,Mixed - True Positive plus Benign Speech
EVT-0001221,C-005,A-0048,S-00168,CT-000796,TGT-009,2026-07-09T17:03:00+00:00,post,system,moderation_queue,submitted,0.676,P07,Mixed - True Positive plus Benign Speech
EVT-0001222,C-005,A-0048,S-00168,,,2026-07-09T19:27:31+00:00,login,chat,chat,created,0.508,P02,Mixed - True Positive plus Benign Speech
EVT-0001223,C-005,A-0062,S-00212,CT-000797,TGT-009,2026-07-10T02:18:00+00:00,report,system,chat,updated,0.551,P03,Mixed - True Positive plus Benign Speech
EVT-0001224,C-005,A-0070,S-00242,CT-000798,TGT-009,2026-07-12T16:58:00+00:00,post,account,moderation_queue,submitted,0.253,P10,Mixed - True Positive plus Benign Speech
EVT-0001225,C-005,A-0065,S-00221,CT-000799,TGT-008,2026-07-09T19:11:48+00:00,post,account,account_layer,viewed,0.241,P10,Mixed - True Positive plus Benign Speech
EVT-0001226,C-005,A-0069,S-00241,CT-000800,TGT-009,2026-07-09T18:34:21+00:00,post,account,account_layer,shared,0.505,P10,Mixed - True Positive plus Benign Speech
EVT-0001227,C-005,A-0058,S-00202,CT-000801,TGT-008,2026-07-11T00:34:00+00:00,message,reporting,chat,updated,0.706,P03,Mixed - True Positive plus Benign Speech
EVT-0001228,C-005,A-0051,S-00181,,TGT-009,2026-07-09T18:39:24+00:00,search,chat,moderation_queue,created,0.474,P11,Mixed - True Positive plus Benign Speech
EVT-0001229,C-005,A-0065,S-00221,,TGT-008,2026-07-09T20:58:13+00:00,search,system,moderation_queue,shared,0.352,P07,Mixed - True Positive plus Benign Speech
EVT-0001230,C-005,A-0068,S-00236,CT-000802,TGT-009,2026-07-09T19:32:00+00:00,message,chat,chat,viewed,0.637,P07,Mixed - True Positive plus Benign Speech
EVT-0001231,C-005,A-0056,S-00198,CT-000803,TGT-008,2026-07-09T20:18:31+00:00,post,chat,chat,viewed,0.631,,Mixed - True Positive plus Benign Speech
EVT-0001232,C-005,A-0062,S-00213,,,2026-07-13T05:42:00+00:00,migration_signal,reporting,api,submitted,0.492,,Mixed - True Positive plus Benign Speech
EVT-0001233,C-005,A-0068,S-00237,CT-000804,TGT-009,2026-07-10T14:40:00+00:00,post,reporting,chat,updated,0.539,P03,Mixed - True Positive plus Benign Speech
EVT-0001234,C-005,A-0050,S-00175,CT-000805,TGT-009,2026-07-09T20:55:45+00:00,message,chat,chat,created,0.569,P11,Mixed - True Positive plus Benign Speech
EVT-0001235,C-005,A-0054,S-00188,,TGT-008,2026-07-09T18:41:07+00:00,search,system,chat,created,0.335,P02,Mixed - True Positive plus Benign Speech
EVT-0001236,C-005,A-0064,S-00220,CT-000806,TGT-008,2026-07-09T19:42:27+00:00,post,reporting,account_layer,viewed,0.396,P10,Mixed - True Positive plus Benign Speech
EVT-0001237,C-005,A-0062,S-00213,CT-000807,TGT-009,2026-07-12T01:34:00+00:00,report,search,chat,created,0.681,P07,Mixed - True Positive plus Benign Speech
EVT-0001238,C-005,A-0056,S-00196,CT-000808,TGT-008,2026-07-09T20:44:03+00:00,post,account,moderation_queue,submitted,0.408,,Mixed - True Positive plus Benign Speech
EVT-0001239,C-005,A-0060,S-00207,CT-000809,TGT-008,2026-07-09T20:32:21+00:00,post,search,api,updated,0.591,,Mixed - True Positive plus Benign Speech
EVT-0001240,C-005,A-0069,S-00240,,,2026-07-12T22:24:00+00:00,login,system,account_layer,shared,0.636,P10,Mixed - True Positive plus Benign Speech
EVT-0001241,C-005,A-0071,S-00246,CT-000810,TGT-008,2026-07-10T09:03:00+00:00,post,reporting,api,submitted,0.61,P03,Mixed - True Positive plus Benign Speech
EVT-0001242,C-005,A-0059,S-00203,CT-000811,TGT-008,2026-07-12T13:48:00+00:00,post,account,chat,viewed,0.593,P03,Mixed - True Positive plus Benign Speech
EVT-0001243,C-005,A-0061,S-00209,,,2026-07-09T20:40:41+00:00,profile_update,system,moderation_queue,viewed,0.433,,Mixed - True Positive plus Benign Speech
EVT-0001244,C-005,A-0054,S-00189,,,2026-07-09T20:06:33+00:00,profile_update,chat,api,created,0.624,P07,Mixed - True Positive plus Benign Speech
EVT-0001245,C-005,A-0056,S-00195,CT-000812,TGT-008,2026-07-09T20:53:58+00:00,message,chat,chat,updated,0.621,P07,Mixed - True Positive plus Benign Speech
EVT-0001246,C-005,A-0059,S-00203,CT-000813,TGT-009,2026-07-11T11:05:00+00:00,message,system,api,updated,0.747,P11,Mixed - True Positive plus Benign Speech
EVT-0001247,C-005,A-0048,S-00169,CT-000814,TGT-009,2026-07-09T20:12:18+00:00,post,reporting,chat,shared,0.548,,Mixed - True Positive plus Benign Speech
EVT-0001248,C-005,A-0060,S-00205,CT-000815,TGT-009,2026-07-09T18:56:57+00:00,post,chat,api,updated,0.462,P10,Mixed - True Positive plus Benign Speech
EVT-0001249,C-005,A-0063,S-00217,,TGT-009,2026-07-09T21:05:42+00:00,profile_update,chat,chat,created,0.604,P02,Mixed - True Positive plus Benign Speech
EVT-0001250,C-005,A-0066,S-00227,CT-000816,TGT-009,2026-07-10T21:21:00+00:00,message,reporting,account_layer,shared,0.166,P10,Mixed - True Positive plus Benign Speech
EVT-0001251,C-005,A-0048,S-00168,CT-000817,TGT-008,2026-07-09T18:55:47+00:00,post,system,chat,created,0.678,,Mixed - True Positive plus Benign Speech
EVT-0001252,C-005,A-0053,S-00186,CT-000818,TGT-009,2026-07-09T18:56:26+00:00,post,chat,chat,viewed,0.584,P07,Mixed - True Positive plus Benign Speech
EVT-0001253,C-005,A-0059,S-00203,CT-000819,TGT-009,2026-07-09T18:55:54+00:00,report,chat,chat,submitted,0.554,P11,Mixed - True Positive plus Benign Speech
EVT-0001254,C-005,A-0054,S-00188,CT-000820,TGT-009,2026-07-11T16:45:00+00:00,post,chat,account_layer,shared,0.532,P07,Mixed - True Positive plus Benign Speech
EVT-0001255,C-005,A-0063,S-00217,CT-000821,TGT-009,2026-07-11T16:56:00+00:00,message,account,api,updated,0.706,,Mixed - True Positive plus Benign Speech
EVT-0001256,C-005,A-0051,S-00177,,,2026-07-11T15:09:00+00:00,migration_signal,account,chat,created,0.575,,Mixed - True Positive plus Benign Speech
EVT-0001257,C-005,A-0063,S-00215,,TGT-009,2026-07-09T21:04:44+00:00,search,reporting,chat,submitted,0.409,P03,Mixed - True Positive plus Benign Speech
EVT-0001258,C-005,A-0048,S-00169,CT-000822,TGT-008,2026-07-09T20:59:00+00:00,post,account,account_layer,created,0.667,,Mixed - True Positive plus Benign Speech
EVT-0001259,C-005,A-0049,S-00172,CT-000823,TGT-008,2026-07-13T00:50:00+00:00,report,system,chat,submitted,0.655,P03,Mixed - True Positive plus Benign Speech
EVT-0001260,C-005,A-0058,S-00201,CT-000824,TGT-008,2026-07-10T19:11:00+00:00,post,account,chat,viewed,0.419,P02,Mixed - True Positive plus Benign Speech
EVT-0001261,C-005,A-0064,S-00218,CT-000825,TGT-009,2026-07-09T20:04:15+00:00,post,account,api,created,0.502,P03,Mixed - True Positive plus Benign Speech
EVT-0001262,C-005,A-0053,S-00186,CT-000826,TGT-008,2026-07-09T19:57:24+00:00,post,chat,chat,submitted,0.696,P03,Mixed - True Positive plus Benign Speech
EVT-0001263,C-005,A-0065,S-00224,CT-000827,TGT-009,2026-07-09T20:28:10+00:00,post,system,account_layer,shared,0.616,,Mixed - True Positive plus Benign Speech
EVT-0001264,C-005,A-0052,S-00184,,TGT-009,2026-07-12T00:44:00+00:00,login,search,api,updated,0.708,P10,Mixed - True Positive plus Benign Speech
EVT-0001265,C-005,A-0071,S-00244,,TGT-009,2026-07-11T18:33:00+00:00,login,chat,account_layer,submitted,0.509,P02,Mixed - True Positive plus Benign Speech
EVT-0001266,C-005,A-0054,S-00189,,,2026-07-09T21:10:12+00:00,profile_update,chat,api,viewed,0.681,P10,Mixed - True Positive plus Benign Speech
EVT-0001267,C-005,A-0067,S-00231,CT-000828,TGT-009,2026-07-09T20:37:44+00:00,message,account,chat,updated,0.678,P11,Mixed - True Positive plus Benign Speech
EVT-0001268,C-005,A-0069,S-00240,CT-000829,TGT-009,2026-07-09T20:53:44+00:00,post,chat,moderation_queue,submitted,0.285,P10,Mixed - True Positive plus Benign Speech
EVT-0001269,C-005,A-0058,S-00202,,TGT-009,2026-07-09T21:12:47+00:00,search,account,api,viewed,0.429,P11,Mixed - True Positive plus Benign Speech
EVT-0001270,C-005,A-0068,S-00235,CT-000830,TGT-009,2026-07-09T19:49:58+00:00,post,reporting,api,submitted,0.446,P03,Mixed - True Positive plus Benign Speech
EVT-0001271,C-005,A-0054,S-00188,CT-000831,TGT-009,2026-07-09T21:30:15+00:00,message,system,moderation_queue,updated,0.747,P11,Mixed - True Positive plus Benign Speech
EVT-0001272,C-005,A-0066,S-00226,,,2026-07-13T04:42:00+00:00,login,system,moderation_queue,submitted,0.416,,Mixed - True Positive plus Benign Speech
EVT-0001273,C-005,A-0059,S-00203,CT-000832,TGT-008,2026-07-09T21:03:48+00:00,message,system,api,submitted,0.438,,Mixed - True Positive plus Benign Speech
EVT-0001274,C-005,A-0054,S-00189,CT-000833,TGT-009,2026-07-09T20:49:26+00:00,post,account,moderation_queue,created,0.772,P07,Mixed - True Positive plus Benign Speech
EVT-0001275,C-005,A-0060,S-00206,CT-000834,TGT-008,2026-07-11T05:41:00+00:00,message,reporting,account_layer,updated,0.15,P10,Mixed - True Positive plus Benign Speech
EVT-0001276,C-005,A-0061,S-00210,,TGT-008,2026-07-09T20:19:21+00:00,login,reporting,account_layer,submitted,0.502,P07,Mixed - True Positive plus Benign Speech
EVT-0001277,C-005,A-0060,S-00206,CT-000835,TGT-009,2026-07-12T02:55:00+00:00,message,search,account_layer,created,0.552,P07,Mixed - True Positive plus Benign Speech
EVT-0001278,C-005,A-0065,S-00222,CT-000836,TGT-009,2026-07-09T19:58:23+00:00,message,search,moderation_queue,viewed,0.744,P02,Mixed - True Positive plus Benign Speech
EVT-0001279,C-005,A-0057,S-00200,CT-000837,TGT-009,2026-07-11T19:42:00+00:00,message,system,moderation_queue,updated,0.645,P02,Mixed - True Positive plus Benign Speech
EVT-0001280,C-005,A-0056,S-00198,CT-000838,TGT-009,2026-07-09T19:51:04+00:00,post,search,moderation_queue,created,0.543,P02,Mixed - True Positive plus Benign Speech
EVT-0001281,C-005,A-0058,S-00201,,,2026-07-13T02:28:00+00:00,migration_signal,account,moderation_queue,viewed,0.366,P07,Mixed - True Positive plus Benign Speech
EVT-0001282,C-005,A-0057,S-00199,,TGT-008,2026-07-09T19:48:30+00:00,login,search,api,created,0.526,,Mixed - True Positive plus Benign Speech
EVT-0001283,C-005,A-0069,S-00240,CT-000839,TGT-009,2026-07-10T21:25:00+00:00,post,search,moderation_queue,updated,0.604,,Mixed - True Positive plus Benign Speech
EVT-0001284,C-005,A-0069,S-00240,CT-000840,TGT-009,2026-07-09T20:36:44+00:00,report,chat,api,created,0.585,P03,Mixed - True Positive plus Benign Speech
EVT-0001285,C-005,A-0057,S-00200,CT-000841,TGT-009,2026-07-10T08:07:00+00:00,post,chat,chat,created,0.655,P03,Mixed - True Positive plus Benign Speech
EVT-0001286,C-005,A-0056,S-00197,CT-000842,TGT-009,2026-07-11T20:45:00+00:00,post,reporting,api,shared,0.45,P02,Mixed - True Positive plus Benign Speech
EVT-0001287,C-005,A-0065,S-00222,,TGT-008,2026-07-09T21:10:00+00:00,migration_signal,search,moderation_queue,shared,0.593,P02,Mixed - True Positive plus Benign Speech
EVT-0001288,C-005,A-0068,S-00237,CT-000843,TGT-008,2026-07-09T19:14:04+00:00,message,system,moderation_queue,created,0.866,P07,Mixed - True Positive plus Benign Speech
EVT-0001289,C-005,A-0056,S-00196,CT-000844,TGT-008,2026-07-09T19:34:35+00:00,post,chat,chat,submitted,0.467,,Mixed - True Positive plus Benign Speech
EVT-0001290,C-005,A-0059,S-00204,CT-000845,TGT-009,2026-07-13T03:29:00+00:00,post,system,api,updated,0.219,P10,Mixed - True Positive plus Benign Speech
EVT-0001291,C-005,A-0061,S-00210,,TGT-009,2026-07-09T20:19:23+00:00,search,search,moderation_queue,updated,0.414,P07,Mixed - True Positive plus Benign Speech
EVT-0001292,C-005,A-0055,S-00194,,TGT-008,2026-07-09T18:35:50+00:00,search,account,api,shared,0.541,P03,Mixed - True Positive plus Benign Speech
EVT-0001293,C-005,A-0066,S-00227,CT-000846,TGT-009,2026-07-09T23:28:00+00:00,post,account,chat,submitted,0.573,,Mixed - True Positive plus Benign Speech
EVT-0001294,C-005,A-0053,S-00185,,TGT-008,2026-07-12T12:58:00+00:00,search,chat,api,updated,0.71,P02,Mixed - True Positive plus Benign Speech
EVT-0001295,C-005,A-0066,S-00227,,TGT-008,2026-07-10T04:00:00+00:00,search,chat,moderation_queue,updated,0.574,P10,Mixed - True Positive plus Benign Speech
EVT-0001296,C-005,A-0063,S-00215,,,2026-07-09T18:41:20+00:00,login,system,account_layer,submitted,0.7,P03,Mixed - True Positive plus Benign Speech
EVT-0001297,C-005,A-0065,S-00224,CT-000847,TGT-009,2026-07-09T21:21:54+00:00,post,account,moderation_queue,created,0.848,P07,Mixed - True Positive plus Benign Speech
EVT-0001298,C-005,A-0065,S-00224,CT-000848,TGT-008,2026-07-09T12:26:00+00:00,post,account,account_layer,viewed,0.47,P10,Mixed - True Positive plus Benign Speech
EVT-0001299,C-005,A-0057,S-00200,CT-000849,TGT-009,2026-07-10T13:50:00+00:00,post,system,chat,created,0.472,,Mixed - True Positive plus Benign Speech
EVT-0001300,C-005,A-0058,S-00201,CT-000850,TGT-008,2026-07-09T18:43:57+00:00,post,reporting,api,shared,0.451,P03,Mixed - True Positive plus Benign Speech
EVT-0001301,C-005,A-0062,S-00211,CT-000851,TGT-008,2026-07-12T23:33:00+00:00,post,search,chat,created,0.651,,Mixed - True Positive plus Benign Speech
EVT-0001302,C-005,A-0063,S-00214,CT-000852,TGT-009,2026-07-10T03:57:00+00:00,post,search,chat,updated,0.583,P11,Mixed - True Positive plus Benign Speech
EVT-0001303,C-005,A-0070,S-00242,CT-000853,TGT-008,2026-07-09T19:51:10+00:00,message,reporting,chat,shared,0.454,,Mixed - True Positive plus Benign Speech
EVT-0001304,C-005,A-0050,S-00173,CT-000854,TGT-008,2026-07-13T06:56:00+00:00,post,reporting,moderation_queue,updated,0.516,P02,Mixed - True Positive plus Benign Speech
EVT-0001305,C-005,A-0063,S-00216,,TGT-009,2026-07-12T23:01:00+00:00,search,search,api,viewed,0.352,,Mixed - True Positive plus Benign Speech
EVT-0001306,C-005,A-0051,S-00178,CT-000855,TGT-008,2026-07-09T20:55:40+00:00,post,chat,api,shared,0.68,,Mixed - True Positive plus Benign Speech
EVT-0001307,C-005,A-0054,S-00188,CT-000856,TGT-009,2026-07-10T09:27:00+00:00,message,chat,account_layer,submitted,0.543,P03,Mixed - True Positive plus Benign Speech
EVT-0001308,C-005,A-0067,S-00231,CT-000857,TGT-008,2026-07-09T23:19:00+00:00,post,account,moderation_queue,viewed,0.432,,Mixed - True Positive plus Benign Speech
EVT-0001309,C-005,A-0062,S-00211,,TGT-008,2026-07-09T19:50:10+00:00,profile_update,account,moderation_queue,shared,0.708,P02,Mixed - True Positive plus Benign Speech
EVT-0001310,C-005,A-0055,S-00194,,,2026-07-09T20:33:04+00:00,login,account,api,updated,0.71,P07,Mixed - True Positive plus Benign Speech
EVT-0001311,C-005,A-0070,S-00242,CT-000858,TGT-008,2026-07-09T19:42:24+00:00,post,reporting,chat,viewed,0.709,P07,Mixed - True Positive plus Benign Speech
EVT-0001312,C-005,A-0048,S-00169,CT-000859,TGT-008,2026-07-11T05:59:00+00:00,report,account,moderation_queue,shared,0.37,P10,Mixed - True Positive plus Benign Speech
EVT-0001313,C-005,A-0053,S-00186,CT-000860,TGT-008,2026-07-12T17:49:00+00:00,report,reporting,chat,shared,0.64,P11,Mixed - True Positive plus Benign Speech
EVT-0001314,C-005,A-0067,S-00230,,,2026-07-09T19:37:39+00:00,login,system,chat,submitted,0.475,,Mixed - True Positive plus Benign Speech
EVT-0001315,C-005,A-0061,S-00208,,,2026-07-10T05:27:00+00:00,login,search,account_layer,submitted,0.402,P10,Mixed - True Positive plus Benign Speech
EVT-0001316,C-005,A-0063,S-00216,CT-000861,TGT-009,2026-07-10T10:27:00+00:00,post,reporting,chat,created,0.327,P10,Mixed - True Positive plus Benign Speech
EVT-0001317,C-005,A-0067,S-00232,CT-000862,TGT-008,2026-07-11T04:49:00+00:00,post,chat,moderation_queue,submitted,0.43,P03,Mixed - True Positive plus Benign Speech
EVT-0001318,C-005,A-0059,S-00204,CT-000863,TGT-009,2026-07-09T15:23:00+00:00,post,reporting,chat,viewed,0.459,P10,Mixed - True Positive plus Benign Speech
EVT-0001319,C-005,A-0055,S-00190,CT-000864,TGT-009,2026-07-11T11:23:00+00:00,report,search,moderation_queue,updated,0.522,P03,Mixed - True Positive plus Benign Speech
EVT-0001320,C-005,A-0066,S-00229,CT-000865,TGT-008,2026-07-09T19:01:58+00:00,report,search,api,shared,0.475,P10,Mixed - True Positive plus Benign Speech
EVT-0001321,C-005,A-0051,S-00181,CT-000866,TGT-009,2026-07-12T21:47:00+00:00,post,account,moderation_queue,updated,0.218,P10,Mixed - True Positive plus Benign Speech
EVT-0001322,C-005,A-0053,S-00185,CT-000867,TGT-009,2026-07-11T14:39:00+00:00,post,search,moderation_queue,updated,0.473,,Mixed - True Positive plus Benign Speech
EVT-0001323,C-005,A-0057,S-00200,,,2026-07-10T05:39:00+00:00,login,system,api,viewed,0.64,,Mixed - True Positive plus Benign Speech
EVT-0001324,C-005,A-0052,S-00182,CT-000868,TGT-008,2026-07-09T21:15:57+00:00,message,system,chat,created,0.48,P03,Mixed - True Positive plus Benign Speech
EVT-0001325,C-005,A-0049,S-00172,CT-000869,TGT-009,2026-07-09T19:27:43+00:00,post,reporting,account_layer,submitted,0.589,P07,Mixed - True Positive plus Benign Speech
EVT-0001326,C-005,A-0068,S-00236,,TGT-009,2026-07-09T18:46:18+00:00,login,reporting,api,created,0.667,,Mixed - True Positive plus Benign Speech
EVT-0001327,C-005,A-0068,S-00235,CT-000870,TGT-009,2026-07-09T19:03:38+00:00,report,search,moderation_queue,submitted,0.542,P03,Mixed - True Positive plus Benign Speech
EVT-0001328,C-005,A-0051,S-00179,CT-000871,TGT-008,2026-07-10T04:38:00+00:00,post,account,api,shared,0.542,,Mixed - True Positive plus Benign Speech
EVT-0001329,C-005,A-0051,S-00178,CT-000872,TGT-008,2026-07-09T21:24:25+00:00,post,system,moderation_queue,updated,0.582,P03,Mixed - True Positive plus Benign Speech
EVT-0001330,C-005,A-0051,S-00180,CT-000873,TGT-008,2026-07-09T19:22:32+00:00,message,search,api,shared,0.695,P03,Mixed - True Positive plus Benign Speech
EVT-0001331,C-005,A-0070,S-00243,,,2026-07-09T19:17:42+00:00,login,reporting,account_layer,submitted,0.341,P03,Mixed - True Positive plus Benign Speech
EVT-0001332,C-005,A-0062,S-00211,,,2026-07-09T18:42:59+00:00,login,search,moderation_queue,viewed,0.536,P03,Mixed - True Positive plus Benign Speech
EVT-0001333,C-005,A-0057,S-00199,,TGT-009,2026-07-12T11:28:00+00:00,profile_update,account,api,created,0.546,,Mixed - True Positive plus Benign Speech
EVT-0001334,C-005,A-0067,S-00230,CT-000874,TGT-009,2026-07-09T20:55:18+00:00,report,account,moderation_queue,submitted,0.471,,Mixed - True Positive plus Benign Speech
EVT-0001335,C-005,A-0069,S-00239,CT-000875,TGT-008,2026-07-13T01:23:00+00:00,message,search,moderation_queue,submitted,0.272,P10,Mixed - True Positive plus Benign Speech
EVT-0001336,C-005,A-0062,S-00213,,TGT-008,2026-07-09T21:33:00+00:00,login,system,chat,updated,0.457,P02,Mixed - True Positive plus Benign Speech
EVT-0001337,C-005,A-0068,S-00236,CT-000876,TGT-008,2026-07-09T20:57:46+00:00,message,account,account_layer,created,0.584,P02,Mixed - True Positive plus Benign Speech
EVT-0001338,C-005,A-0059,S-00203,,,2026-07-10T01:15:00+00:00,profile_update,search,chat,updated,0.56,P02,Mixed - True Positive plus Benign Speech
EVT-0001339,C-005,A-0062,S-00211,CT-000877,TGT-009,2026-07-09T18:37:51+00:00,post,account,account_layer,updated,0.627,,Mixed - True Positive plus Benign Speech
EVT-0001340,C-005,A-0053,S-00185,CT-000878,TGT-008,2026-07-09T20:57:02+00:00,message,chat,account_layer,viewed,0.725,,Mixed - True Positive plus Benign Speech
EVT-0001341,C-005,A-0062,S-00213,CT-000879,TGT-009,2026-07-09T20:57:48+00:00,post,search,chat,shared,0.727,,Mixed - True Positive plus Benign Speech
EVT-0001342,C-005,A-0067,S-00234,CT-000880,TGT-009,2026-07-09T21:07:56+00:00,post,reporting,chat,viewed,0.547,,Mixed - True Positive plus Benign Speech
EVT-0001343,C-005,A-0061,S-00210,CT-000881,TGT-009,2026-07-09T21:05:52+00:00,report,system,moderation_queue,shared,0.699,P02,Mixed - True Positive plus Benign Speech
EVT-0001344,C-005,A-0062,S-00211,CT-000882,TGT-009,2026-07-09T21:04:22+00:00,report,chat,account_layer,viewed,0.541,P02,Mixed - True Positive plus Benign Speech
EVT-0001345,C-005,A-0054,S-00189,CT-000883,TGT-009,2026-07-09T18:34:49+00:00,report,chat,api,created,0.404,,Mixed - True Positive plus Benign Speech
EVT-0001346,C-005,A-0049,S-00170,CT-000884,TGT-009,2026-07-10T13:49:00+00:00,post,reporting,chat,submitted,0.577,,Mixed - True Positive plus Benign Speech
EVT-0001347,C-005,A-0062,S-00212,CT-000885,TGT-009,2026-07-09T20:48:03+00:00,report,search,api,shared,0.855,P07,Mixed - True Positive plus Benign Speech
EVT-0001348,C-005,A-0057,S-00199,CT-000886,TGT-009,2026-07-09T20:46:13+00:00,post,chat,moderation_queue,submitted,0.634,,Mixed - True Positive plus Benign Speech
EVT-0001349,C-005,A-0064,S-00219,CT-000887,TGT-008,2026-07-10T17:31:00+00:00,post,reporting,account_layer,submitted,0.409,P11,Mixed - True Positive plus Benign Speech
EVT-0001350,C-005,A-0051,S-00177,CT-000888,TGT-008,2026-07-13T04:09:00+00:00,post,chat,account_layer,created,0.732,P07,Mixed - True Positive plus Benign Speech
EVT-0001351,C-005,A-0059,S-00204,,TGT-009,2026-07-09T17:29:00+00:00,search,account,account_layer,shared,0.476,P02,Mixed - True Positive plus Benign Speech
EVT-0001352,C-005,A-0055,S-00193,CT-000889,TGT-009,2026-07-09T21:00:51+00:00,post,account,api,updated,0.409,,Mixed - True Positive plus Benign Speech
EVT-0001353,C-005,A-0070,S-00242,,,2026-07-09T21:23:14+00:00,login,chat,api,created,0.72,P10,Mixed - True Positive plus Benign Speech
EVT-0001354,C-005,A-0056,S-00198,,TGT-009,2026-07-09T19:05:02+00:00,search,chat,account_layer,shared,0.513,P11,Mixed - True Positive plus Benign Speech
EVT-0001355,C-005,A-0066,S-00229,,TGT-008,2026-07-12T05:39:00+00:00,login,system,api,updated,0.577,,Mixed - True Positive plus Benign Speech
EVT-0001356,C-005,A-0069,S-00240,CT-000890,TGT-008,2026-07-11T09:40:00+00:00,post,system,chat,created,0.533,,Mixed - True Positive plus Benign Speech
EVT-0001357,C-005,A-0056,S-00195,CT-000891,TGT-008,2026-07-09T19:13:27+00:00,post,account,chat,submitted,0.717,P11,Mixed - True Positive plus Benign Speech
EVT-0001358,C-005,A-0071,S-00245,,TGT-008,2026-07-10T07:34:00+00:00,migration_signal,chat,moderation_queue,updated,0.633,P10,Mixed - True Positive plus Benign Speech
EVT-0001359,C-005,A-0058,S-00202,,TGT-008,2026-07-09T18:53:22+00:00,migration_signal,chat,account_layer,updated,0.504,,Mixed - True Positive plus Benign Speech
EVT-0001360,C-005,A-0066,S-00228,CT-000892,TGT-008,2026-07-09T19:55:00+00:00,post,reporting,api,shared,0.477,,Mixed - True Positive plus Benign Speech
EVT-0001361,C-005,A-0063,S-00216,CT-000893,TGT-009,2026-07-12T07:48:00+00:00,message,account,chat,viewed,0.598,P03,Mixed - True Positive plus Benign Speech
EVT-0001362,C-005,A-0057,S-00199,CT-000894,TGT-009,2026-07-09T20:02:48+00:00,post,reporting,api,shared,0.685,,Mixed - True Positive plus Benign Speech
EVT-0001363,C-005,A-0048,S-00168,CT-000895,TGT-009,2026-07-09T21:20:34+00:00,message,chat,moderation_queue,updated,0.64,P11,Mixed - True Positive plus Benign Speech
EVT-0001364,C-005,A-0063,S-00215,,,2026-07-09T21:46:00+00:00,profile_update,account,moderation_queue,created,0.578,,Mixed - True Positive plus Benign Speech
EVT-0001365,C-005,A-0059,S-00203,CT-000896,TGT-009,2026-07-09T19:14:06+00:00,report,account,account_layer,updated,0.87,P07,Mixed - True Positive plus Benign Speech
EVT-0001366,C-005,A-0065,S-00223,CT-000897,TGT-009,2026-07-13T06:34:00+00:00,post,chat,moderation_queue,created,0.498,P11,Mixed - True Positive plus Benign Speech
EVT-0001367,C-005,A-0056,S-00195,CT-000898,TGT-008,2026-07-09T20:01:27+00:00,report,account,chat,viewed,0.613,P07,Mixed - True Positive plus Benign Speech
EVT-0001368,C-005,A-0069,S-00240,CT-000899,TGT-008,2026-07-10T19:04:00+00:00,report,search,account_layer,shared,0.754,,Mixed - True Positive plus Benign Speech
EVT-0001369,C-005,A-0057,S-00199,,TGT-009,2026-07-09T21:25:01+00:00,search,search,api,viewed,0.48,,Mixed - True Positive plus Benign Speech
EVT-0001370,C-005,A-0059,S-00204,,,2026-07-09T18:51:40+00:00,migration_signal,chat,moderation_queue,submitted,0.455,P11,Mixed - True Positive plus Benign Speech
EVT-0001371,C-005,A-0060,S-00206,CT-000900,TGT-008,2026-07-09T18:43:17+00:00,post,search,chat,updated,0.426,,Mixed - True Positive plus Benign Speech
EVT-0001372,C-005,A-0055,S-00190,,,2026-07-09T21:27:24+00:00,profile_update,system,chat,updated,0.506,P03,Mixed - True Positive plus Benign Speech
EVT-0001373,C-005,A-0048,S-00169,,,2026-07-09T19:12:54+00:00,login,reporting,api,submitted,0.346,,Mixed - True Positive plus Benign Speech
EVT-0001374,C-005,A-0050,S-00175,CT-000901,TGT-008,2026-07-09T16:36:00+00:00,post,account,api,created,0.67,P11,Mixed - True Positive plus Benign Speech
EVT-0001375,C-005,A-0067,S-00233,,TGT-009,2026-07-12T12:45:00+00:00,login,account,api,created,0.487,P11,Mixed - True Positive plus Benign Speech
EVT-0001376,C-005,A-0063,S-00215,,,2026-07-11T09:20:00+00:00,login,reporting,chat,viewed,0.34,P02,Mixed - True Positive plus Benign Speech
EVT-0001377,C-005,A-0061,S-00209,,,2026-07-11T02:50:00+00:00,migration_signal,system,chat,updated,0.564,,Mixed - True Positive plus Benign Speech
EVT-0001378,C-005,A-0070,S-00243,,TGT-008,2026-07-10T17:26:00+00:00,login,account,api,viewed,0.713,P02,Mixed - True Positive plus Benign Speech
EVT-0001379,C-005,A-0055,S-00191,CT-000902,TGT-009,2026-07-11T03:32:00+00:00,post,chat,chat,viewed,0.418,P10,Mixed - True Positive plus Benign Speech
EVT-0001380,C-005,A-0059,S-00204,,TGT-009,2026-07-10T08:33:00+00:00,search,chat,account_layer,shared,0.694,P07,Mixed - True Positive plus Benign Speech
EVT-0001381,C-005,A-0065,S-00225,CT-000903,TGT-009,2026-07-12T09:52:00+00:00,post,search,account_layer,updated,0.602,P11,Mixed - True Positive plus Benign Speech
EVT-0001382,C-005,A-0049,S-00170,,TGT-009,2026-07-09T20:12:10+00:00,login,reporting,chat,shared,0.417,P03,Mixed - True Positive plus Benign Speech
EVT-0001383,C-005,A-0070,S-00242,CT-000904,TGT-008,2026-07-09T19:45:30+00:00,post,chat,moderation_queue,shared,0.422,,Mixed - True Positive plus Benign Speech
EVT-0001384,C-005,A-0056,S-00198,CT-000905,TGT-009,2026-07-09T20:30:55+00:00,report,search,api,updated,0.559,P02,Mixed - True Positive plus Benign Speech
EVT-0001385,C-005,A-0049,S-00170,CT-000906,TGT-009,2026-07-11T06:16:00+00:00,message,chat,api,shared,0.568,,Mixed - True Positive plus Benign Speech
EVT-0001386,C-005,A-0058,S-00201,CT-000907,TGT-009,2026-07-09T18:55:08+00:00,post,system,api,updated,0.613,,Mixed - True Positive plus Benign Speech
EVT-0001387,C-005,A-0056,S-00198,CT-000908,TGT-009,2026-07-09T23:27:00+00:00,post,reporting,moderation_queue,submitted,0.673,P11,Mixed - True Positive plus Benign Speech
EVT-0001388,C-005,A-0062,S-00213,,,2026-07-09T19:08:33+00:00,profile_update,reporting,chat,created,0.409,,Mixed - True Positive plus Benign Speech
EVT-0001389,C-005,A-0064,S-00218,,TGT-009,2026-07-11T15:05:00+00:00,login,reporting,moderation_queue,submitted,0.612,P03,Mixed - True Positive plus Benign Speech
EVT-0001390,C-005,A-0064,S-00218,CT-000909,TGT-009,2026-07-09T22:51:00+00:00,post,system,moderation_queue,submitted,0.535,,Mixed - True Positive plus Benign Speech
EVT-0001391,C-005,A-0053,S-00186,CT-000910,TGT-009,2026-07-09T23:57:00+00:00,post,chat,account_layer,viewed,0.701,P03,Mixed - True Positive plus Benign Speech
EVT-0001392,C-005,A-0049,S-00170,CT-000911,TGT-009,2026-07-09T20:55:14+00:00,message,search,account_layer,viewed,0.303,P10,Mixed - True Positive plus Benign Speech
EVT-0001393,C-005,A-0051,S-00178,CT-000912,TGT-009,2026-07-11T13:28:00+00:00,post,account,chat,submitted,0.613,,Mixed - True Positive plus Benign Speech
EVT-0001394,C-005,A-0070,S-00243,CT-000913,TGT-009,2026-07-09T20:15:31+00:00,post,chat,moderation_queue,submitted,0.665,,Mixed - True Positive plus Benign Speech
EVT-0001395,C-005,A-0053,S-00186,CT-000914,TGT-009,2026-07-09T21:21:46+00:00,post,account,api,viewed,0.515,P11,Mixed - True Positive plus Benign Speech
EVT-0001396,C-005,A-0058,S-00201,CT-000915,TGT-009,2026-07-09T19:18:12+00:00,post,account,api,created,0.512,P03,Mixed - True Positive plus Benign Speech
EVT-0001397,C-005,A-0052,S-00183,,TGT-009,2026-07-09T19:37:53+00:00,migration_signal,account,chat,shared,0.519,P10,Mixed - True Positive plus Benign Speech
EVT-0001398,C-005,A-0059,S-00203,CT-000916,TGT-009,2026-07-09T20:53:05+00:00,post,search,chat,created,0.568,P03,Mixed - True Positive plus Benign Speech
EVT-0001399,C-005,A-0057,S-00199,CT-000917,TGT-008,2026-07-12T06:12:00+00:00,post,search,account_layer,shared,0.728,,Mixed - True Positive plus Benign Speech
EVT-0001400,C-005,A-0067,S-00233,CT-000918,TGT-009,2026-07-09T20:23:37+00:00,message,chat,account_layer,viewed,0.511,P11,Mixed - True Positive plus Benign Speech
EVT-0001401,C-005,A-0071,S-00246,CT-000919,TGT-008,2026-07-09T19:11:00+00:00,post,search,moderation_queue,shared,0.224,P10,Mixed - True Positive plus Benign Speech
EVT-0001402,C-005,A-0052,S-00182,,,2026-07-09T18:47:45+00:00,login,account,chat,shared,0.435,P07,Mixed - True Positive plus Benign Speech
EVT-0001403,C-005,A-0067,S-00230,CT-000920,TGT-008,2026-07-11T21:53:00+00:00,post,account,api,created,0.477,P11,Mixed - True Positive plus Benign Speech
EVT-0001404,C-005,A-0069,S-00239,CT-000921,TGT-008,2026-07-09T19:50:16+00:00,post,chat,moderation_queue,updated,0.567,P02,Mixed - True Positive plus Benign Speech
EVT-0001405,C-005,A-0048,S-00169,CT-000922,TGT-008,2026-07-10T15:04:00+00:00,message,system,moderation_queue,shared,0.509,P02,Mixed - True Positive plus Benign Speech
EVT-0001406,C-005,A-0052,S-00183,,,2026-07-10T07:40:00+00:00,profile_update,chat,chat,viewed,0.534,P03,Mixed - True Positive plus Benign Speech
EVT-0001407,C-005,A-0052,S-00183,CT-000923,TGT-008,2026-07-11T16:29:00+00:00,message,search,chat,updated,0.467,,Mixed - True Positive plus Benign Speech
EVT-0001408,C-005,A-0051,S-00177,CT-000924,TGT-009,2026-07-09T20:33:00+00:00,report,search,account_layer,updated,0.508,,Mixed - True Positive plus Benign Speech
EVT-0001409,C-005,A-0058,S-00202,CT-000925,TGT-008,2026-07-09T17:58:00+00:00,message,chat,api,submitted,0.512,P11,Mixed - True Positive plus Benign Speech
EVT-0001410,C-005,A-0066,S-00227,,TGT-008,2026-07-13T02:03:00+00:00,login,account,chat,submitted,0.496,P02,Mixed - True Positive plus Benign Speech
EVT-0001411,C-005,A-0052,S-00184,,TGT-009,2026-07-09T19:46:53+00:00,login,reporting,chat,created,0.69,,Mixed - True Positive plus Benign Speech
EVT-0001412,C-005,A-0055,S-00192,,,2026-07-09T18:42:49+00:00,migration_signal,account,api,created,0.61,P11,Mixed - True Positive plus Benign Speech
EVT-0001413,C-005,A-0070,S-00242,CT-000926,TGT-009,2026-07-09T18:58:36+00:00,report,search,account_layer,viewed,0.668,,Mixed - True Positive plus Benign Speech
EVT-0001414,C-005,A-0052,S-00183,CT-000927,TGT-009,2026-07-09T21:07:17+00:00,post,chat,api,created,0.605,P11,Mixed - True Positive plus Benign Speech
EVT-0001415,C-005,A-0051,S-00177,,TGT-009,2026-07-13T04:35:00+00:00,search,account,api,updated,0.694,P10,Mixed - True Positive plus Benign Speech
EVT-0001416,C-005,A-0069,S-00239,CT-000928,TGT-008,2026-07-09T19:00:27+00:00,report,system,moderation_queue,viewed,0.645,,Mixed - True Positive plus Benign Speech
EVT-0001417,C-005,A-0060,S-00205,,,2026-07-12T04:51:00+00:00,profile_update,account,moderation_queue,viewed,0.331,,Mixed - True Positive plus Benign Speech
EVT-0001418,C-005,A-0056,S-00198,CT-000929,TGT-008,2026-07-13T01:53:00+00:00,post,search,moderation_queue,viewed,0.532,P11,Mixed - True Positive plus Benign Speech
EVT-0001419,C-005,A-0066,S-00227,,TGT-009,2026-07-12T01:45:00+00:00,login,search,account_layer,updated,0.462,P03,Mixed - True Positive plus Benign Speech
EVT-0001420,C-005,A-0060,S-00205,,TGT-009,2026-07-09T20:11:31+00:00,profile_update,chat,moderation_queue,created,0.715,P03,Mixed - True Positive plus Benign Speech
EVT-0001421,C-005,A-0054,S-00187,CT-000930,TGT-008,2026-07-09T20:35:51+00:00,post,account,moderation_queue,created,0.428,,Mixed - True Positive plus Benign Speech
EVT-0001422,C-005,A-0054,S-00188,CT-000931,TGT-009,2026-07-09T19:44:24+00:00,report,search,api,created,0.535,P11,Mixed - True Positive plus Benign Speech
EVT-0001423,C-005,A-0067,S-00233,CT-000932,TGT-009,2026-07-13T05:02:00+00:00,report,search,moderation_queue,viewed,0.628,P07,Mixed - True Positive plus Benign Speech
EVT-0001424,C-005,A-0056,S-00197,CT-000933,TGT-009,2026-07-10T09:51:00+00:00,post,system,account_layer,shared,0.503,P03,Mixed - True Positive plus Benign Speech
EVT-0001425,C-005,A-0062,S-00213,CT-000934,TGT-009,2026-07-09T20:53:05+00:00,message,system,chat,shared,0.42,P03,Mixed - True Positive plus Benign Speech
EVT-0001426,C-005,A-0050,S-00176,,TGT-008,2026-07-09T21:01:57+00:00,login,account,chat,shared,0.436,P11,Mixed - True Positive plus Benign Speech
EVT-0001427,C-005,A-0057,S-00200,CT-000935,TGT-009,2026-07-09T19:23:25+00:00,post,search,api,updated,0.758,,Mixed - True Positive plus Benign Speech
EVT-0001428,C-005,A-0060,S-00206,,,2026-07-09T20:45:17+00:00,login,account,account_layer,updated,0.724,P10,Mixed - True Positive plus Benign Speech
EVT-0001429,C-005,A-0065,S-00222,CT-000936,TGT-009,2026-07-12T16:04:00+00:00,post,chat,chat,submitted,0.698,P11,Mixed - True Positive plus Benign Speech
EVT-0001430,C-005,A-0066,S-00228,,,2026-07-09T18:47:49+00:00,login,reporting,api,submitted,0.594,,Mixed - True Positive plus Benign Speech
EVT-0001431,C-005,A-0069,S-00241,,,2026-07-13T01:16:00+00:00,profile_update,chat,account_layer,updated,0.724,P02,Mixed - True Positive plus Benign Speech
EVT-0001432,C-005,A-0062,S-00212,CT-000937,TGT-008,2026-07-09T18:59:38+00:00,report,chat,chat,submitted,0.745,,Mixed - True Positive plus Benign Speech
EVT-0001433,C-005,A-0071,S-00244,,TGT-008,2026-07-12T23:22:00+00:00,login,search,moderation_queue,created,0.697,P07,Mixed - True Positive plus Benign Speech
EVT-0001434,C-005,A-0049,S-00172,CT-000938,TGT-009,2026-07-09T18:31:48+00:00,post,reporting,moderation_queue,viewed,0.606,P07,Mixed - True Positive plus Benign Speech
EVT-0001435,C-005,A-0069,S-00239,,TGT-008,2026-07-12T21:48:00+00:00,profile_update,search,api,created,0.665,P10,Mixed - True Positive plus Benign Speech
EVT-0001436,C-005,A-0055,S-00194,,TGT-009,2026-07-09T19:56:52+00:00,profile_update,account,moderation_queue,viewed,0.394,,Mixed - True Positive plus Benign Speech
EVT-0001437,C-005,A-0050,S-00176,,,2026-07-09T19:38:12+00:00,login,reporting,moderation_queue,shared,0.55,P03,Mixed - True Positive plus Benign Speech
EVT-0001438,C-005,A-0064,S-00218,CT-000939,TGT-008,2026-07-11T03:35:00+00:00,post,system,account_layer,submitted,0.649,P07,Mixed - True Positive plus Benign Speech
EVT-0001439,C-005,A-0052,S-00182,CT-000940,TGT-008,2026-07-09T19:11:57+00:00,post,reporting,account_layer,shared,0.827,P07,Mixed - True Positive plus Benign Speech
EVT-0001440,C-005,A-0055,S-00194,CT-000941,TGT-009,2026-07-12T18:12:00+00:00,message,search,chat,submitted,0.498,P10,Mixed - True Positive plus Benign Speech
EVT-0001441,C-005,A-0064,S-00218,CT-000942,TGT-009,2026-07-12T04:49:00+00:00,message,reporting,api,created,0.725,P02,Mixed - True Positive plus Benign Speech
EVT-0001442,C-005,A-0063,S-00215,,TGT-008,2026-07-09T20:21:40+00:00,login,chat,moderation_queue,updated,0.673,,Mixed - True Positive plus Benign Speech
EVT-0001443,C-005,A-0070,S-00242,,TGT-008,2026-07-11T13:27:00+00:00,search,chat,account_layer,submitted,0.674,,Mixed - True Positive plus Benign Speech
EVT-0001444,C-005,A-0061,S-00209,CT-000943,TGT-008,2026-07-10T00:10:00+00:00,post,reporting,moderation_queue,created,0.594,P11,Mixed - True Positive plus Benign Speech
EVT-0001445,C-005,A-0063,S-00217,CT-000944,TGT-009,2026-07-13T05:27:00+00:00,report,reporting,moderation_queue,created,0.564,,Mixed - True Positive plus Benign Speech
EVT-0001446,C-005,A-0066,S-00227,CT-000945,TGT-008,2026-07-11T00:16:00+00:00,post,chat,moderation_queue,created,0.376,P10,Mixed - True Positive plus Benign Speech
EVT-0001447,C-005,A-0064,S-00220,,TGT-008,2026-07-10T21:45:00+00:00,search,chat,account_layer,submitted,0.455,P07,Mixed - True Positive plus Benign Speech
EVT-0001448,C-005,A-0057,S-00199,,,2026-07-13T07:02:00+00:00,profile_update,search,chat,viewed,0.477,P03,Mixed - True Positive plus Benign Speech
EVT-0001449,C-005,A-0063,S-00214,CT-000946,TGT-008,2026-07-09T20:00:49+00:00,post,chat,moderation_queue,viewed,0.444,P03,Mixed - True Positive plus Benign Speech
EVT-0001450,C-005,A-0071,S-00246,CT-000947,TGT-009,2026-07-09T20:25:35+00:00,message,chat,moderation_queue,shared,0.401,,Mixed - True Positive plus Benign Speech
EVT-0001451,C-006,A-0077,S-00264,,,2026-07-11T18:46:07+00:00,login,chat,api,viewed,0.5,,True Positive - Coordinated Hoax
EVT-0001452,C-006,A-0074,S-00255,,TGT-012,2026-07-11T19:29:38+00:00,login,search,moderation_queue,submitted,0.787,P01,True Positive - Coordinated Hoax
EVT-0001453,C-006,A-0078,S-00270,CT-000948,TGT-012,2026-07-11T19:49:05+00:00,post,reporting,api,submitted,0.774,,True Positive - Coordinated Hoax
EVT-0001454,C-006,A-0080,S-00273,CT-000949,TGT-011,2026-07-13T02:55:00+00:00,message,system,account_layer,created,0.537,,True Positive - Coordinated Hoax
EVT-0001455,C-006,A-0080,S-00274,CT-000950,TGT-012,2026-07-11T20:53:35+00:00,post,search,api,viewed,0.561,P05,True Positive - Coordinated Hoax
EVT-0001456,C-006,A-0074,S-00256,,,2026-07-11T21:16:43+00:00,login,reporting,api,shared,0.462,P01,True Positive - Coordinated Hoax
EVT-0001457,C-006,A-0072,S-00249,CT-000951,TGT-011,2026-07-11T08:28:00+00:00,post,account,moderation_queue,shared,0.533,P05,True Positive - Coordinated Hoax
EVT-0001458,C-006,A-0077,S-00265,CT-000952,TGT-010,2026-07-13T15:17:00+00:00,post,reporting,moderation_queue,submitted,0.561,,True Positive - Coordinated Hoax
EVT-0001459,C-006,A-0080,S-00274,CT-000953,TGT-011,2026-07-13T04:00:00+00:00,message,reporting,api,submitted,0.652,,True Positive - Coordinated Hoax
EVT-0001460,C-006,A-0078,S-00269,,,2026-07-11T19:51:09+00:00,login,system,moderation_queue,shared,0.585,,True Positive - Coordinated Hoax
EVT-0001461,C-006,A-0084,S-00286,CT-000954,TGT-012,2026-07-12T03:05:00+00:00,post,reporting,chat,viewed,0.593,P08,True Positive - Coordinated Hoax
EVT-0001462,C-006,A-0081,S-00278,,TGT-011,2026-07-11T18:55:17+00:00,profile_update,reporting,moderation_queue,created,0.667,P02,True Positive - Coordinated Hoax
EVT-0001463,C-006,A-0079,S-00272,CT-000955,TGT-012,2026-07-12T00:09:00+00:00,message,system,account_layer,viewed,0.586,,True Positive - Coordinated Hoax
EVT-0001464,C-006,A-0081,S-00276,CT-000956,TGT-010,2026-07-14T02:11:00+00:00,post,chat,moderation_queue,submitted,0.652,P01,True Positive - Coordinated Hoax
EVT-0001465,C-006,A-0085,S-00291,,TGT-011,2026-07-11T19:05:12+00:00,migration_signal,system,account_layer,shared,0.494,P08,True Positive - Coordinated Hoax
EVT-0001466,C-006,A-0085,S-00291,CT-000957,TGT-012,2026-07-11T20:32:18+00:00,post,account,account_layer,viewed,0.531,P02,True Positive - Coordinated Hoax
EVT-0001467,C-006,A-0075,S-00258,CT-000958,TGT-011,2026-07-15T06:21:00+00:00,report,account,api,shared,0.515,P05,True Positive - Coordinated Hoax
EVT-0001468,C-006,A-0080,S-00274,CT-000959,TGT-011,2026-07-12T20:42:00+00:00,post,reporting,chat,updated,0.822,,True Positive - Coordinated Hoax
EVT-0001469,C-006,A-0083,S-00285,,,2026-07-14T04:48:00+00:00,login,search,api,updated,0.419,,True Positive - Coordinated Hoax
EVT-0001470,C-006,A-0083,S-00282,,TGT-012,2026-07-12T08:34:00+00:00,login,reporting,account_layer,shared,0.682,P01,True Positive - Coordinated Hoax
EVT-0001471,C-006,A-0082,S-00280,,TGT-012,2026-07-13T03:41:00+00:00,login,reporting,chat,submitted,0.593,P08,True Positive - Coordinated Hoax
EVT-0001472,C-006,A-0081,S-00276,CT-000960,TGT-010,2026-07-11T20:54:25+00:00,post,chat,api,updated,0.488,P02,True Positive - Coordinated Hoax
EVT-0001473,C-006,A-0086,S-00293,CT-000961,TGT-010,2026-07-11T20:13:25+00:00,post,account,api,viewed,0.61,P01,True Positive - Coordinated Hoax
EVT-0001474,C-006,A-0076,S-00262,CT-000962,TGT-010,2026-07-11T22:17:00+00:00,post,search,account_layer,created,0.724,P05,True Positive - Coordinated Hoax
EVT-0001475,C-006,A-0076,S-00261,,TGT-010,2026-07-12T14:21:00+00:00,search,system,api,shared,0.435,,True Positive - Coordinated Hoax
EVT-0001476,C-006,A-0076,S-00261,CT-000963,TGT-011,2026-07-11T14:31:00+00:00,post,account,api,updated,0.583,P08,True Positive - Coordinated Hoax
EVT-0001477,C-006,A-0079,S-00271,,TGT-010,2026-07-11T19:56:15+00:00,search,search,api,shared,0.498,,True Positive - Coordinated Hoax
EVT-0001478,C-006,A-0081,S-00278,CT-000964,TGT-011,2026-07-11T19:26:35+00:00,post,account,moderation_queue,updated,0.769,,True Positive - Coordinated Hoax
EVT-0001479,C-006,A-0072,S-00248,CT-000965,TGT-010,2026-07-11T19:49:51+00:00,post,system,account_layer,shared,0.774,,True Positive - Coordinated Hoax
EVT-0001480,C-006,A-0082,S-00279,CT-000966,TGT-012,2026-07-11T19:40:23+00:00,post,reporting,api,viewed,0.605,P02,True Positive - Coordinated Hoax
EVT-0001481,C-006,A-0079,S-00272,,TGT-012,2026-07-11T19:38:58+00:00,search,search,api,updated,0.447,P02,True Positive - Coordinated Hoax
EVT-0001482,C-006,A-0073,S-00252,,,2026-07-11T18:53:18+00:00,profile_update,reporting,account_layer,submitted,0.622,,True Positive - Coordinated Hoax
EVT-0001483,C-006,A-0081,S-00278,CT-000967,TGT-011,2026-07-11T18:59:05+00:00,post,account,api,updated,0.66,P02,True Positive - Coordinated Hoax
EVT-0001484,C-006,A-0081,S-00276,,TGT-012,2026-07-13T06:15:00+00:00,search,account,chat,viewed,0.711,P08,True Positive - Coordinated Hoax
EVT-0001485,C-006,A-0086,S-00293,,TGT-012,2026-07-14T08:24:00+00:00,search,system,chat,viewed,0.418,P08,True Positive - Coordinated Hoax
EVT-0001486,C-006,A-0081,S-00276,CT-000968,TGT-012,2026-07-11T18:51:03+00:00,report,chat,chat,submitted,0.711,P01,True Positive - Coordinated Hoax
EVT-0001487,C-006,A-0085,S-00290,,TGT-012,2026-07-11T21:03:46+00:00,login,chat,api,updated,0.444,P08,True Positive - Coordinated Hoax
EVT-0001488,C-006,A-0085,S-00291,CT-000969,TGT-012,2026-07-13T23:32:00+00:00,message,system,api,viewed,0.641,P05,True Positive - Coordinated Hoax
EVT-0001489,C-006,A-0081,S-00276,CT-000970,TGT-011,2026-07-14T16:09:00+00:00,post,chat,api,updated,0.525,P01,True Positive - Coordinated Hoax
EVT-0001490,C-006,A-0073,S-00253,CT-000971,TGT-012,2026-07-12T02:15:00+00:00,post,search,account_layer,submitted,0.583,P08,True Positive - Coordinated Hoax
EVT-0001491,C-006,A-0073,S-00254,,,2026-07-11T18:34:01+00:00,login,account,account_layer,created,0.443,P01,True Positive - Coordinated Hoax
EVT-0001492,C-006,A-0082,S-00281,CT-000972,TGT-011,2026-07-14T10:45:00+00:00,post,chat,api,shared,0.558,P02,True Positive - Coordinated Hoax
EVT-0001493,C-006,A-0076,S-00262,CT-000973,TGT-011,2026-07-11T19:10:43+00:00,post,chat,account_layer,shared,0.496,,True Positive - Coordinated Hoax
EVT-0001494,C-006,A-0076,S-00260,CT-000974,TGT-010,2026-07-13T09:07:00+00:00,message,system,chat,created,0.783,,True Positive - Coordinated Hoax
EVT-0001495,C-006,A-0084,S-00287,CT-000975,TGT-011,2026-07-11T19:00:53+00:00,post,reporting,chat,submitted,0.481,,True Positive - Coordinated Hoax
EVT-0001496,C-006,A-0079,S-00271,,TGT-011,2026-07-11T20:06:00+00:00,login,chat,account_layer,created,0.445,,True Positive - Coordinated Hoax
EVT-0001497,C-006,A-0076,S-00262,,,2026-07-11T19:53:21+00:00,login,system,account_layer,updated,0.711,,True Positive - Coordinated Hoax
EVT-0001498,C-006,A-0084,S-00287,CT-000976,TGT-010,2026-07-11T20:26:19+00:00,post,search,chat,updated,0.529,,True Positive - Coordinated Hoax
EVT-0001499,C-006,A-0078,S-00269,CT-000977,TGT-012,2026-07-13T00:31:00+00:00,post,search,chat,updated,0.798,P01,True Positive - Coordinated Hoax
EVT-0001500,C-006,A-0073,S-00252,CT-000978,TGT-011,2026-07-11T21:18:50+00:00,message,chat,moderation_queue,submitted,0.802,,True Positive - Coordinated Hoax
EVT-0001501,C-006,A-0084,S-00288,CT-000979,TGT-012,2026-07-13T06:33:00+00:00,post,system,account_layer,viewed,0.553,,True Positive - Coordinated Hoax
EVT-0001502,C-006,A-0084,S-00286,CT-000980,TGT-011,2026-07-11T16:24:00+00:00,post,account,api,submitted,0.782,P02,True Positive - Coordinated Hoax
EVT-0001503,C-006,A-0075,S-00259,CT-000981,TGT-012,2026-07-11T20:37:03+00:00,post,reporting,api,created,0.504,,True Positive - Coordinated Hoax
EVT-0001504,C-006,A-0079,S-00272,CT-000982,TGT-011,2026-07-11T19:47:37+00:00,post,account,account_layer,submitted,0.672,P01,True Positive - Coordinated Hoax
EVT-0001505,C-006,A-0082,S-00280,,TGT-012,2026-07-11T21:22:21+00:00,search,chat,moderation_queue,created,0.484,P02,True Positive - Coordinated Hoax
EVT-0001506,C-006,A-0077,S-00265,CT-000983,TGT-011,2026-07-11T23:18:00+00:00,post,chat,api,shared,0.749,P08,True Positive - Coordinated Hoax
EVT-0001507,C-006,A-0086,S-00293,CT-000984,TGT-010,2026-07-11T19:19:29+00:00,post,chat,api,created,0.835,P02,True Positive - Coordinated Hoax
EVT-0001508,C-006,A-0081,S-00278,CT-000985,TGT-010,2026-07-11T20:03:24+00:00,post,search,account_layer,shared,0.539,,True Positive - Coordinated Hoax
EVT-0001509,C-006,A-0074,S-00255,CT-000986,TGT-012,2026-07-11T16:09:00+00:00,post,search,api,viewed,0.488,P02,True Positive - Coordinated Hoax
EVT-0001510,C-006,A-0080,S-00275,CT-000987,TGT-011,2026-07-11T20:13:16+00:00,post,chat,moderation_queue,updated,0.552,,True Positive - Coordinated Hoax
EVT-0001511,C-006,A-0085,S-00290,CT-000988,TGT-012,2026-07-11T20:18:50+00:00,post,chat,account_layer,submitted,0.497,P01,True Positive - Coordinated Hoax
EVT-0001512,C-006,A-0076,S-00263,CT-000989,TGT-011,2026-07-11T20:17:09+00:00,post,account,api,created,0.599,P01,True Positive - Coordinated Hoax
EVT-0001513,C-006,A-0078,S-00267,CT-000990,TGT-011,2026-07-11T17:37:00+00:00,post,reporting,api,viewed,0.529,P01,True Positive - Coordinated Hoax
EVT-0001514,C-006,A-0085,S-00290,CT-000991,TGT-011,2026-07-11T19:24:10+00:00,report,system,chat,created,0.798,,True Positive - Coordinated Hoax
EVT-0001515,C-006,A-0074,S-00255,CT-000992,TGT-011,2026-07-11T19:34:13+00:00,post,account,account_layer,shared,0.829,P05,True Positive - Coordinated Hoax
EVT-0001516,C-006,A-0081,S-00276,,TGT-010,2026-07-14T06:20:00+00:00,search,account,account_layer,submitted,0.429,,True Positive - Coordinated Hoax
EVT-0001517,C-006,A-0082,S-00281,,,2026-07-15T04:30:00+00:00,migration_signal,reporting,moderation_queue,shared,0.736,,True Positive - Coordinated Hoax
EVT-0001518,C-006,A-0075,S-00258,,TGT-012,2026-07-11T20:42:19+00:00,login,system,moderation_queue,created,0.785,,True Positive - Coordinated Hoax
EVT-0001519,C-006,A-0085,S-00291,,TGT-012,2026-07-11T20:07:52+00:00,search,chat,moderation_queue,created,0.736,P05,True Positive - Coordinated Hoax
EVT-0001520,C-006,A-0076,S-00261,CT-000993,TGT-010,2026-07-11T18:51:41+00:00,post,system,account_layer,shared,0.511,P05,True Positive - Coordinated Hoax
EVT-0001521,C-006,A-0076,S-00263,CT-000994,TGT-012,2026-07-12T20:43:00+00:00,post,account,chat,submitted,0.558,P08,True Positive - Coordinated Hoax
EVT-0001522,C-006,A-0075,S-00258,CT-000995,TGT-012,2026-07-13T02:02:00+00:00,post,account,account_layer,submitted,0.67,P01,True Positive - Coordinated Hoax
EVT-0001523,C-006,A-0081,S-00276,,,2026-07-11T19:30:51+00:00,migration_signal,chat,api,submitted,0.496,,True Positive - Coordinated Hoax
EVT-0001524,C-006,A-0079,S-00271,CT-000996,TGT-012,2026-07-12T09:06:00+00:00,post,reporting,moderation_queue,submitted,0.714,P01,True Positive - Coordinated Hoax
EVT-0001525,C-006,A-0074,S-00256,CT-000997,TGT-012,2026-07-13T06:53:00+00:00,report,chat,account_layer,created,0.492,P05,True Positive - Coordinated Hoax
EVT-0001526,C-006,A-0085,S-00289,CT-000998,TGT-010,2026-07-12T02:16:00+00:00,post,reporting,api,viewed,0.612,P02,True Positive - Coordinated Hoax
EVT-0001527,C-006,A-0082,S-00281,,TGT-011,2026-07-11T20:18:31+00:00,search,reporting,moderation_queue,shared,0.464,P08,True Positive - Coordinated Hoax
EVT-0001528,C-006,A-0076,S-00261,CT-000999,TGT-011,2026-07-12T21:44:00+00:00,post,search,moderation_queue,shared,0.664,P05,True Positive - Coordinated Hoax
EVT-0001529,C-006,A-0076,S-00261,CT-001000,TGT-012,2026-07-12T16:04:00+00:00,message,reporting,moderation_queue,updated,0.602,P01,True Positive - Coordinated Hoax
EVT-0001530,C-006,A-0084,S-00286,,TGT-011,2026-07-11T09:06:00+00:00,login,chat,moderation_queue,updated,0.78,P02,True Positive - Coordinated Hoax
EVT-0001531,C-006,A-0078,S-00267,CT-001001,TGT-012,2026-07-11T20:40:45+00:00,post,system,api,updated,0.78,,True Positive - Coordinated Hoax
EVT-0001532,C-006,A-0080,S-00273,CT-001002,TGT-012,2026-07-11T21:17:28+00:00,post,reporting,account_layer,viewed,0.483,P02,True Positive - Coordinated Hoax
EVT-0001533,C-006,A-0075,S-00257,CT-001003,TGT-010,2026-07-11T17:59:00+00:00,post,chat,account_layer,submitted,0.797,P05,True Positive - Coordinated Hoax
EVT-0001534,C-006,A-0074,S-00255,CT-001004,TGT-011,2026-07-12T02:42:00+00:00,post,system,moderation_queue,submitted,0.78,P05,True Positive - Coordinated Hoax
EVT-0001535,C-006,A-0084,S-00287,CT-001005,TGT-010,2026-07-12T22:30:00+00:00,post,account,chat,viewed,0.83,P02,True Positive - Coordinated Hoax
EVT-0001536,C-006,A-0078,S-00270,CT-001006,TGT-010,2026-07-11T19:01:52+00:00,post,system,account_layer,created,0.501,P02,True Positive - Coordinated Hoax
EVT-0001537,C-006,A-0077,S-00264,CT-001007,TGT-012,2026-07-11T19:53:31+00:00,message,search,moderation_queue,shared,0.809,,True Positive - Coordinated Hoax
EVT-0001538,C-006,A-0076,S-00261,CT-001008,TGT-012,2026-07-13T21:58:00+00:00,post,reporting,account_layer,viewed,0.547,,True Positive - Coordinated Hoax
EVT-0001539,C-006,A-0074,S-00256,CT-001009,TGT-010,2026-07-15T05:36:00+00:00,post,search,moderation_queue,submitted,0.692,,True Positive - Coordinated Hoax
EVT-0001540,C-006,A-0082,S-00281,CT-001010,TGT-010,2026-07-11T20:30:03+00:00,post,reporting,chat,updated,0.525,P08,True Positive - Coordinated Hoax
EVT-0001541,C-006,A-0077,S-00264,,TGT-011,2026-07-11T20:15:24+00:00,login,system,chat,updated,0.6,,True Positive - Coordinated Hoax
EVT-0001542,C-006,A-0083,S-00282,CT-001011,TGT-011,2026-07-11T20:24:40+00:00,message,search,account_layer,shared,0.529,P01,True Positive - Coordinated Hoax
EVT-0001543,C-006,A-0085,S-00290,CT-001012,TGT-011,2026-07-13T18:27:00+00:00,report,search,account_layer,created,0.541,P01,True Positive - Coordinated Hoax
EVT-0001544,C-006,A-0073,S-00254,CT-001013,TGT-011,2026-07-14T17:23:00+00:00,post,system,api,created,0.56,P08,True Positive - Coordinated Hoax
EVT-0001545,C-006,A-0086,S-00293,,TGT-010,2026-07-11T18:56:38+00:00,migration_signal,chat,account_layer,viewed,0.446,P02,True Positive - Coordinated Hoax
EVT-0001546,C-006,A-0084,S-00286,,TGT-011,2026-07-11T19:29:58+00:00,search,system,api,submitted,0.797,,True Positive - Coordinated Hoax
EVT-0001547,C-006,A-0072,S-00248,,TGT-011,2026-07-11T21:28:44+00:00,login,account,api,shared,0.436,P02,True Positive - Coordinated Hoax
EVT-0001548,C-006,A-0075,S-00257,CT-001014,TGT-011,2026-07-11T19:20:08+00:00,post,system,chat,viewed,0.656,P02,True Positive - Coordinated Hoax
EVT-0001549,C-006,A-0081,S-00278,CT-001015,TGT-011,2026-07-14T01:34:00+00:00,post,chat,account_layer,created,0.686,P01,True Positive - Coordinated Hoax
EVT-0001550,C-006,A-0074,S-00255,CT-001016,TGT-012,2026-07-14T12:49:00+00:00,post,system,chat,updated,0.736,P08,True Positive - Coordinated Hoax
EVT-0001551,C-006,A-0084,S-00287,,TGT-010,2026-07-11T19:42:02+00:00,search,search,api,updated,0.731,P02,True Positive - Coordinated Hoax
EVT-0001552,C-006,A-0079,S-00271,,TGT-011,2026-07-14T20:26:00+00:00,migration_signal,reporting,chat,submitted,0.507,P05,True Positive - Coordinated Hoax
EVT-0001553,C-006,A-0083,S-00285,CT-001017,TGT-012,2026-07-14T20:32:00+00:00,post,reporting,account_layer,updated,0.568,,True Positive - Coordinated Hoax
EVT-0001554,C-006,A-0082,S-00281,,TGT-011,2026-07-12T11:36:00+00:00,search,search,account_layer,submitted,0.563,,True Positive - Coordinated Hoax
EVT-0001555,C-006,A-0075,S-00259,CT-001018,TGT-012,2026-07-14T12:26:00+00:00,post,search,api,viewed,0.562,P05,True Positive - Coordinated Hoax
EVT-0001556,C-006,A-0073,S-00252,,TGT-010,2026-07-11T20:04:49+00:00,login,chat,api,shared,0.49,P01,True Positive - Coordinated Hoax
EVT-0001557,C-006,A-0084,S-00287,CT-001019,TGT-012,2026-07-11T18:55:16+00:00,message,reporting,moderation_queue,submitted,0.707,,True Positive - Coordinated Hoax
EVT-0001558,C-006,A-0077,S-00265,CT-001020,TGT-010,2026-07-11T18:43:57+00:00,post,search,moderation_queue,updated,0.527,P01,True Positive - Coordinated Hoax
EVT-0001559,C-006,A-0079,S-00271,CT-001021,TGT-010,2026-07-11T16:22:00+00:00,message,system,chat,updated,0.825,,True Positive - Coordinated Hoax
EVT-0001560,C-006,A-0081,S-00278,CT-001022,TGT-012,2026-07-14T18:29:00+00:00,post,reporting,api,shared,0.593,,True Positive - Coordinated Hoax
EVT-0001561,C-006,A-0083,S-00284,CT-001023,TGT-011,2026-07-11T18:29:00+00:00,post,chat,account_layer,shared,0.61,,True Positive - Coordinated Hoax
EVT-0001562,C-006,A-0079,S-00272,,,2026-07-11T16:55:00+00:00,login,account,account_layer,updated,0.588,,True Positive - Coordinated Hoax
EVT-0001563,C-006,A-0081,S-00278,CT-001024,TGT-012,2026-07-12T09:42:00+00:00,post,search,api,shared,0.637,P08,True Positive - Coordinated Hoax
EVT-0001564,C-006,A-0080,S-00273,CT-001025,TGT-011,2026-07-11T20:34:33+00:00,message,reporting,chat,shared,0.486,P08,True Positive - Coordinated Hoax
EVT-0001565,C-006,A-0078,S-00269,,TGT-010,2026-07-11T20:47:26+00:00,login,reporting,moderation_queue,updated,0.68,P01,True Positive - Coordinated Hoax
EVT-0001566,C-006,A-0082,S-00279,,TGT-011,2026-07-11T19:16:23+00:00,login,account,api,submitted,0.418,,True Positive - Coordinated Hoax
EVT-0001567,C-006,A-0072,S-00250,CT-001026,TGT-010,2026-07-14T11:41:00+00:00,post,chat,api,created,0.725,P02,True Positive - Coordinated Hoax
EVT-0001568,C-006,A-0072,S-00249,CT-001027,TGT-012,2026-07-11T13:26:00+00:00,post,account,account_layer,submitted,0.677,P02,True Positive - Coordinated Hoax
EVT-0001569,C-006,A-0076,S-00261,,,2026-07-11T20:22:00+00:00,login,reporting,api,shared,0.428,,True Positive - Coordinated Hoax
EVT-0001570,C-006,A-0084,S-00287,CT-001028,TGT-011,2026-07-11T19:20:45+00:00,post,search,moderation_queue,viewed,0.816,P08,True Positive - Coordinated Hoax
EVT-0001571,C-006,A-0075,S-00258,,,2026-07-11T19:24:23+00:00,profile_update,account,chat,submitted,0.738,P01,True Positive - Coordinated Hoax
EVT-0001572,C-006,A-0074,S-00255,CT-001029,TGT-010,2026-07-13T22:07:00+00:00,post,system,moderation_queue,shared,0.706,P08,True Positive - Coordinated Hoax
EVT-0001573,C-006,A-0076,S-00261,CT-001030,TGT-012,2026-07-11T20:09:55+00:00,post,account,chat,shared,0.494,,True Positive - Coordinated Hoax
EVT-0001574,C-006,A-0086,S-00292,CT-001031,TGT-010,2026-07-11T19:53:54+00:00,post,account,chat,shared,0.811,P05,True Positive - Coordinated Hoax
EVT-0001575,C-006,A-0078,S-00266,,TGT-010,2026-07-14T19:28:00+00:00,profile_update,account,chat,submitted,0.781,P02,True Positive - Coordinated Hoax
EVT-0001576,C-006,A-0081,S-00278,CT-001032,TGT-011,2026-07-11T19:35:04+00:00,post,system,chat,submitted,0.816,,True Positive - Coordinated Hoax
EVT-0001577,C-006,A-0085,S-00289,,TGT-010,2026-07-13T06:36:00+00:00,search,account,chat,created,0.643,P01,True Positive - Coordinated Hoax
EVT-0001578,C-006,A-0086,S-00292,,TGT-011,2026-07-11T12:30:00+00:00,login,account,api,shared,0.527,P08,True Positive - Coordinated Hoax
EVT-0001579,C-006,A-0077,S-00264,CT-001033,TGT-010,2026-07-11T19:54:44+00:00,post,chat,chat,shared,0.79,,True Positive - Coordinated Hoax
EVT-0001580,C-006,A-0086,S-00293,CT-001034,TGT-010,2026-07-13T07:48:00+00:00,post,account,account_layer,shared,0.679,P05,True Positive - Coordinated Hoax
EVT-0001581,C-006,A-0072,S-00250,CT-001035,TGT-011,2026-07-14T04:25:00+00:00,post,reporting,chat,shared,0.611,P01,True Positive - Coordinated Hoax
EVT-0001582,C-006,A-0084,S-00286,CT-001036,TGT-010,2026-07-11T20:31:53+00:00,post,system,account_layer,viewed,0.694,,True Positive - Coordinated Hoax
EVT-0001583,C-006,A-0075,S-00259,CT-001037,TGT-011,2026-07-11T20:44:15+00:00,post,system,chat,submitted,0.784,,True Positive - Coordinated Hoax
EVT-0001584,C-006,A-0078,S-00267,,TGT-011,2026-07-13T20:09:00+00:00,login,system,api,submitted,0.512,P05,True Positive - Coordinated Hoax
EVT-0001585,C-006,A-0079,S-00271,CT-001038,TGT-011,2026-07-11T19:10:20+00:00,message,reporting,moderation_queue,viewed,0.756,,True Positive - Coordinated Hoax
EVT-0001586,C-006,A-0076,S-00260,CT-001039,TGT-010,2026-07-14T15:47:00+00:00,post,reporting,api,viewed,0.487,P08,True Positive - Coordinated Hoax
EVT-0001587,C-006,A-0085,S-00291,CT-001040,TGT-011,2026-07-11T19:07:15+00:00,post,chat,chat,updated,0.688,P01,True Positive - Coordinated Hoax
EVT-0001588,C-006,A-0086,S-00292,,,2026-07-11T18:48:35+00:00,login,chat,account_layer,updated,0.458,P05,True Positive - Coordinated Hoax
EVT-0001589,C-006,A-0077,S-00265,CT-001041,TGT-011,2026-07-11T19:38:58+00:00,post,reporting,moderation_queue,viewed,0.751,,True Positive - Coordinated Hoax
EVT-0001590,C-006,A-0073,S-00254,,TGT-011,2026-07-11T09:56:00+00:00,login,search,api,shared,0.516,,True Positive - Coordinated Hoax
EVT-0001591,C-006,A-0084,S-00286,CT-001042,TGT-012,2026-07-11T19:43:34+00:00,post,system,account_layer,updated,0.688,P05,True Positive - Coordinated Hoax
EVT-0001592,C-006,A-0078,S-00266,CT-001043,TGT-011,2026-07-11T11:36:00+00:00,post,system,moderation_queue,created,0.836,P08,True Positive - Coordinated Hoax
EVT-0001593,C-006,A-0081,S-00277,CT-001044,TGT-010,2026-07-11T19:03:00+00:00,post,reporting,api,created,0.676,P01,True Positive - Coordinated Hoax
EVT-0001594,C-006,A-0072,S-00250,CT-001045,TGT-012,2026-07-15T05:00:00+00:00,message,reporting,moderation_queue,submitted,0.516,,True Positive - Coordinated Hoax
EVT-0001595,C-006,A-0083,S-00282,CT-001046,TGT-010,2026-07-11T20:29:00+00:00,post,chat,moderation_queue,submitted,0.625,,True Positive - Coordinated Hoax
EVT-0001596,C-006,A-0082,S-00281,,TGT-012,2026-07-11T20:34:42+00:00,login,system,moderation_queue,updated,0.541,,True Positive - Coordinated Hoax
EVT-0001597,C-006,A-0083,S-00285,CT-001047,TGT-012,2026-07-11T20:32:09+00:00,message,account,account_layer,submitted,0.508,,True Positive - Coordinated Hoax
EVT-0001598,C-006,A-0074,S-00255,CT-001048,TGT-012,2026-07-11T21:17:33+00:00,message,search,moderation_queue,viewed,0.815,P02,True Positive - Coordinated Hoax
EVT-0001599,C-006,A-0077,S-00265,,,2026-07-12T22:19:00+00:00,login,system,account_layer,created,0.43,P05,True Positive - Coordinated Hoax
EVT-0001600,C-006,A-0085,S-00291,CT-001049,TGT-011,2026-07-11T19:37:40+00:00,post,search,api,created,0.734,,True Positive - Coordinated Hoax
EVT-0001601,C-006,A-0080,S-00273,,TGT-010,2026-07-12T15:39:00+00:00,search,system,moderation_queue,created,0.6,P02,True Positive - Coordinated Hoax
EVT-0001602,C-006,A-0084,S-00286,CT-001050,TGT-010,2026-07-11T18:49:08+00:00,post,account,moderation_queue,updated,0.515,P01,True Positive - Coordinated Hoax
EVT-0001603,C-006,A-0084,S-00287,CT-001051,TGT-012,2026-07-11T19:19:49+00:00,post,chat,chat,shared,0.49,P05,True Positive - Coordinated Hoax
EVT-0001604,C-006,A-0081,S-00276,,TGT-010,2026-07-11T19:21:00+00:00,search,search,account_layer,updated,0.528,P05,True Positive - Coordinated Hoax
EVT-0001605,C-006,A-0078,S-00269,,TGT-010,2026-07-11T20:56:03+00:00,login,search,chat,viewed,0.766,P05,True Positive - Coordinated Hoax
EVT-0001606,C-006,A-0073,S-00254,,TGT-010,2026-07-11T21:16:54+00:00,login,system,api,created,0.762,P05,True Positive - Coordinated Hoax
EVT-0001607,C-006,A-0084,S-00286,CT-001052,TGT-011,2026-07-11T21:20:05+00:00,report,system,chat,shared,0.713,P08,True Positive - Coordinated Hoax
EVT-0001608,C-006,A-0072,S-00249,CT-001053,TGT-012,2026-07-15T00:49:00+00:00,report,search,moderation_queue,updated,0.646,P02,True Positive - Coordinated Hoax
EVT-0001609,C-006,A-0084,S-00287,CT-001054,TGT-010,2026-07-13T22:53:00+00:00,message,search,api,created,0.708,P01,True Positive - Coordinated Hoax
EVT-0001610,C-006,A-0072,S-00250,CT-001055,TGT-012,2026-07-11T19:48:58+00:00,report,search,chat,updated,0.574,P05,True Positive - Coordinated Hoax
EVT-0001611,C-006,A-0086,S-00293,CT-001056,TGT-010,2026-07-11T19:05:47+00:00,post,account,account_layer,updated,0.802,,True Positive - Coordinated Hoax
EVT-0001612,C-006,A-0082,S-00279,,TGT-012,2026-07-11T08:58:00+00:00,migration_signal,account,moderation_queue,shared,0.588,,True Positive - Coordinated Hoax
EVT-0001613,C-006,A-0086,S-00293,,TGT-012,2026-07-14T17:46:00+00:00,migration_signal,chat,api,shared,0.567,,True Positive - Coordinated Hoax
EVT-0001614,C-006,A-0081,S-00276,,TGT-011,2026-07-15T04:37:00+00:00,search,reporting,account_layer,updated,0.493,P08,True Positive - Coordinated Hoax
EVT-0001615,C-006,A-0077,S-00264,CT-001057,TGT-011,2026-07-11T18:57:03+00:00,post,search,account_layer,viewed,0.742,P02,True Positive - Coordinated Hoax
EVT-0001616,C-006,A-0082,S-00281,,,2026-07-14T05:05:00+00:00,login,chat,account_layer,submitted,0.534,P05,True Positive - Coordinated Hoax
EVT-0001617,C-006,A-0086,S-00292,,TGT-012,2026-07-11T20:58:06+00:00,search,system,moderation_queue,updated,0.768,P05,True Positive - Coordinated Hoax
EVT-0001618,C-006,A-0073,S-00253,CT-001058,TGT-012,2026-07-14T05:44:00+00:00,post,search,account_layer,created,0.574,,True Positive - Coordinated Hoax
EVT-0001619,C-006,A-0083,S-00282,,,2026-07-13T08:08:00+00:00,login,search,chat,shared,0.72,,True Positive - Coordinated Hoax
EVT-0001620,C-006,A-0086,S-00292,CT-001059,TGT-010,2026-07-13T09:08:00+00:00,post,account,moderation_queue,shared,0.748,P01,True Positive - Coordinated Hoax
EVT-0001621,C-006,A-0078,S-00266,CT-001060,TGT-010,2026-07-11T19:16:05+00:00,post,search,chat,updated,0.783,P02,True Positive - Coordinated Hoax
EVT-0001622,C-006,A-0074,S-00256,CT-001061,TGT-010,2026-07-11T20:29:08+00:00,post,system,chat,shared,0.662,P01,True Positive - Coordinated Hoax
EVT-0001623,C-006,A-0076,S-00261,CT-001062,TGT-010,2026-07-13T19:05:00+00:00,post,account,api,submitted,0.724,,True Positive - Coordinated Hoax
EVT-0001624,C-006,A-0078,S-00267,,TGT-011,2026-07-11T20:40:05+00:00,search,chat,chat,updated,0.752,P01,True Positive - Coordinated Hoax
EVT-0001625,C-006,A-0075,S-00258,CT-001063,TGT-011,2026-07-11T20:44:27+00:00,post,system,account_layer,submitted,0.613,P05,True Positive - Coordinated Hoax
EVT-0001626,C-006,A-0082,S-00281,CT-001064,TGT-012,2026-07-14T09:26:00+00:00,post,chat,account_layer,submitted,0.77,P01,True Positive - Coordinated Hoax
EVT-0001627,C-006,A-0082,S-00281,,,2026-07-11T20:05:10+00:00,login,reporting,chat,viewed,0.487,P01,True Positive - Coordinated Hoax
EVT-0001628,C-006,A-0076,S-00260,CT-001065,TGT-012,2026-07-11T20:41:37+00:00,post,chat,api,submitted,0.528,P01,True Positive - Coordinated Hoax
EVT-0001629,C-006,A-0077,S-00264,CT-001066,TGT-012,2026-07-11T19:30:20+00:00,post,account,api,shared,0.721,,True Positive - Coordinated Hoax
EVT-0001630,C-006,A-0083,S-00282,,,2026-07-11T19:32:39+00:00,login,search,chat,viewed,0.759,P02,True Positive - Coordinated Hoax
EVT-0001631,C-006,A-0073,S-00252,,,2026-07-11T20:48:55+00:00,login,search,chat,created,0.439,,True Positive - Coordinated Hoax
EVT-0001632,C-006,A-0073,S-00254,CT-001067,TGT-010,2026-07-11T18:48:17+00:00,message,system,api,created,0.767,,True Positive - Coordinated Hoax
EVT-0001633,C-006,A-0075,S-00258,CT-001068,TGT-012,2026-07-11T20:09:41+00:00,message,chat,account_layer,shared,0.55,P01,True Positive - Coordinated Hoax
EVT-0001634,C-006,A-0072,S-00250,CT-001069,TGT-011,2026-07-15T07:24:00+00:00,message,system,api,updated,0.497,P01,True Positive - Coordinated Hoax
EVT-0001635,C-006,A-0078,S-00269,,,2026-07-11T20:03:09+00:00,migration_signal,account,chat,created,0.547,,True Positive - Coordinated Hoax
EVT-0001636,C-006,A-0082,S-00281,CT-001070,TGT-011,2026-07-11T20:24:11+00:00,message,account,api,updated,0.53,P02,True Positive - Coordinated Hoax
EVT-0001637,C-006,A-0079,S-00272,CT-001071,TGT-010,2026-07-11T20:16:15+00:00,post,search,chat,updated,0.497,,True Positive - Coordinated Hoax
EVT-0001638,C-006,A-0086,S-00293,,TGT-010,2026-07-14T17:01:00+00:00,search,search,chat,viewed,0.704,,True Positive - Coordinated Hoax
EVT-0001639,C-006,A-0074,S-00255,CT-001072,TGT-012,2026-07-11T21:00:54+00:00,message,search,chat,updated,0.812,P01,True Positive - Coordinated Hoax
EVT-0001640,C-006,A-0078,S-00266,CT-001073,TGT-012,2026-07-14T12:12:00+00:00,message,reporting,chat,created,0.666,,True Positive - Coordinated Hoax
EVT-0001641,C-006,A-0077,S-00264,,TGT-010,2026-07-15T08:36:00+00:00,search,reporting,chat,submitted,0.606,P02,True Positive - Coordinated Hoax
EVT-0001642,C-006,A-0081,S-00276,CT-001074,TGT-012,2026-07-12T10:48:00+00:00,post,search,moderation_queue,shared,0.835,P01,True Positive - Coordinated Hoax
EVT-0001643,C-006,A-0077,S-00265,,,2026-07-13T08:30:00+00:00,login,system,moderation_queue,updated,0.467,P05,True Positive - Coordinated Hoax
EVT-0001644,C-006,A-0083,S-00282,CT-001075,TGT-011,2026-07-12T10:11:00+00:00,message,system,chat,updated,0.644,P02,True Positive - Coordinated Hoax
EVT-0001645,C-006,A-0074,S-00256,CT-001076,TGT-010,2026-07-11T17:02:00+00:00,post,reporting,moderation_queue,submitted,0.526,P01,True Positive - Coordinated Hoax
EVT-0001646,C-006,A-0072,S-00248,CT-001077,TGT-011,2026-07-14T04:43:00+00:00,post,reporting,moderation_queue,updated,0.804,,True Positive - Coordinated Hoax
EVT-0001647,C-006,A-0079,S-00271,,TGT-012,2026-07-11T19:58:59+00:00,login,search,moderation_queue,updated,0.708,,True Positive - Coordinated Hoax
EVT-0001648,C-006,A-0074,S-00256,CT-001078,TGT-011,2026-07-11T21:16:22+00:00,report,reporting,api,submitted,0.625,P08,True Positive - Coordinated Hoax
EVT-0001649,C-006,A-0075,S-00258,,,2026-07-11T18:56:08+00:00,migration_signal,account,moderation_queue,shared,0.764,P05,True Positive - Coordinated Hoax
EVT-0001650,C-006,A-0075,S-00257,CT-001079,TGT-012,2026-07-11T18:48:10+00:00,post,search,account_layer,submitted,0.555,,True Positive - Coordinated Hoax
EVT-0001651,C-006,A-0085,S-00291,,,2026-07-11T20:40:01+00:00,migration_signal,chat,chat,submitted,0.654,P02,True Positive - Coordinated Hoax
EVT-0001652,C-006,A-0075,S-00258,,,2026-07-14T14:28:00+00:00,migration_signal,account,moderation_queue,created,0.807,P02,True Positive - Coordinated Hoax
EVT-0001653,C-006,A-0085,S-00290,,TGT-011,2026-07-14T18:14:00+00:00,login,reporting,account_layer,viewed,0.698,,True Positive - Coordinated Hoax
EVT-0001654,C-006,A-0075,S-00259,CT-001080,TGT-011,2026-07-14T09:47:00+00:00,post,reporting,chat,shared,0.563,P08,True Positive - Coordinated Hoax
EVT-0001655,C-006,A-0082,S-00279,CT-001081,TGT-010,2026-07-11T18:25:00+00:00,post,system,api,submitted,0.742,,True Positive - Coordinated Hoax
EVT-0001656,C-006,A-0078,S-00269,CT-001082,TGT-010,2026-07-11T19:40:27+00:00,post,account,account_layer,viewed,0.605,,True Positive - Coordinated Hoax
EVT-0001657,C-006,A-0079,S-00272,CT-001083,TGT-012,2026-07-11T20:58:57+00:00,post,search,account_layer,shared,0.593,P08,True Positive - Coordinated Hoax
EVT-0001658,C-006,A-0082,S-00280,CT-001084,TGT-011,2026-07-14T11:43:00+00:00,post,search,moderation_queue,viewed,0.719,P01,True Positive - Coordinated Hoax
EVT-0001659,C-006,A-0084,S-00286,CT-001085,TGT-011,2026-07-14T22:07:00+00:00,post,system,api,created,0.817,P05,True Positive - Coordinated Hoax
EVT-0001660,C-006,A-0082,S-00280,,,2026-07-11T19:53:54+00:00,migration_signal,account,account_layer,shared,0.467,P01,True Positive - Coordinated Hoax
EVT-0001661,C-006,A-0086,S-00293,,TGT-012,2026-07-14T04:55:00+00:00,login,account,account_layer,created,0.741,P08,True Positive - Coordinated Hoax
EVT-0001662,C-006,A-0086,S-00293,CT-001086,TGT-011,2026-07-11T19:30:38+00:00,message,chat,api,updated,0.695,,True Positive - Coordinated Hoax
EVT-0001663,C-006,A-0077,S-00264,,TGT-010,2026-07-11T19:08:41+00:00,search,system,api,created,0.588,P01,True Positive - Coordinated Hoax
EVT-0001664,C-006,A-0080,S-00274,CT-001087,TGT-010,2026-07-11T19:24:56+00:00,report,reporting,api,shared,0.529,P02,True Positive - Coordinated Hoax
EVT-0001665,C-006,A-0076,S-00260,CT-001088,TGT-011,2026-07-11T19:10:17+00:00,report,system,moderation_queue,updated,0.492,,True Positive - Coordinated Hoax
EVT-0001666,C-006,A-0083,S-00285,CT-001089,TGT-012,2026-07-13T04:28:00+00:00,post,reporting,account_layer,created,0.533,P02,True Positive - Coordinated Hoax
EVT-0001667,C-006,A-0081,S-00278,CT-001090,TGT-010,2026-07-11T20:19:14+00:00,post,reporting,api,created,0.515,,True Positive - Coordinated Hoax
EVT-0001668,C-006,A-0076,S-00260,,TGT-010,2026-07-11T18:44:00+00:00,migration_signal,system,account_layer,viewed,0.489,P05,True Positive - Coordinated Hoax
EVT-0001669,C-006,A-0076,S-00262,CT-001091,TGT-011,2026-07-12T08:14:00+00:00,message,chat,moderation_queue,updated,0.625,P02,True Positive - Coordinated Hoax
EVT-0001670,C-006,A-0084,S-00288,CT-001092,TGT-012,2026-07-11T18:54:52+00:00,post,search,api,submitted,0.598,,True Positive - Coordinated Hoax
EVT-0001671,C-006,A-0074,S-00256,CT-001093,TGT-010,2026-07-11T20:11:45+00:00,post,reporting,account_layer,created,0.733,,True Positive - Coordinated Hoax
EVT-0001672,C-006,A-0085,S-00290,,TGT-012,2026-07-12T03:01:00+00:00,search,account,account_layer,shared,0.614,P01,True Positive - Coordinated Hoax
EVT-0001673,C-006,A-0072,S-00249,,TGT-011,2026-07-12T07:46:00+00:00,login,reporting,moderation_queue,viewed,0.625,,True Positive - Coordinated Hoax
EVT-0001674,C-006,A-0075,S-00258,CT-001094,TGT-012,2026-07-11T20:37:44+00:00,message,system,api,updated,0.741,P02,True Positive - Coordinated Hoax
EVT-0001675,C-006,A-0075,S-00259,CT-001095,TGT-010,2026-07-11T19:25:00+00:00,post,system,moderation_queue,viewed,0.781,,True Positive - Coordinated Hoax
EVT-0001676,C-006,A-0072,S-00250,CT-001096,TGT-012,2026-07-14T06:04:00+00:00,post,chat,chat,submitted,0.675,,True Positive - Coordinated Hoax
EVT-0001677,C-006,A-0081,S-00276,,TGT-010,2026-07-12T08:55:00+00:00,login,account,chat,submitted,0.663,P08,True Positive - Coordinated Hoax
EVT-0001678,C-006,A-0085,S-00291,CT-001097,TGT-012,2026-07-12T18:00:00+00:00,report,reporting,api,submitted,0.716,P02,True Positive - Coordinated Hoax
EVT-0001679,C-006,A-0077,S-00264,CT-001098,TGT-012,2026-07-11T18:42:03+00:00,post,reporting,api,submitted,0.563,P08,True Positive - Coordinated Hoax
EVT-0001680,C-006,A-0083,S-00284,CT-001099,TGT-010,2026-07-14T19:55:00+00:00,report,reporting,account_layer,updated,0.599,P02,True Positive - Coordinated Hoax
EVT-0001681,C-006,A-0081,S-00278,CT-001100,TGT-011,2026-07-11T19:37:58+00:00,report,reporting,account_layer,shared,0.609,P01,True Positive - Coordinated Hoax
EVT-0001682,C-006,A-0079,S-00271,,TGT-010,2026-07-11T19:31:32+00:00,search,reporting,moderation_queue,updated,0.776,P01,True Positive - Coordinated Hoax
EVT-0001683,C-006,A-0085,S-00289,,TGT-011,2026-07-11T20:14:35+00:00,login,account,api,updated,0.692,P08,True Positive - Coordinated Hoax
EVT-0001684,C-006,A-0086,S-00292,CT-001101,TGT-010,2026-07-11T18:58:05+00:00,post,account,account_layer,updated,0.669,P08,True Positive - Coordinated Hoax
EVT-0001685,C-006,A-0075,S-00259,,TGT-011,2026-07-11T19:45:16+00:00,search,search,moderation_queue,updated,0.511,P08,True Positive - Coordinated Hoax
EVT-0001686,C-006,A-0078,S-00268,CT-001102,TGT-011,2026-07-11T18:44:00+00:00,post,system,account_layer,submitted,0.55,P05,True Positive - Coordinated Hoax
EVT-0001687,C-006,A-0081,S-00276,,TGT-012,2026-07-13T20:42:00+00:00,login,account,api,shared,0.686,P05,True Positive - Coordinated Hoax
EVT-0001688,C-006,A-0072,S-00251,CT-001103,TGT-012,2026-07-13T16:34:00+00:00,report,reporting,api,updated,0.482,P05,True Positive - Coordinated Hoax
EVT-0001689,C-006,A-0085,S-00290,,,2026-07-13T18:43:00+00:00,login,system,api,shared,0.745,P02,True Positive - Coordinated Hoax
EVT-0001690,C-006,A-0081,S-00276,CT-001104,TGT-011,2026-07-12T20:23:00+00:00,post,search,chat,submitted,0.749,P08,True Positive - Coordinated Hoax
EVT-0001691,C-006,A-0086,S-00293,CT-001105,TGT-011,2026-07-11T08:01:00+00:00,message,reporting,chat,created,0.692,,True Positive - Coordinated Hoax
EVT-0001692,C-006,A-0078,S-00269,CT-001106,TGT-012,2026-07-13T00:48:00+00:00,post,system,account_layer,created,0.715,,True Positive - Coordinated Hoax
EVT-0001693,C-006,A-0073,S-00253,,TGT-012,2026-07-11T10:21:00+00:00,search,reporting,account_layer,submitted,0.596,P02,True Positive - Coordinated Hoax
EVT-0001694,C-006,A-0075,S-00259,,,2026-07-11T18:59:36+00:00,login,search,account_layer,created,0.807,P05,True Positive - Coordinated Hoax
EVT-0001695,C-006,A-0084,S-00286,CT-001107,TGT-010,2026-07-11T15:45:00+00:00,message,search,chat,shared,0.803,P08,True Positive - Coordinated Hoax
EVT-0001696,C-006,A-0072,S-00248,CT-001108,TGT-011,2026-07-12T09:07:00+00:00,message,account,api,viewed,0.525,P05,True Positive - Coordinated Hoax
EVT-0001697,C-006,A-0076,S-00262,CT-001109,TGT-012,2026-07-11T19:44:08+00:00,post,search,chat,submitted,0.614,,True Positive - Coordinated Hoax
EVT-0001698,C-006,A-0073,S-00252,CT-001110,TGT-012,2026-07-11T09:44:00+00:00,post,search,api,viewed,0.806,P08,True Positive - Coordinated Hoax
EVT-0001699,C-006,A-0073,S-00253,CT-001111,TGT-012,2026-07-13T16:14:00+00:00,post,account,account_layer,shared,0.512,P02,True Positive - Coordinated Hoax
EVT-0001700,C-006,A-0083,S-00283,CT-001112,TGT-012,2026-07-14T11:28:00+00:00,post,account,chat,shared,0.5,P02,True Positive - Coordinated Hoax
EVT-0001701,C-006,A-0073,S-00252,CT-001113,TGT-011,2026-07-11T21:30:00+00:00,post,chat,api,viewed,0.665,P08,True Positive - Coordinated Hoax
EVT-0001702,C-006,A-0084,S-00288,,TGT-011,2026-07-11T21:20:10+00:00,profile_update,account,moderation_queue,created,0.726,,True Positive - Coordinated Hoax
EVT-0001703,C-006,A-0073,S-00253,,TGT-012,2026-07-11T21:09:21+00:00,profile_update,system,api,shared,0.675,P02,True Positive - Coordinated Hoax
EVT-0001704,C-006,A-0072,S-00248,CT-001114,TGT-011,2026-07-14T19:53:00+00:00,post,chat,chat,shared,0.519,P02,True Positive - Coordinated Hoax
EVT-0001705,C-006,A-0077,S-00265,CT-001115,TGT-011,2026-07-11T20:47:00+00:00,message,search,api,submitted,0.643,P05,True Positive - Coordinated Hoax
EVT-0001706,C-006,A-0076,S-00263,,TGT-011,2026-07-11T15:32:00+00:00,migration_signal,account,account_layer,viewed,0.807,P02,True Positive - Coordinated Hoax
EVT-0001707,C-006,A-0078,S-00266,,,2026-07-11T19:57:48+00:00,login,reporting,moderation_queue,shared,0.619,P02,True Positive - Coordinated Hoax
EVT-0001708,C-006,A-0080,S-00275,CT-001116,TGT-012,2026-07-14T06:19:00+00:00,post,system,moderation_queue,shared,0.531,,True Positive - Coordinated Hoax
EVT-0001709,C-006,A-0082,S-00281,CT-001117,TGT-011,2026-07-11T23:21:00+00:00,post,account,api,updated,0.778,P01,True Positive - Coordinated Hoax
EVT-0001710,C-006,A-0079,S-00272,CT-001118,TGT-010,2026-07-11T17:18:00+00:00,report,account,account_layer,viewed,0.64,,True Positive - Coordinated Hoax
EVT-0001711,C-006,A-0072,S-00251,CT-001119,TGT-012,2026-07-11T09:52:00+00:00,post,system,api,viewed,0.558,P01,True Positive - Coordinated Hoax
EVT-0001712,C-006,A-0084,S-00286,CT-001120,TGT-010,2026-07-11T21:27:41+00:00,post,search,api,created,0.681,,True Positive - Coordinated Hoax
EVT-0001713,C-006,A-0082,S-00279,CT-001121,TGT-011,2026-07-11T20:03:59+00:00,report,system,moderation_queue,shared,0.82,P01,True Positive - Coordinated Hoax
EVT-0001714,C-006,A-0082,S-00280,CT-001122,TGT-011,2026-07-11T21:02:40+00:00,message,system,chat,updated,0.594,,True Positive - Coordinated Hoax
EVT-0001715,C-006,A-0076,S-00262,CT-001123,TGT-011,2026-07-12T09:51:00+00:00,post,account,account_layer,submitted,0.691,,True Positive - Coordinated Hoax
EVT-0001716,C-006,A-0083,S-00283,CT-001124,TGT-010,2026-07-11T20:53:39+00:00,post,system,moderation_queue,updated,0.787,,True Positive - Coordinated Hoax
EVT-0001717,C-006,A-0076,S-00262,,TGT-012,2026-07-14T11:41:00+00:00,search,account,account_layer,submitted,0.705,P01,True Positive - Coordinated Hoax
EVT-0001718,C-006,A-0080,S-00273,CT-001125,TGT-012,2026-07-11T18:40:15+00:00,message,search,account_layer,viewed,0.657,P05,True Positive - Coordinated Hoax
EVT-0001719,C-006,A-0073,S-00253,,,2026-07-11T20:46:34+00:00,migration_signal,reporting,account_layer,updated,0.456,,True Positive - Coordinated Hoax
EVT-0001720,C-006,A-0072,S-00250,CT-001126,TGT-012,2026-07-13T20:54:00+00:00,post,chat,chat,shared,0.56,P02,True Positive - Coordinated Hoax
EVT-0001721,C-007,A-0096,S-00326,,,2026-07-16T22:18:00+00:00,login,search,api,updated,0.583,,"Mixed - One Credible, Ten Low Credibility"
EVT-0001722,C-007,A-0093,S-00312,,TGT-015,2026-07-16T06:51:00+00:00,search,search,account_layer,created,0.303,P04,"Mixed - One Credible, Ten Low Credibility"
EVT-0001723,C-007,A-0090,S-00303,,,2026-07-15T11:58:00+00:00,login,reporting,chat,viewed,0.564,P03,"Mixed - One Credible, Ten Low Credibility"
EVT-0001724,C-007,A-0095,S-00320,,TGT-015,2026-07-17T00:52:00+00:00,migration_signal,system,api,submitted,0.506,,"Mixed - One Credible, Ten Low Credibility"
EVT-0001725,C-007,A-0096,S-00325,CT-001127,TGT-014,2026-07-16T12:32:00+00:00,report,reporting,api,shared,0.305,P10,"Mixed - One Credible, Ten Low Credibility"
EVT-0001726,C-007,A-0095,S-00322,CT-001128,TGT-017,2026-07-14T01:28:00+00:00,report,account,account_layer,updated,0.789,P07,"Mixed - One Credible, Ten Low Credibility"
EVT-0001727,C-007,A-0094,S-00315,CT-001129,TGT-014,2026-07-15T13:01:00+00:00,message,system,api,submitted,0.509,,"Mixed - One Credible, Ten Low Credibility"
EVT-0001728,C-007,A-0091,S-00305,CT-001130,TGT-016,2026-07-16T02:37:00+00:00,post,search,api,submitted,0.65,,"Mixed - One Credible, Ten Low Credibility"
EVT-0001729,C-007,A-0091,S-00306,,,2026-07-13T23:22:00+00:00,migration_signal,search,moderation_queue,viewed,0.345,P10,"Mixed - One Credible, Ten Low Credibility"
EVT-0001730,C-007,A-0092,S-00308,,,2026-07-16T06:04:00+00:00,login,system,account_layer,viewed,0.436,P03,"Mixed - One Credible, Ten Low Credibility"
EVT-0001731,C-007,A-0091,S-00305,,TGT-016,2026-07-15T00:43:00+00:00,profile_update,system,chat,shared,0.422,,"Mixed - One Credible, Ten Low Credibility"
EVT-0001732,C-007,A-0097,S-00327,CT-001131,TGT-015,2026-07-15T17:56:00+00:00,post,search,api,updated,0.405,P03,"Mixed - One Credible, Ten Low Credibility"
EVT-0001733,C-007,A-0093,S-00313,CT-001132,TGT-020,2026-07-15T10:48:00+00:00,post,chat,account_layer,updated,0.652,,"Mixed - One Credible, Ten Low Credibility"
EVT-0001734,C-007,A-0093,S-00313,,TGT-016,2026-07-14T05:11:00+00:00,migration_signal,search,chat,viewed,0.555,,"Mixed - One Credible, Ten Low Credibility"
EVT-0001735,C-007,A-0087,S-00295,CT-001133,TGT-015,2026-07-14T15:44:00+00:00,post,system,chat,created,0.526,,"Mixed - One Credible, Ten Low Credibility"
EVT-0001736,C-007,A-0088,S-00297,,TGT-015,2026-07-14T06:18:00+00:00,migration_signal,search,chat,viewed,0.384,,"Mixed - One Credible, Ten Low Credibility"
EVT-0001737,C-007,A-0091,S-00304,CT-001134,TGT-015,2026-07-16T21:30:00+00:00,post,search,chat,shared,0.331,P10,"Mixed - One Credible, Ten Low Credibility"
EVT-0001738,C-007,A-0093,S-00314,CT-001135,TGT-014,2026-07-15T00:58:00+00:00,post,reporting,chat,viewed,0.431,P04,"Mixed - One Credible, Ten Low Credibility"
EVT-0001739,C-007,A-0093,S-00314,CT-001136,TGT-015,2026-07-13T14:26:00+00:00,post,account,account_layer,updated,0.638,,"Mixed - One Credible, Ten Low Credibility"
EVT-0001740,C-007,A-0095,S-00322,CT-001137,TGT-015,2026-07-16T16:21:00+00:00,post,account,account_layer,submitted,0.382,,"Mixed - One Credible, Ten Low Credibility"
EVT-0001741,C-007,A-0090,S-00302,CT-001138,TGT-019,2026-07-16T11:24:00+00:00,post,system,moderation_queue,shared,0.409,P03,"Mixed - One Credible, Ten Low Credibility"
EVT-0001742,C-007,A-0093,S-00311,,,2026-07-15T08:01:00+00:00,login,search,api,viewed,0.434,,"Mixed - One Credible, Ten Low Credibility"
EVT-0001743,C-007,A-0094,S-00318,CT-001139,TGT-013,2026-07-15T14:29:00+00:00,report,chat,chat,viewed,0.302,P10,"Mixed - One Credible, Ten Low Credibility"
EVT-0001744,C-007,A-0089,S-00301,CT-001140,TGT-013,2026-07-16T04:58:00+00:00,post,system,chat,updated,0.487,P03,"Mixed - One Credible, Ten Low Credibility"
EVT-0001745,C-007,A-0095,S-00320,CT-001141,TGT-019,2026-07-14T12:24:00+00:00,post,search,account_layer,viewed,0.613,,"Mixed - One Credible, Ten Low Credibility"
EVT-0001746,C-007,A-0089,S-00299,CT-001142,TGT-017,2026-07-17T06:04:00+00:00,post,search,account_layer,submitted,0.721,,"Mixed - One Credible, Ten Low Credibility"
EVT-0001747,C-007,A-0090,S-00303,,TGT-017,2026-07-13T13:16:00+00:00,login,chat,account_layer,submitted,0.57,P03,"Mixed - One Credible, Ten Low Credibility"
EVT-0001748,C-007,A-0096,S-00325,CT-001143,TGT-013,2026-07-15T04:05:00+00:00,post,chat,chat,submitted,0.672,P07,"Mixed - One Credible, Ten Low Credibility"
EVT-0001749,C-007,A-0095,S-00319,CT-001144,TGT-015,2026-07-15T22:14:00+00:00,post,system,moderation_queue,created,0.669,P04,"Mixed - One Credible, Ten Low Credibility"
EVT-0001750,C-007,A-0096,S-00324,CT-001145,TGT-014,2026-07-14T22:46:00+00:00,message,reporting,chat,viewed,0.459,P10,"Mixed - One Credible, Ten Low Credibility"
EVT-0001751,C-007,A-0090,S-00303,CT-001146,TGT-013,2026-07-15T05:17:00+00:00,post,account,moderation_queue,viewed,0.564,,"Mixed - One Credible, Ten Low Credibility"
EVT-0001752,C-007,A-0094,S-00315,,TGT-014,2026-07-14T08:16:00+00:00,login,account,api,updated,0.566,,"Mixed - One Credible, Ten Low Credibility"
EVT-0001753,C-007,A-0092,S-00310,CT-001147,TGT-017,2026-07-15T11:55:00+00:00,message,search,chat,created,0.545,,"Mixed - One Credible, Ten Low Credibility"
EVT-0001754,C-007,A-0094,S-00315,CT-001148,TGT-018,2026-07-15T23:06:00+00:00,post,system,api,updated,0.517,,"Mixed - One Credible, Ten Low Credibility"
EVT-0001755,C-007,A-0093,S-00312,,TGT-019,2026-07-13T14:27:00+00:00,search,account,account_layer,shared,0.472,,"Mixed - One Credible, Ten Low Credibility"
EVT-0001756,C-007,A-0089,S-00299,CT-001149,TGT-017,2026-07-15T19:11:00+00:00,post,chat,chat,created,0.201,P10,"Mixed - One Credible, Ten Low Credibility"
EVT-0001757,C-007,A-0089,S-00300,,,2026-07-17T04:45:00+00:00,login,system,account_layer,updated,0.565,,"Mixed - One Credible, Ten Low Credibility"
EVT-0001758,C-007,A-0088,S-00298,CT-001150,TGT-016,2026-07-17T02:27:00+00:00,post,chat,moderation_queue,viewed,0.518,,"Mixed - One Credible, Ten Low Credibility"
EVT-0001759,C-007,A-0088,S-00298,CT-001151,TGT-020,2026-07-14T14:30:00+00:00,post,chat,account_layer,updated,0.35,P10,"Mixed - One Credible, Ten Low Credibility"
EVT-0001760,C-007,A-0088,S-00296,CT-001152,TGT-015,2026-07-15T10:17:00+00:00,report,system,moderation_queue,updated,0.187,P10,"Mixed - One Credible, Ten Low Credibility"
EVT-0001761,C-007,A-0092,S-00310,CT-001153,TGT-019,2026-07-15T21:22:00+00:00,post,chat,api,updated,0.566,,"Mixed - One Credible, Ten Low Credibility"
EVT-0001762,C-007,A-0095,S-00322,,TGT-014,2026-07-16T01:15:00+00:00,search,account,moderation_queue,updated,0.358,P10,"Mixed - One Credible, Ten Low Credibility"
EVT-0001763,C-007,A-0089,S-00299,CT-001154,TGT-015,2026-07-16T15:43:00+00:00,post,reporting,chat,viewed,0.599,,"Mixed - One Credible, Ten Low Credibility"
EVT-0001764,C-007,A-0089,S-00301,CT-001155,TGT-015,2026-07-15T01:31:00+00:00,post,search,account_layer,created,0.699,,"Mixed - One Credible, Ten Low Credibility"
EVT-0001765,C-007,A-0093,S-00314,,TGT-013,2026-07-16T14:59:00+00:00,migration_signal,chat,api,updated,0.609,P10,"Mixed - One Credible, Ten Low Credibility"
EVT-0001766,C-007,A-0093,S-00312,CT-001156,TGT-015,2026-07-13T14:48:00+00:00,message,system,account_layer,viewed,0.317,P10,"Mixed - One Credible, Ten Low Credibility"
EVT-0001767,C-007,A-0092,S-00307,,,2026-07-15T12:35:00+00:00,login,system,chat,submitted,0.422,,"Mixed - One Credible, Ten Low Credibility"
EVT-0001768,C-007,A-0091,S-00305,CT-001157,TGT-018,2026-07-15T12:27:00+00:00,post,system,api,shared,0.245,P10,"Mixed - One Credible, Ten Low Credibility"
EVT-0001769,C-007,A-0091,S-00304,,,2026-07-16T11:37:00+00:00,login,system,chat,submitted,0.671,,"Mixed - One Credible, Ten Low Credibility"
EVT-0001770,C-007,A-0096,S-00324,CT-001158,TGT-018,2026-07-14T19:12:00+00:00,report,chat,api,updated,0.269,P10,"Mixed - One Credible, Ten Low Credibility"
EVT-0001771,C-007,A-0097,S-00327,,TGT-020,2026-07-15T02:37:00+00:00,search,system,account_layer,created,0.67,P10,"Mixed - One Credible, Ten Low Credibility"
EVT-0001772,C-007,A-0094,S-00316,CT-001159,TGT-016,2026-07-17T03:03:00+00:00,message,system,chat,created,0.463,P10,"Mixed - One Credible, Ten Low Credibility"
EVT-0001773,C-007,A-0088,S-00297,CT-001160,TGT-018,2026-07-16T17:43:00+00:00,post,account,chat,shared,0.292,P10,"Mixed - One Credible, Ten Low Credibility"
EVT-0001774,C-007,A-0088,S-00298,,,2026-07-13T20:07:00+00:00,migration_signal,chat,chat,submitted,0.617,,"Mixed - One Credible, Ten Low Credibility"
EVT-0001775,C-007,A-0095,S-00323,CT-001161,TGT-019,2026-07-14T21:40:00+00:00,post,system,account_layer,viewed,0.55,P03,"Mixed - One Credible, Ten Low Credibility"
EVT-0001776,C-007,A-0095,S-00321,CT-001162,TGT-019,2026-07-16T13:49:00+00:00,report,reporting,api,updated,0.71,P04,"Mixed - One Credible, Ten Low Credibility"
EVT-0001777,C-007,A-0096,S-00324,,TGT-015,2026-07-14T04:03:00+00:00,login,system,account_layer,submitted,0.499,,"Mixed - One Credible, Ten Low Credibility"
EVT-0001778,C-007,A-0088,S-00298,CT-001163,TGT-015,2026-07-13T17:27:00+00:00,post,search,account_layer,submitted,0.154,P10,"Mixed - One Credible, Ten Low Credibility"
EVT-0001779,C-007,A-0087,S-00294,CT-001164,TGT-014,2026-07-15T11:04:00+00:00,post,reporting,moderation_queue,shared,0.507,P07,"Mixed - One Credible, Ten Low Credibility"
EVT-0001780,C-007,A-0088,S-00298,,,2026-07-16T19:17:00+00:00,login,system,api,viewed,0.459,P04,"Mixed - One Credible, Ten Low Credibility"
EVT-0001781,C-007,A-0092,S-00307,CT-001165,TGT-015,2026-07-15T22:55:00+00:00,post,account,chat,viewed,0.641,P07,"Mixed - One Credible, Ten Low Credibility"
EVT-0001782,C-007,A-0095,S-00323,CT-001166,TGT-015,2026-07-15T00:10:00+00:00,post,reporting,moderation_queue,submitted,0.699,P04,"Mixed - One Credible, Ten Low Credibility"
EVT-0001783,C-007,A-0091,S-00305,CT-001167,TGT-013,2026-07-15T06:22:00+00:00,post,account,api,submitted,0.696,,"Mixed - One Credible, Ten Low Credibility"
EVT-0001784,C-007,A-0097,S-00328,CT-001168,TGT-013,2026-07-15T21:15:00+00:00,report,reporting,account_layer,updated,0.444,,"Mixed - One Credible, Ten Low Credibility"
EVT-0001785,C-007,A-0087,S-00295,CT-001169,TGT-016,2026-07-17T03:06:00+00:00,post,reporting,account_layer,updated,0.67,,"Mixed - One Credible, Ten Low Credibility"
EVT-0001786,C-007,A-0087,S-00295,CT-001170,TGT-019,2026-07-15T01:39:00+00:00,post,chat,chat,viewed,0.145,P10,"Mixed - One Credible, Ten Low Credibility"
EVT-0001787,C-007,A-0088,S-00298,,TGT-017,2026-07-16T11:14:00+00:00,login,system,chat,submitted,0.328,,"Mixed - One Credible, Ten Low Credibility"
EVT-0001788,C-007,A-0090,S-00303,CT-001171,TGT-015,2026-07-15T13:43:00+00:00,post,account,account_layer,created,0.539,,"Mixed - One Credible, Ten Low Credibility"
EVT-0001789,C-007,A-0088,S-00296,,TGT-016,2026-07-13T21:25:00+00:00,search,system,account_layer,created,0.509,,"Mixed - One Credible, Ten Low Credibility"
EVT-0001790,C-007,A-0089,S-00301,CT-001172,TGT-016,2026-07-15T07:56:00+00:00,post,reporting,api,created,0.251,P10,"Mixed - One Credible, Ten Low Credibility"
EVT-0001791,C-007,A-0094,S-00317,CT-001173,TGT-013,2026-07-14T18:07:00+00:00,message,reporting,account_layer,updated,0.645,P04,"Mixed - One Credible, Ten Low Credibility"
EVT-0001792,C-007,A-0088,S-00297,CT-001174,TGT-013,2026-07-13T10:51:00+00:00,message,search,chat,created,0.536,P03,"Mixed - One Credible, Ten Low Credibility"
EVT-0001793,C-007,A-0087,S-00295,CT-001175,TGT-013,2026-07-14T10:10:00+00:00,post,system,api,viewed,0.58,P03,"Mixed - One Credible, Ten Low Credibility"
EVT-0001794,C-007,A-0089,S-00300,CT-001176,TGT-019,2026-07-15T19:10:00+00:00,post,reporting,api,viewed,0.653,,"Mixed - One Credible, Ten Low Credibility"
EVT-0001795,C-007,A-0097,S-00327,,TGT-019,2026-07-15T07:13:00+00:00,login,system,api,shared,0.598,,"Mixed - One Credible, Ten Low Credibility"
EVT-0001796,C-007,A-0091,S-00305,CT-001177,TGT-014,2026-07-13T09:32:00+00:00,post,system,api,shared,0.701,P04,"Mixed - One Credible, Ten Low Credibility"
EVT-0001797,C-007,A-0094,S-00315,CT-001178,TGT-015,2026-07-14T06:51:00+00:00,post,system,api,shared,0.377,P10,"Mixed - One Credible, Ten Low Credibility"
EVT-0001798,C-007,A-0095,S-00322,,,2026-07-15T15:54:00+00:00,login,reporting,moderation_queue,shared,0.549,P04,"Mixed - One Credible, Ten Low Credibility"
EVT-0001799,C-007,A-0087,S-00295,CT-001179,TGT-015,2026-07-17T01:18:00+00:00,post,account,moderation_queue,updated,0.43,,"Mixed - One Credible, Ten Low Credibility"
EVT-0001800,C-007,A-0095,S-00323,CT-001180,TGT-020,2026-07-17T03:43:00+00:00,post,chat,moderation_queue,updated,0.485,,"Mixed - One Credible, Ten Low Credibility"
EVT-0001801,C-007,A-0094,S-00315,CT-001181,TGT-015,2026-07-13T15:48:00+00:00,post,system,account_layer,created,0.147,P10,"Mixed - One Credible, Ten Low Credibility"
EVT-0001802,C-007,A-0093,S-00313,CT-001182,TGT-017,2026-07-15T12:08:00+00:00,message,account,account_layer,shared,0.614,P04,"Mixed - One Credible, Ten Low Credibility"
EVT-0001803,C-007,A-0092,S-00308,CT-001183,TGT-017,2026-07-14T02:54:00+00:00,message,chat,moderation_queue,shared,0.662,P04,"Mixed - One Credible, Ten Low Credibility"
EVT-0001804,C-007,A-0095,S-00323,CT-001184,TGT-020,2026-07-15T00:47:00+00:00,post,chat,chat,updated,0.536,P07,"Mixed - One Credible, Ten Low Credibility"
EVT-0001805,C-007,A-0087,S-00295,CT-001185,TGT-014,2026-07-15T19:55:00+00:00,report,system,chat,created,0.509,P03,"Mixed - One Credible, Ten Low Credibility"
EVT-0001806,C-007,A-0094,S-00318,CT-001186,TGT-019,2026-07-16T01:11:00+00:00,post,system,chat,viewed,0.382,P03,"Mixed - One Credible, Ten Low Credibility"
EVT-0001807,C-007,A-0095,S-00323,CT-001187,TGT-018,2026-07-14T11:18:00+00:00,post,account,api,viewed,0.717,,"Mixed - One Credible, Ten Low Credibility"
EVT-0001808,C-007,A-0091,S-00305,,,2026-07-13T10:15:00+00:00,profile_update,reporting,api,viewed,0.494,P04,"Mixed - One Credible, Ten Low Credibility"
EVT-0001809,C-007,A-0090,S-00303,CT-001188,TGT-013,2026-07-16T05:05:00+00:00,post,search,moderation_queue,shared,0.689,P07,"Mixed - One Credible, Ten Low Credibility"
EVT-0001810,C-007,A-0092,S-00307,CT-001189,TGT-018,2026-07-14T04:32:00+00:00,report,chat,moderation_queue,created,0.537,,"Mixed - One Credible, Ten Low Credibility"
EVT-0001811,C-007,A-0087,S-00294,CT-001190,TGT-017,2026-07-14T04:35:00+00:00,report,chat,chat,submitted,0.655,P03,"Mixed - One Credible, Ten Low Credibility"
EVT-0001812,C-007,A-0095,S-00319,CT-001191,TGT-017,2026-07-16T13:02:00+00:00,post,chat,api,shared,0.502,P07,"Mixed - One Credible, Ten Low Credibility"
EVT-0001813,C-007,A-0088,S-00296,CT-001192,TGT-017,2026-07-15T04:06:00+00:00,post,chat,chat,submitted,0.422,,"Mixed - One Credible, Ten Low Credibility"
EVT-0001814,C-007,A-0094,S-00318,CT-001193,TGT-017,2026-07-15T09:45:00+00:00,message,chat,api,viewed,0.51,,"Mixed - One Credible, Ten Low Credibility"
EVT-0001815,C-007,A-0092,S-00307,,,2026-07-17T01:52:00+00:00,login,system,account_layer,updated,0.41,P07,"Mixed - One Credible, Ten Low Credibility"
EVT-0001816,C-007,A-0092,S-00308,,TGT-016,2026-07-13T20:40:00+00:00,search,reporting,chat,submitted,0.632,,"Mixed - One Credible, Ten Low Credibility"
EVT-0001817,C-007,A-0088,S-00297,,,2026-07-14T07:58:00+00:00,profile_update,search,api,submitted,0.473,P07,"Mixed - One Credible, Ten Low Credibility"
EVT-0001818,C-007,A-0097,S-00328,,,2026-07-16T21:46:00+00:00,profile_update,chat,chat,viewed,0.629,P10,"Mixed - One Credible, Ten Low Credibility"
EVT-0001819,C-007,A-0095,S-00321,CT-001194,TGT-019,2026-07-15T19:50:00+00:00,message,system,moderation_queue,submitted,0.486,,"Mixed - One Credible, Ten Low Credibility"
EVT-0001820,C-007,A-0095,S-00323,CT-001195,TGT-017,2026-07-16T07:42:00+00:00,post,account,account_layer,viewed,0.702,,"Mixed - One Credible, Ten Low Credibility"
EVT-0001821,C-007,A-0096,S-00326,CT-001196,TGT-018,2026-07-15T22:10:00+00:00,post,search,api,submitted,0.43,P10,"Mixed - One Credible, Ten Low Credibility"
EVT-0001822,C-007,A-0095,S-00321,CT-001197,TGT-018,2026-07-14T12:11:00+00:00,post,system,account_layer,created,0.6,P07,"Mixed - One Credible, Ten Low Credibility"
EVT-0001823,C-007,A-0090,S-00303,CT-001198,TGT-013,2026-07-16T08:43:00+00:00,message,account,moderation_queue,viewed,0.642,,"Mixed - One Credible, Ten Low Credibility"
EVT-0001824,C-007,A-0090,S-00303,CT-001199,TGT-013,2026-07-16T23:56:00+00:00,report,search,chat,viewed,0.637,P04,"Mixed - One Credible, Ten Low Credibility"
EVT-0001825,C-007,A-0097,S-00327,,TGT-016,2026-07-14T07:31:00+00:00,login,chat,api,created,0.347,P07,"Mixed - One Credible, Ten Low Credibility"
EVT-0001826,C-007,A-0088,S-00298,CT-001200,TGT-019,2026-07-15T21:51:00+00:00,message,search,api,submitted,0.541,,"Mixed - One Credible, Ten Low Credibility"
EVT-0001827,C-007,A-0088,S-00297,,,2026-07-15T19:50:00+00:00,profile_update,system,chat,submitted,0.695,P03,"Mixed - One Credible, Ten Low Credibility"
EVT-0001828,C-007,A-0089,S-00301,CT-001201,TGT-014,2026-07-15T23:43:00+00:00,post,account,chat,created,0.541,P07,"Mixed - One Credible, Ten Low Credibility"
EVT-0001829,C-007,A-0093,S-00312,CT-001202,TGT-018,2026-07-13T22:46:00+00:00,post,account,moderation_queue,viewed,0.402,P04,"Mixed - One Credible, Ten Low Credibility"
EVT-0001830,C-007,A-0093,S-00314,,TGT-019,2026-07-17T08:06:00+00:00,search,search,moderation_queue,submitted,0.423,P07,"Mixed - One Credible, Ten Low Credibility"
EVT-0001831,C-007,A-0090,S-00302,CT-001203,TGT-019,2026-07-16T02:43:00+00:00,report,account,chat,created,0.516,P03,"Mixed - One Credible, Ten Low Credibility"
EVT-0001832,C-007,A-0094,S-00317,CT-001204,TGT-018,2026-07-15T16:29:00+00:00,post,search,account_layer,shared,0.773,P07,"Mixed - One Credible, Ten Low Credibility"
EVT-0001833,C-007,A-0088,S-00296,CT-001205,TGT-014,2026-07-13T13:41:00+00:00,message,chat,api,shared,0.579,,"Mixed - One Credible, Ten Low Credibility"
EVT-0001834,C-007,A-0089,S-00299,,TGT-017,2026-07-16T19:24:00+00:00,login,reporting,moderation_queue,shared,0.422,P07,"Mixed - One Credible, Ten Low Credibility"
EVT-0001835,C-007,A-0089,S-00300,CT-001206,TGT-020,2026-07-14T03:28:00+00:00,post,reporting,account_layer,created,0.397,,"Mixed - One Credible, Ten Low Credibility"
EVT-0001836,C-007,A-0096,S-00325,CT-001207,TGT-020,2026-07-13T21:39:00+00:00,post,chat,api,updated,0.734,P07,"Mixed - One Credible, Ten Low Credibility"
EVT-0001837,C-007,A-0089,S-00300,CT-001208,TGT-016,2026-07-17T05:06:00+00:00,report,search,chat,shared,0.499,,"Mixed - One Credible, Ten Low Credibility"
EVT-0001838,C-007,A-0091,S-00305,CT-001209,TGT-019,2026-07-15T10:09:00+00:00,message,system,moderation_queue,shared,0.518,P07,"Mixed - One Credible, Ten Low Credibility"
EVT-0001839,C-007,A-0094,S-00317,CT-001210,TGT-016,2026-07-15T22:27:00+00:00,post,reporting,api,updated,0.777,P07,"Mixed - One Credible, Ten Low Credibility"
EVT-0001840,C-007,A-0087,S-00294,CT-001211,TGT-013,2026-07-15T07:29:00+00:00,post,chat,moderation_queue,shared,0.462,P03,"Mixed - One Credible, Ten Low Credibility"
EVT-0001841,C-007,A-0096,S-00324,,TGT-015,2026-07-16T06:17:00+00:00,login,system,chat,submitted,0.626,,"Mixed - One Credible, Ten Low Credibility"
EVT-0001842,C-007,A-0093,S-00314,CT-001212,TGT-017,2026-07-14T03:16:00+00:00,report,account,account_layer,submitted,0.373,P03,"Mixed - One Credible, Ten Low Credibility"
EVT-0001843,C-007,A-0095,S-00319,CT-001213,TGT-017,2026-07-14T14:03:00+00:00,post,system,moderation_queue,updated,0.515,P04,"Mixed - One Credible, Ten Low Credibility"
EVT-0001844,C-007,A-0094,S-00318,CT-001214,TGT-018,2026-07-17T02:55:00+00:00,post,search,moderation_queue,submitted,0.449,P03,"Mixed - One Credible, Ten Low Credibility"
EVT-0001845,C-007,A-0088,S-00296,,,2026-07-13T22:34:00+00:00,login,search,chat,shared,0.453,P03,"Mixed - One Credible, Ten Low Credibility"
EVT-0001846,C-007,A-0088,S-00296,,,2026-07-14T10:58:00+00:00,profile_update,chat,chat,updated,0.485,P04,"Mixed - One Credible, Ten Low Credibility"
EVT-0001847,C-007,A-0088,S-00296,CT-001215,TGT-020,2026-07-16T01:37:00+00:00,message,search,moderation_queue,viewed,0.518,P03,"Mixed - One Credible, Ten Low Credibility"
EVT-0001848,C-007,A-0092,S-00309,CT-001216,TGT-020,2026-07-15T05:42:00+00:00,post,search,api,submitted,0.697,P04,"Mixed - One Credible, Ten Low Credibility"
EVT-0001849,C-007,A-0094,S-00317,CT-001217,TGT-015,2026-07-15T08:09:00+00:00,post,chat,api,viewed,0.665,P04,"Mixed - One Credible, Ten Low Credibility"
EVT-0001850,C-007,A-0091,S-00305,CT-001218,TGT-015,2026-07-16T05:05:00+00:00,post,account,moderation_queue,submitted,0.522,,"Mixed - One Credible, Ten Low Credibility"
EVT-0001851,C-007,A-0095,S-00322,CT-001219,TGT-013,2026-07-14T18:46:00+00:00,post,search,account_layer,viewed,0.725,P03,"Mixed - One Credible, Ten Low Credibility"
EVT-0001852,C-007,A-0096,S-00326,,TGT-016,2026-07-14T13:02:00+00:00,login,chat,moderation_queue,submitted,0.505,,"Mixed - One Credible, Ten Low Credibility"
EVT-0001853,C-007,A-0097,S-00327,,TGT-014,2026-07-15T15:21:00+00:00,migration_signal,reporting,chat,updated,0.354,,"Mixed - One Credible, Ten Low Credibility"
EVT-0001854,C-007,A-0088,S-00298,,TGT-017,2026-07-17T00:40:00+00:00,login,system,moderation_queue,created,0.541,P07,"Mixed - One Credible, Ten Low Credibility"
EVT-0001855,C-007,A-0095,S-00322,,TGT-013,2026-07-13T13:40:00+00:00,search,search,moderation_queue,updated,0.379,P10,"Mixed - One Credible, Ten Low Credibility"
EVT-0001856,C-007,A-0087,S-00295,,,2026-07-17T02:20:00+00:00,login,chat,account_layer,shared,0.577,,"Mixed - One Credible, Ten Low Credibility"
EVT-0001857,C-007,A-0094,S-00317,CT-001220,TGT-014,2026-07-15T04:37:00+00:00,post,account,chat,updated,0.709,,"Mixed - One Credible, Ten Low Credibility"
EVT-0001858,C-007,A-0097,S-00328,,TGT-018,2026-07-16T22:24:00+00:00,search,reporting,chat,shared,0.623,,"Mixed - One Credible, Ten Low Credibility"
EVT-0001859,C-007,A-0096,S-00326,CT-001221,TGT-013,2026-07-14T13:06:00+00:00,post,reporting,moderation_queue,created,0.698,,"Mixed - One Credible, Ten Low Credibility"
EVT-0001860,C-007,A-0095,S-00322,CT-001222,TGT-013,2026-07-16T19:13:00+00:00,message,account,chat,created,0.522,P07,"Mixed - One Credible, Ten Low Credibility"
EVT-0001861,C-007,A-0093,S-00312,,TGT-019,2026-07-17T06:58:00+00:00,migration_signal,search,api,updated,0.64,,"Mixed - One Credible, Ten Low Credibility"
EVT-0001862,C-007,A-0095,S-00321,CT-001223,TGT-020,2026-07-15T07:40:00+00:00,post,system,api,updated,0.517,,"Mixed - One Credible, Ten Low Credibility"
EVT-0001863,C-007,A-0088,S-00296,,TGT-020,2026-07-16T04:35:00+00:00,search,search,moderation_queue,viewed,0.4,P03,"Mixed - One Credible, Ten Low Credibility"
EVT-0001864,C-007,A-0091,S-00305,,TGT-017,2026-07-13T13:24:00+00:00,search,reporting,moderation_queue,created,0.416,P07,"Mixed - One Credible, Ten Low Credibility"
EVT-0001865,C-007,A-0097,S-00328,CT-001224,TGT-014,2026-07-15T10:00:00+00:00,message,account,moderation_queue,created,0.602,P03,"Mixed - One Credible, Ten Low Credibility"
EVT-0001866,C-007,A-0091,S-00306,CT-001225,TGT-020,2026-07-13T13:46:00+00:00,post,chat,chat,viewed,0.651,P07,"Mixed - One Credible, Ten Low Credibility"
EVT-0001867,C-007,A-0095,S-00321,CT-001226,TGT-019,2026-07-15T01:46:00+00:00,message,system,chat,viewed,0.708,,"Mixed - One Credible, Ten Low Credibility"
EVT-0001868,C-007,A-0096,S-00325,,,2026-07-16T06:58:00+00:00,login,search,account_layer,submitted,0.583,P10,"Mixed - One Credible, Ten Low Credibility"
EVT-0001869,C-007,A-0092,S-00307,,,2026-07-14T01:41:00+00:00,migration_signal,chat,chat,viewed,0.548,P04,"Mixed - One Credible, Ten Low Credibility"
EVT-0001870,C-007,A-0090,S-00303,CT-001227,TGT-018,2026-07-16T20:49:00+00:00,post,system,chat,submitted,0.551,P03,"Mixed - One Credible, Ten Low Credibility"
EVT-0001871,C-007,A-0090,S-00303,CT-001228,TGT-020,2026-07-15T21:00:00+00:00,message,search,moderation_queue,created,0.775,P07,"Mixed - One Credible, Ten Low Credibility"
EVT-0001872,C-007,A-0091,S-00305,,TGT-019,2026-07-13T12:02:00+00:00,migration_signal,reporting,chat,shared,0.345,P10,"Mixed - One Credible, Ten Low Credibility"
EVT-0001873,C-007,A-0087,S-00294,CT-001229,TGT-017,2026-07-15T16:15:00+00:00,post,search,chat,created,0.442,,"Mixed - One Credible, Ten Low Credibility"
EVT-0001874,C-007,A-0095,S-00323,,TGT-014,2026-07-15T15:02:00+00:00,search,system,api,viewed,0.619,,"Mixed - One Credible, Ten Low Credibility"
EVT-0001875,C-007,A-0093,S-00311,CT-001230,TGT-014,2026-07-16T04:42:00+00:00,post,chat,chat,shared,0.687,P07,"Mixed - One Credible, Ten Low Credibility"
EVT-0001876,C-007,A-0091,S-00306,CT-001231,TGT-019,2026-07-13T10:22:00+00:00,post,reporting,account_layer,shared,0.589,,"Mixed - One Credible, Ten Low Credibility"
EVT-0001877,C-007,A-0087,S-00294,CT-001232,TGT-013,2026-07-15T13:37:00+00:00,post,search,account_layer,viewed,0.45,P03,"Mixed - One Credible, Ten Low Credibility"
EVT-0001878,C-007,A-0095,S-00319,CT-001233,TGT-015,2026-07-16T04:03:00+00:00,post,system,moderation_queue,viewed,0.409,P10,"Mixed - One Credible, Ten Low Credibility"
EVT-0001879,C-007,A-0087,S-00295,CT-001234,TGT-015,2026-07-16T01:40:00+00:00,post,system,moderation_queue,shared,0.521,P07,"Mixed - One Credible, Ten Low Credibility"
EVT-0001880,C-007,A-0092,S-00308,,TGT-020,2026-07-16T04:44:00+00:00,profile_update,reporting,api,created,0.413,,"Mixed - One Credible, Ten Low Credibility"
EVT-0001881,C-007,A-0087,S-00294,CT-001235,TGT-013,2026-07-16T14:44:00+00:00,post,reporting,chat,shared,0.539,P07,"Mixed - One Credible, Ten Low Credibility"
EVT-0001882,C-007,A-0087,S-00294,CT-001236,TGT-018,2026-07-16T01:56:00+00:00,message,system,account_layer,updated,0.523,P03,"Mixed - One Credible, Ten Low Credibility"
EVT-0001883,C-007,A-0093,S-00314,CT-001237,TGT-014,2026-07-13T19:02:00+00:00,post,chat,moderation_queue,shared,0.57,P07,"Mixed - One Credible, Ten Low Credibility"
EVT-0001884,C-007,A-0094,S-00315,CT-001238,TGT-018,2026-07-17T06:07:00+00:00,post,system,account_layer,viewed,0.467,P03,"Mixed - One Credible, Ten Low Credibility"
EVT-0001885,C-007,A-0088,S-00298,,TGT-020,2026-07-13T11:08:00+00:00,migration_signal,chat,api,created,0.453,P04,"Mixed - One Credible, Ten Low Credibility"
EVT-0001886,C-007,A-0095,S-00323,CT-001239,TGT-015,2026-07-13T09:23:00+00:00,post,chat,api,shared,0.646,P04,"Mixed - One Credible, Ten Low Credibility"
EVT-0001887,C-007,A-0094,S-00316,CT-001240,TGT-018,2026-07-16T05:27:00+00:00,message,account,moderation_queue,created,0.43,,"Mixed - One Credible, Ten Low Credibility"
EVT-0001888,C-007,A-0093,S-00311,CT-001241,TGT-018,2026-07-14T03:36:00+00:00,post,account,account_layer,created,0.649,P07,"Mixed - One Credible, Ten Low Credibility"
EVT-0001889,C-007,A-0092,S-00309,CT-001242,TGT-014,2026-07-16T19:33:00+00:00,post,chat,chat,created,0.654,,"Mixed - One Credible, Ten Low Credibility"
EVT-0001890,C-007,A-0087,S-00295,CT-001243,TGT-015,2026-07-15T18:06:00+00:00,post,account,moderation_queue,updated,0.591,,"Mixed - One Credible, Ten Low Credibility"
EVT-0001891,C-007,A-0089,S-00301,,TGT-017,2026-07-13T18:44:00+00:00,profile_update,system,api,viewed,0.366,,"Mixed - One Credible, Ten Low Credibility"
EVT-0001892,C-007,A-0089,S-00300,CT-001244,TGT-015,2026-07-14T18:09:00+00:00,post,chat,account_layer,viewed,0.313,P10,"Mixed - One Credible, Ten Low Credibility"
EVT-0001893,C-007,A-0089,S-00299,,TGT-017,2026-07-14T03:40:00+00:00,profile_update,chat,moderation_queue,updated,0.421,P04,"Mixed - One Credible, Ten Low Credibility"
EVT-0001894,C-007,A-0089,S-00300,CT-001245,TGT-019,2026-07-14T14:54:00+00:00,post,account,api,shared,0.578,P04,"Mixed - One Credible, Ten Low Credibility"
EVT-0001895,C-007,A-0090,S-00303,,TGT-013,2026-07-16T20:44:00+00:00,login,reporting,chat,shared,0.397,P03,"Mixed - One Credible, Ten Low Credibility"
EVT-0001896,C-007,A-0096,S-00324,CT-001246,TGT-013,2026-07-13T08:23:00+00:00,message,chat,moderation_queue,updated,0.479,P04,"Mixed - One Credible, Ten Low Credibility"
EVT-0001897,C-007,A-0097,S-00328,CT-001247,TGT-013,2026-07-14T22:50:00+00:00,message,reporting,moderation_queue,viewed,0.699,P03,"Mixed - One Credible, Ten Low Credibility"
EVT-0001898,C-007,A-0092,S-00307,CT-001248,TGT-014,2026-07-14T10:25:00+00:00,post,chat,account_layer,created,0.818,P07,"Mixed - One Credible, Ten Low Credibility"
EVT-0001899,C-007,A-0094,S-00315,,TGT-017,2026-07-14T12:33:00+00:00,search,chat,moderation_queue,viewed,0.502,P10,"Mixed - One Credible, Ten Low Credibility"
EVT-0001900,C-007,A-0091,S-00304,CT-001249,TGT-018,2026-07-13T13:03:00+00:00,message,chat,account_layer,viewed,0.647,P03,"Mixed - One Credible, Ten Low Credibility"
EVT-0001901,C-007,A-0095,S-00322,CT-001250,TGT-013,2026-07-16T21:47:00+00:00,post,chat,account_layer,shared,0.717,,"Mixed - One Credible, Ten Low Credibility"
EVT-0001902,C-007,A-0094,S-00315,,,2026-07-15T01:45:00+00:00,login,chat,moderation_queue,shared,0.594,P10,"Mixed - One Credible, Ten Low Credibility"
EVT-0001903,C-007,A-0096,S-00326,CT-001251,TGT-013,2026-07-13T15:54:00+00:00,message,chat,api,submitted,0.593,P03,"Mixed - One Credible, Ten Low Credibility"
EVT-0001904,C-007,A-0091,S-00306,CT-001252,TGT-013,2026-07-16T17:05:00+00:00,post,reporting,chat,shared,0.292,P10,"Mixed - One Credible, Ten Low Credibility"
EVT-0001905,C-007,A-0097,S-00328,CT-001253,TGT-018,2026-07-13T16:28:00+00:00,message,search,account_layer,updated,0.681,P03,"Mixed - One Credible, Ten Low Credibility"
EVT-0001906,C-007,A-0093,S-00311,,,2026-07-13T16:56:00+00:00,login,account,api,viewed,0.435,P03,"Mixed - One Credible, Ten Low Credibility"
EVT-0001907,C-007,A-0087,S-00295,,,2026-07-16T23:20:00+00:00,migration_signal,account,api,created,0.584,P07,"Mixed - One Credible, Ten Low Credibility"
EVT-0001908,C-007,A-0091,S-00304,,,2026-07-16T23:20:00+00:00,login,system,chat,viewed,0.577,,"Mixed - One Credible, Ten Low Credibility"
EVT-0001909,C-007,A-0096,S-00325,CT-001254,TGT-015,2026-07-17T02:48:00+00:00,post,reporting,moderation_queue,submitted,0.588,P07,"Mixed - One Credible, Ten Low Credibility"
EVT-0001910,C-007,A-0094,S-00317,CT-001255,TGT-020,2026-07-13T19:50:00+00:00,post,account,moderation_queue,created,0.72,P07,"Mixed - One Credible, Ten Low Credibility"
EVT-0001911,C-007,A-0096,S-00325,,TGT-020,2026-07-14T11:19:00+00:00,migration_signal,account,chat,submitted,0.389,,"Mixed - One Credible, Ten Low Credibility"
EVT-0001912,C-007,A-0090,S-00302,CT-001256,TGT-015,2026-07-13T17:57:00+00:00,message,reporting,account_layer,shared,0.482,P03,"Mixed - One Credible, Ten Low Credibility"
EVT-0001913,C-007,A-0087,S-00294,CT-001257,TGT-016,2026-07-15T12:59:00+00:00,message,account,api,viewed,0.146,P10,"Mixed - One Credible, Ten Low Credibility"
EVT-0001914,C-007,A-0088,S-00298,CT-001258,TGT-014,2026-07-17T02:51:00+00:00,message,chat,moderation_queue,shared,0.598,P04,"Mixed - One Credible, Ten Low Credibility"
EVT-0001915,C-007,A-0095,S-00322,,TGT-016,2026-07-15T21:21:00+00:00,login,system,moderation_queue,shared,0.494,P10,"Mixed - One Credible, Ten Low Credibility"
EVT-0001916,C-007,A-0097,S-00328,CT-001259,TGT-020,2026-07-14T01:51:00+00:00,message,chat,account_layer,viewed,0.605,,"Mixed - One Credible, Ten Low Credibility"
EVT-0001917,C-007,A-0087,S-00295,CT-001260,TGT-018,2026-07-14T12:54:00+00:00,post,account,account_layer,shared,0.747,P07,"Mixed - One Credible, Ten Low Credibility"
EVT-0001918,C-007,A-0096,S-00325,,,2026-07-16T05:20:00+00:00,login,account,moderation_queue,viewed,0.522,,"Mixed - One Credible, Ten Low Credibility"
EVT-0001919,C-007,A-0097,S-00328,CT-001261,TGT-013,2026-07-16T19:29:00+00:00,post,system,chat,created,0.475,,"Mixed - One Credible, Ten Low Credibility"
EVT-0001920,C-007,A-0095,S-00320,,TGT-020,2026-07-15T00:31:00+00:00,profile_update,search,account_layer,viewed,0.644,P04,"Mixed - One Credible, Ten Low Credibility"
EVT-0001921,C-007,A-0092,S-00309,CT-001262,TGT-013,2026-07-13T18:23:00+00:00,report,system,chat,updated,0.543,P03,"Mixed - One Credible, Ten Low Credibility"
EVT-0001922,C-007,A-0093,S-00311,,TGT-015,2026-07-13T18:52:00+00:00,profile_update,account,api,created,0.312,,"Mixed - One Credible, Ten Low Credibility"
EVT-0001923,C-007,A-0097,S-00328,CT-001263,TGT-019,2026-07-16T02:02:00+00:00,post,system,api,shared,0.674,P04,"Mixed - One Credible, Ten Low Credibility"
EVT-0001924,C-007,A-0096,S-00326,CT-001264,TGT-017,2026-07-16T11:33:00+00:00,message,system,moderation_queue,created,0.752,P07,"Mixed - One Credible, Ten Low Credibility"
EVT-0001925,C-007,A-0095,S-00321,CT-001265,TGT-016,2026-07-16T11:19:00+00:00,message,chat,api,submitted,0.597,,"Mixed - One Credible, Ten Low Credibility"
EVT-0001926,C-007,A-0096,S-00325,,TGT-019,2026-07-14T01:34:00+00:00,search,chat,api,viewed,0.485,,"Mixed - One Credible, Ten Low Credibility"
EVT-0001927,C-007,A-0094,S-00317,CT-001266,TGT-016,2026-07-17T00:55:00+00:00,post,reporting,moderation_queue,submitted,0.578,P07,"Mixed - One Credible, Ten Low Credibility"
EVT-0001928,C-007,A-0096,S-00324,CT-001267,TGT-019,2026-07-13T17:13:00+00:00,post,account,account_layer,updated,0.465,P10,"Mixed - One Credible, Ten Low Credibility"
EVT-0001929,C-007,A-0088,S-00298,CT-001268,TGT-020,2026-07-15T04:47:00+00:00,report,reporting,account_layer,submitted,0.343,P10,"Mixed - One Credible, Ten Low Credibility"
EVT-0001930,C-007,A-0096,S-00324,CT-001269,TGT-016,2026-07-14T05:41:00+00:00,message,chat,api,created,0.571,P03,"Mixed - One Credible, Ten Low Credibility"
EVT-0001931,C-007,A-0093,S-00311,CT-001270,TGT-015,2026-07-15T20:51:00+00:00,post,system,moderation_queue,viewed,0.662,P03,"Mixed - One Credible, Ten Low Credibility"
EVT-0001932,C-007,A-0097,S-00328,CT-001271,TGT-014,2026-07-16T23:30:00+00:00,post,chat,chat,viewed,0.606,P04,"Mixed - One Credible, Ten Low Credibility"
EVT-0001933,C-007,A-0088,S-00297,CT-001272,TGT-015,2026-07-14T09:53:00+00:00,report,chat,chat,viewed,0.406,P03,"Mixed - One Credible, Ten Low Credibility"
EVT-0001934,C-007,A-0088,S-00297,CT-001273,TGT-013,2026-07-13T16:35:00+00:00,post,account,api,created,0.533,,"Mixed - One Credible, Ten Low Credibility"
EVT-0001935,C-007,A-0089,S-00300,CT-001274,TGT-019,2026-07-16T11:08:00+00:00,post,chat,chat,viewed,0.676,,"Mixed - One Credible, Ten Low Credibility"
EVT-0001936,C-007,A-0093,S-00311,CT-001275,TGT-016,2026-07-16T07:19:00+00:00,message,search,account_layer,shared,0.207,P10,"Mixed - One Credible, Ten Low Credibility"
EVT-0001937,C-007,A-0097,S-00328,CT-001276,TGT-016,2026-07-15T12:37:00+00:00,post,reporting,api,updated,0.672,P07,"Mixed - One Credible, Ten Low Credibility"
EVT-0001938,C-007,A-0093,S-00311,,,2026-07-17T04:34:00+00:00,login,search,api,viewed,0.377,,"Mixed - One Credible, Ten Low Credibility"
EVT-0001939,C-007,A-0095,S-00320,,,2026-07-16T15:57:00+00:00,migration_signal,chat,account_layer,submitted,0.685,P10,"Mixed - One Credible, Ten Low Credibility"
EVT-0001940,C-007,A-0097,S-00327,CT-001277,TGT-017,2026-07-16T11:42:00+00:00,post,system,chat,viewed,0.517,,"Mixed - One Credible, Ten Low Credibility"
EVT-0001941,C-007,A-0087,S-00295,,,2026-07-16T13:34:00+00:00,login,search,moderation_queue,created,0.683,P10,"Mixed - One Credible, Ten Low Credibility"
EVT-0001942,C-007,A-0097,S-00328,,,2026-07-14T16:19:00+00:00,profile_update,reporting,chat,created,0.589,P03,"Mixed - One Credible, Ten Low Credibility"
EVT-0001943,C-007,A-0094,S-00315,CT-001278,TGT-016,2026-07-15T22:37:00+00:00,post,search,api,created,0.641,P03,"Mixed - One Credible, Ten Low Credibility"
EVT-0001944,C-007,A-0091,S-00304,CT-001279,TGT-015,2026-07-17T07:43:00+00:00,message,chat,moderation_queue,viewed,0.714,P03,"Mixed - One Credible, Ten Low Credibility"
EVT-0001945,C-007,A-0089,S-00299,,TGT-015,2026-07-16T16:05:00+00:00,search,system,api,created,0.555,P10,"Mixed - One Credible, Ten Low Credibility"
EVT-0001946,C-007,A-0091,S-00304,CT-001280,TGT-019,2026-07-16T18:36:00+00:00,message,account,api,shared,0.285,P10,"Mixed - One Credible, Ten Low Credibility"
EVT-0001947,C-007,A-0095,S-00320,CT-001281,TGT-014,2026-07-13T08:05:00+00:00,message,reporting,api,updated,0.51,P03,"Mixed - One Credible, Ten Low Credibility"
EVT-0001948,C-007,A-0091,S-00304,,TGT-015,2026-07-14T18:29:00+00:00,search,search,chat,submitted,0.439,P07,"Mixed - One Credible, Ten Low Credibility"
EVT-0001949,C-007,A-0087,S-00295,CT-001282,TGT-014,2026-07-15T10:07:00+00:00,post,reporting,moderation_queue,created,0.481,P04,"Mixed - One Credible, Ten Low Credibility"
EVT-0001950,C-007,A-0097,S-00328,CT-001283,TGT-013,2026-07-14T13:58:00+00:00,message,reporting,chat,submitted,0.442,,"Mixed - One Credible, Ten Low Credibility"
EVT-0001951,C-007,A-0093,S-00314,CT-001284,TGT-020,2026-07-16T05:33:00+00:00,post,account,chat,submitted,0.163,P10,"Mixed - One Credible, Ten Low Credibility"
EVT-0001952,C-007,A-0089,S-00301,,TGT-019,2026-07-14T00:01:00+00:00,search,account,api,submitted,0.571,P07,"Mixed - One Credible, Ten Low Credibility"
EVT-0001953,C-007,A-0091,S-00305,,TGT-019,2026-07-14T11:58:00+00:00,search,reporting,api,created,0.565,,"Mixed - One Credible, Ten Low Credibility"
EVT-0001954,C-007,A-0096,S-00324,,,2026-07-14T17:29:00+00:00,login,chat,account_layer,updated,0.52,,"Mixed - One Credible, Ten Low Credibility"
EVT-0001955,C-007,A-0092,S-00309,CT-001285,TGT-020,2026-07-16T18:02:00+00:00,post,chat,account_layer,shared,0.673,P04,"Mixed - One Credible, Ten Low Credibility"
EVT-0001956,C-007,A-0097,S-00328,CT-001286,TGT-014,2026-07-17T05:27:00+00:00,post,system,account_layer,shared,0.569,,"Mixed - One Credible, Ten Low Credibility"
EVT-0001957,C-007,A-0095,S-00319,,TGT-016,2026-07-16T19:55:00+00:00,migration_signal,system,chat,shared,0.672,,"Mixed - One Credible, Ten Low Credibility"
EVT-0001958,C-007,A-0092,S-00309,CT-001287,TGT-016,2026-07-14T09:19:00+00:00,post,chat,chat,shared,0.684,P07,"Mixed - One Credible, Ten Low Credibility"
EVT-0001959,C-007,A-0096,S-00325,CT-001288,TGT-019,2026-07-14T16:26:00+00:00,post,search,account_layer,updated,0.378,P04,"Mixed - One Credible, Ten Low Credibility"
EVT-0001960,C-007,A-0090,S-00303,CT-001289,TGT-020,2026-07-15T07:14:00+00:00,post,system,chat,submitted,0.569,P03,"Mixed - One Credible, Ten Low Credibility"
EVT-0001961,C-007,A-0088,S-00298,CT-001290,TGT-019,2026-07-14T13:16:00+00:00,report,reporting,account_layer,viewed,0.523,P03,"Mixed - One Credible, Ten Low Credibility"
EVT-0001962,C-007,A-0095,S-00323,CT-001291,TGT-017,2026-07-15T19:00:00+00:00,message,reporting,api,shared,0.473,,"Mixed - One Credible, Ten Low Credibility"
EVT-0001963,C-007,A-0094,S-00315,,TGT-015,2026-07-14T09:16:00+00:00,login,system,account_layer,shared,0.539,P07,"Mixed - One Credible, Ten Low Credibility"
EVT-0001964,C-007,A-0088,S-00297,CT-001292,TGT-017,2026-07-17T02:31:00+00:00,report,system,moderation_queue,created,0.404,,"Mixed - One Credible, Ten Low Credibility"
EVT-0001965,C-007,A-0088,S-00296,CT-001293,TGT-018,2026-07-15T07:31:00+00:00,post,search,account_layer,viewed,0.344,P10,"Mixed - One Credible, Ten Low Credibility"
EVT-0001966,C-007,A-0093,S-00313,,TGT-016,2026-07-15T22:46:00+00:00,migration_signal,reporting,api,created,0.669,P03,"Mixed - One Credible, Ten Low Credibility"
EVT-0001967,C-007,A-0089,S-00299,,,2026-07-14T06:08:00+00:00,login,system,api,created,0.516,P07,"Mixed - One Credible, Ten Low Credibility"
EVT-0001968,C-007,A-0096,S-00324,,TGT-018,2026-07-14T13:32:00+00:00,profile_update,reporting,chat,submitted,0.507,,"Mixed - One Credible, Ten Low Credibility"
EVT-0001969,C-007,A-0088,S-00298,,TGT-016,2026-07-15T15:46:00+00:00,login,search,account_layer,created,0.571,P10,"Mixed - One Credible, Ten Low Credibility"
EVT-0001970,C-007,A-0091,S-00305,CT-001294,TGT-014,2026-07-13T18:58:00+00:00,post,chat,account_layer,viewed,0.633,P04,"Mixed - One Credible, Ten Low Credibility"
EVT-0001971,C-007,A-0089,S-00301,CT-001295,TGT-018,2026-07-16T21:19:00+00:00,post,chat,moderation_queue,shared,0.499,,"Mixed - One Credible, Ten Low Credibility"
EVT-0001972,C-007,A-0088,S-00296,CT-001296,TGT-013,2026-07-17T01:35:00+00:00,post,account,chat,submitted,0.154,P10,"Mixed - One Credible, Ten Low Credibility"
EVT-0001973,C-007,A-0091,S-00304,CT-001297,TGT-013,2026-07-16T17:43:00+00:00,report,search,moderation_queue,viewed,0.508,P03,"Mixed - One Credible, Ten Low Credibility"
EVT-0001974,C-007,A-0090,S-00303,CT-001298,TGT-016,2026-07-15T13:48:00+00:00,report,system,account_layer,created,0.263,P10,"Mixed - One Credible, Ten Low Credibility"
EVT-0001975,C-007,A-0092,S-00308,CT-001299,TGT-013,2026-07-14T13:47:00+00:00,post,chat,chat,viewed,0.574,,"Mixed - One Credible, Ten Low Credibility"
EVT-0001976,C-007,A-0087,S-00294,,TGT-016,2026-07-17T07:02:00+00:00,login,chat,chat,shared,0.65,,"Mixed - One Credible, Ten Low Credibility"
EVT-0001977,C-007,A-0088,S-00296,CT-001300,TGT-019,2026-07-14T18:56:00+00:00,post,chat,chat,created,0.691,P07,"Mixed - One Credible, Ten Low Credibility"
EVT-0001978,C-007,A-0097,S-00327,,,2026-07-15T10:57:00+00:00,login,system,chat,submitted,0.646,,"Mixed - One Credible, Ten Low Credibility"
EVT-0001979,C-007,A-0087,S-00295,CT-001301,TGT-019,2026-07-15T16:35:00+00:00,post,system,chat,viewed,0.571,P03,"Mixed - One Credible, Ten Low Credibility"
EVT-0001980,C-007,A-0089,S-00299,,TGT-015,2026-07-16T17:31:00+00:00,login,reporting,moderation_queue,created,0.358,P10,"Mixed - One Credible, Ten Low Credibility"
EVT-0001981,C-008,A-0101,S-00339,,TGT-021,2026-07-18T05:30:00+00:00,login,chat,chat,shared,0.617,P06,True Positive - Coordinated Doxxing
EVT-0001982,C-008,A-0101,S-00341,CT-001302,TGT-021,2026-07-17T21:55:00+00:00,report,account,api,created,0.671,P09,True Positive - Coordinated Doxxing
EVT-0001983,C-008,A-0100,S-00338,CT-001303,TGT-021,2026-07-18T23:25:00+00:00,post,reporting,chat,submitted,0.73,,True Positive - Coordinated Doxxing
EVT-0001984,C-008,A-0101,S-00339,,,2026-07-18T02:05:00+00:00,profile_update,account,api,submitted,0.698,P08,True Positive - Coordinated Doxxing
EVT-0001985,C-008,A-0104,S-00352,CT-001304,TGT-021,2026-07-15T13:29:00+00:00,post,search,moderation_queue,viewed,0.619,P06,True Positive - Coordinated Doxxing
EVT-0001986,C-008,A-0105,S-00357,CT-001305,TGT-021,2026-07-15T16:46:00+00:00,post,chat,chat,created,0.811,P03,True Positive - Coordinated Doxxing
EVT-0001987,C-008,A-0106,S-00363,CT-001306,TGT-021,2026-07-17T10:14:00+00:00,post,account,chat,viewed,0.594,P08,True Positive - Coordinated Doxxing
EVT-0001988,C-008,A-0110,S-00377,CT-001307,TGT-021,2026-07-16T11:03:00+00:00,report,reporting,moderation_queue,updated,0.66,,True Positive - Coordinated Doxxing
EVT-0001989,C-008,A-0108,S-00368,,TGT-021,2026-07-16T13:12:00+00:00,login,chat,moderation_queue,updated,0.651,P03,True Positive - Coordinated Doxxing
EVT-0001990,C-008,A-0110,S-00377,CT-001308,TGT-021,2026-07-16T03:38:00+00:00,report,chat,account_layer,updated,0.712,P09,True Positive - Coordinated Doxxing
EVT-0001991,C-008,A-0109,S-00372,CT-001309,TGT-021,2026-07-17T09:05:00+00:00,post,account,account_layer,shared,0.749,P06,True Positive - Coordinated Doxxing
EVT-0001992,C-008,A-0099,S-00336,CT-001310,TGT-021,2026-07-18T21:46:00+00:00,post,reporting,chat,submitted,0.752,P06,True Positive - Coordinated Doxxing
EVT-0001993,C-008,A-0104,S-00355,,TGT-021,2026-07-18T23:53:00+00:00,login,reporting,moderation_queue,created,0.446,P06,True Positive - Coordinated Doxxing
EVT-0001994,C-008,A-0110,S-00376,,TGT-021,2026-07-19T03:25:00+00:00,search,search,account_layer,shared,0.582,P09,True Positive - Coordinated Doxxing
EVT-0001995,C-008,A-0111,S-00379,CT-001311,TGT-021,2026-07-16T20:55:00+00:00,post,reporting,account_layer,viewed,0.678,P06,True Positive - Coordinated Doxxing
EVT-0001996,C-008,A-0108,S-00369,,,2026-07-18T11:38:00+00:00,migration_signal,system,api,updated,0.607,,True Positive - Coordinated Doxxing
EVT-0001997,C-008,A-0109,S-00371,CT-001312,TGT-021,2026-07-17T10:26:00+00:00,post,chat,chat,submitted,0.79,P03,True Positive - Coordinated Doxxing
EVT-0001998,C-008,A-0106,S-00361,,,2026-07-15T22:43:00+00:00,migration_signal,chat,account_layer,shared,0.429,P06,True Positive - Coordinated Doxxing
EVT-0001999,C-008,A-0099,S-00334,CT-001313,TGT-021,2026-07-16T15:44:00+00:00,message,reporting,chat,submitted,0.741,P06,True Positive - Coordinated Doxxing
EVT-0002000,C-008,A-0103,S-00347,CT-001314,TGT-021,2026-07-18T23:45:00+00:00,post,chat,api,shared,0.663,P06,True Positive - Coordinated Doxxing
EVT-0002001,C-008,A-0111,S-00379,,TGT-021,2026-07-17T06:39:00+00:00,search,reporting,account_layer,shared,0.725,,True Positive - Coordinated Doxxing
EVT-0002002,C-008,A-0109,S-00375,CT-001315,TGT-021,2026-07-18T06:17:00+00:00,post,search,chat,shared,0.566,P08,True Positive - Coordinated Doxxing
EVT-0002003,C-008,A-0110,S-00376,,TGT-021,2026-07-18T02:46:00+00:00,login,chat,account_layer,updated,0.801,P08,True Positive - Coordinated Doxxing
EVT-0002004,C-008,A-0102,S-00345,CT-001316,TGT-021,2026-07-15T17:35:00+00:00,post,chat,account_layer,updated,0.575,P08,True Positive - Coordinated Doxxing
EVT-0002005,C-008,A-0105,S-00357,CT-001317,TGT-021,2026-07-16T17:14:00+00:00,report,account,account_layer,updated,0.796,,True Positive - Coordinated Doxxing
EVT-0002006,C-008,A-0102,S-00345,CT-001318,TGT-021,2026-07-16T07:38:00+00:00,post,search,moderation_queue,viewed,0.554,P08,True Positive - Coordinated Doxxing
EVT-0002007,C-008,A-0111,S-00381,CT-001319,TGT-021,2026-07-17T03:45:00+00:00,post,account,moderation_queue,shared,0.782,P09,True Positive - Coordinated Doxxing
EVT-0002008,C-008,A-0110,S-00376,CT-001320,TGT-021,2026-07-17T03:07:00+00:00,report,reporting,account_layer,submitted,0.538,P08,True Positive - Coordinated Doxxing
EVT-0002009,C-008,A-0103,S-00349,CT-001321,TGT-021,2026-07-16T17:56:00+00:00,post,system,account_layer,submitted,0.557,P08,True Positive - Coordinated Doxxing
EVT-0002010,C-008,A-0100,S-00337,CT-001322,TGT-021,2026-07-15T19:22:00+00:00,post,account,moderation_queue,viewed,0.496,P09,True Positive - Coordinated Doxxing
EVT-0002011,C-008,A-0100,S-00338,CT-001323,TGT-021,2026-07-15T08:14:00+00:00,post,system,api,created,0.49,P09,True Positive - Coordinated Doxxing
EVT-0002012,C-008,A-0109,S-00374,,TGT-021,2026-07-18T16:46:00+00:00,migration_signal,system,chat,updated,0.541,P06,True Positive - Coordinated Doxxing
EVT-0002013,C-008,A-0099,S-00336,CT-001324,TGT-021,2026-07-19T03:22:00+00:00,message,search,account_layer,created,0.537,P08,True Positive - Coordinated Doxxing
EVT-0002014,C-008,A-0108,S-00368,,TGT-021,2026-07-17T18:42:00+00:00,search,search,account_layer,submitted,0.528,P08,True Positive - Coordinated Doxxing
EVT-0002015,C-008,A-0111,S-00378,,TGT-021,2026-07-17T05:36:00+00:00,search,system,api,updated,0.731,P08,True Positive - Coordinated Doxxing
EVT-0002016,C-008,A-0106,S-00362,CT-001325,TGT-021,2026-07-15T14:52:00+00:00,post,chat,api,submitted,0.838,P09,True Positive - Coordinated Doxxing
EVT-0002017,C-008,A-0098,S-00329,,,2026-07-18T10:17:00+00:00,login,chat,api,submitted,0.643,P03,True Positive - Coordinated Doxxing
EVT-0002018,C-008,A-0106,S-00363,,,2026-07-16T00:22:00+00:00,login,chat,api,viewed,0.575,P08,True Positive - Coordinated Doxxing
EVT-0002019,C-008,A-0099,S-00336,CT-001326,TGT-021,2026-07-16T00:14:00+00:00,report,account,moderation_queue,submitted,0.52,,True Positive - Coordinated Doxxing
EVT-0002020,C-008,A-0100,S-00337,CT-001327,TGT-021,2026-07-18T08:48:00+00:00,message,account,moderation_queue,submitted,0.807,P09,True Positive - Coordinated Doxxing
EVT-0002021,C-008,A-0107,S-00366,,,2026-07-18T02:32:00+00:00,migration_signal,system,moderation_queue,updated,0.443,P08,True Positive - Coordinated Doxxing
EVT-0002022,C-008,A-0101,S-00339,,,2026-07-15T09:11:00+00:00,migration_signal,chat,account_layer,submitted,0.466,,True Positive - Coordinated Doxxing
EVT-0002023,C-008,A-0108,S-00368,CT-001328,TGT-021,2026-07-15T15:11:00+00:00,message,reporting,account_layer,updated,0.814,,True Positive - Coordinated Doxxing
EVT-0002024,C-008,A-0104,S-00352,CT-001329,TGT-021,2026-07-19T08:40:00+00:00,post,account,chat,submitted,0.528,,True Positive - Coordinated Doxxing
EVT-0002025,C-008,A-0100,S-00337,CT-001330,TGT-021,2026-07-16T04:09:00+00:00,post,reporting,api,viewed,0.666,P06,True Positive - Coordinated Doxxing
EVT-0002026,C-008,A-0106,S-00360,,,2026-07-17T19:40:00+00:00,migration_signal,reporting,chat,created,0.755,P06,True Positive - Coordinated Doxxing
EVT-0002027,C-008,A-0104,S-00353,,TGT-021,2026-07-15T20:43:00+00:00,login,chat,account_layer,updated,0.708,P03,True Positive - Coordinated Doxxing
EVT-0002028,C-008,A-0098,S-00329,,,2026-07-17T05:09:00+00:00,login,system,moderation_queue,viewed,0.636,P08,True Positive - Coordinated Doxxing
EVT-0002029,C-008,A-0106,S-00362,CT-001331,TGT-021,2026-07-15T11:16:00+00:00,report,reporting,account_layer,shared,0.562,,True Positive - Coordinated Doxxing
EVT-0002030,C-008,A-0100,S-00338,CT-001332,TGT-021,2026-07-16T12:47:00+00:00,report,account,chat,viewed,0.669,P03,True Positive - Coordinated Doxxing
EVT-0002031,C-008,A-0111,S-00380,,TGT-021,2026-07-16T09:22:00+00:00,search,chat,moderation_queue,submitted,0.726,,True Positive - Coordinated Doxxing
EVT-0002032,C-008,A-0108,S-00368,,,2026-07-18T10:22:00+00:00,login,chat,api,updated,0.773,,True Positive - Coordinated Doxxing
EVT-0002033,C-008,A-0098,S-00330,CT-001333,TGT-021,2026-07-17T20:28:00+00:00,post,reporting,chat,updated,0.8,P06,True Positive - Coordinated Doxxing
EVT-0002034,C-008,A-0105,S-00357,CT-001334,TGT-021,2026-07-17T21:56:00+00:00,report,chat,moderation_queue,updated,0.643,,True Positive - Coordinated Doxxing
EVT-0002035,C-008,A-0108,S-00368,CT-001335,TGT-021,2026-07-18T07:05:00+00:00,post,account,moderation_queue,shared,0.597,,True Positive - Coordinated Doxxing
EVT-0002036,C-008,A-0106,S-00361,CT-001336,TGT-021,2026-07-15T17:25:00+00:00,post,system,account_layer,updated,0.837,P03,True Positive - Coordinated Doxxing
EVT-0002037,C-008,A-0109,S-00371,CT-001337,TGT-021,2026-07-15T10:14:00+00:00,message,search,moderation_queue,shared,0.532,,True Positive - Coordinated Doxxing
EVT-0002038,C-008,A-0103,S-00348,,,2026-07-17T01:58:00+00:00,migration_signal,search,chat,updated,0.685,P08,True Positive - Coordinated Doxxing
EVT-0002039,C-008,A-0098,S-00333,CT-001338,TGT-021,2026-07-18T15:45:00+00:00,message,account,api,viewed,0.521,P06,True Positive - Coordinated Doxxing
EVT-0002040,C-008,A-0111,S-00378,CT-001339,TGT-021,2026-07-18T09:46:00+00:00,message,reporting,api,updated,0.764,,True Positive - Coordinated Doxxing
EVT-0002041,C-008,A-0107,S-00365,,TGT-021,2026-07-16T21:34:00+00:00,profile_update,search,account_layer,shared,0.688,P08,True Positive - Coordinated Doxxing
EVT-0002042,C-008,A-0103,S-00351,CT-001340,TGT-021,2026-07-19T08:53:00+00:00,report,account,chat,updated,0.812,,True Positive - Coordinated Doxxing
EVT-0002043,C-008,A-0111,S-00379,CT-001341,TGT-021,2026-07-15T11:25:00+00:00,post,system,account_layer,shared,0.817,P09,True Positive - Coordinated Doxxing
EVT-0002044,C-008,A-0103,S-00348,CT-001342,TGT-021,2026-07-16T14:59:00+00:00,post,system,api,viewed,0.807,P06,True Positive - Coordinated Doxxing
EVT-0002045,C-008,A-0110,S-00376,CT-001343,TGT-021,2026-07-15T16:54:00+00:00,report,system,api,submitted,0.577,,True Positive - Coordinated Doxxing
EVT-0002046,C-008,A-0111,S-00380,,TGT-021,2026-07-15T17:47:00+00:00,search,account,account_layer,viewed,0.639,P06,True Positive - Coordinated Doxxing
EVT-0002047,C-008,A-0101,S-00341,CT-001344,TGT-021,2026-07-17T00:35:00+00:00,post,chat,api,updated,0.644,P08,True Positive - Coordinated Doxxing
EVT-0002048,C-008,A-0105,S-00357,,,2026-07-18T03:04:00+00:00,migration_signal,account,moderation_queue,viewed,0.726,,True Positive - Coordinated Doxxing
EVT-0002049,C-008,A-0106,S-00360,,TGT-021,2026-07-15T08:34:00+00:00,login,account,moderation_queue,submitted,0.491,,True Positive - Coordinated Doxxing
EVT-0002050,C-008,A-0107,S-00366,CT-001345,TGT-021,2026-07-17T15:19:00+00:00,post,search,account_layer,created,0.632,,True Positive - Coordinated Doxxing
EVT-0002051,C-008,A-0100,S-00338,CT-001346,TGT-021,2026-07-16T16:33:00+00:00,report,chat,chat,created,0.723,,True Positive - Coordinated Doxxing
EVT-0002052,C-008,A-0109,S-00375,CT-001347,TGT-021,2026-07-16T01:14:00+00:00,post,search,moderation_queue,submitted,0.51,P09,True Positive - Coordinated Doxxing
EVT-0002053,C-008,A-0110,S-00377,CT-001348,TGT-021,2026-07-16T18:24:00+00:00,post,system,moderation_queue,updated,0.737,,True Positive - Coordinated Doxxing
EVT-0002054,C-008,A-0099,S-00335,,TGT-021,2026-07-15T21:59:00+00:00,login,reporting,moderation_queue,updated,0.641,,True Positive - Coordinated Doxxing
EVT-0002055,C-008,A-0099,S-00334,CT-001349,TGT-021,2026-07-19T00:21:00+00:00,post,reporting,chat,created,0.525,P06,True Positive - Coordinated Doxxing
EVT-0002056,C-008,A-0104,S-00352,,,2026-07-16T18:17:00+00:00,login,system,api,shared,0.6,P06,True Positive - Coordinated Doxxing
EVT-0002057,C-008,A-0106,S-00363,CT-001350,TGT-021,2026-07-16T02:07:00+00:00,report,chat,moderation_queue,viewed,0.513,P08,True Positive - Coordinated Doxxing
EVT-0002058,C-008,A-0107,S-00364,,TGT-021,2026-07-17T00:37:00+00:00,migration_signal,chat,chat,updated,0.797,,True Positive - Coordinated Doxxing
EVT-0002059,C-008,A-0109,S-00373,CT-001351,TGT-021,2026-07-17T10:43:00+00:00,post,search,chat,shared,0.827,P03,True Positive - Coordinated Doxxing
EVT-0002060,C-008,A-0107,S-00366,CT-001352,TGT-021,2026-07-18T17:29:00+00:00,post,chat,account_layer,created,0.522,P03,True Positive - Coordinated Doxxing
EVT-0002061,C-008,A-0107,S-00364,CT-001353,TGT-021,2026-07-18T00:38:00+00:00,post,reporting,account_layer,viewed,0.721,P08,True Positive - Coordinated Doxxing
EVT-0002062,C-008,A-0111,S-00379,,TGT-021,2026-07-17T13:30:00+00:00,migration_signal,search,api,updated,0.717,,True Positive - Coordinated Doxxing
EVT-0002063,C-008,A-0102,S-00344,,TGT-021,2026-07-15T10:02:00+00:00,login,system,account_layer,viewed,0.775,P06,True Positive - Coordinated Doxxing
EVT-0002064,C-008,A-0111,S-00380,CT-001354,TGT-021,2026-07-17T17:46:00+00:00,post,chat,moderation_queue,updated,0.714,P03,True Positive - Coordinated Doxxing
EVT-0002065,C-008,A-0109,S-00375,,TGT-021,2026-07-18T14:07:00+00:00,migration_signal,account,moderation_queue,updated,0.724,P03,True Positive - Coordinated Doxxing
EVT-0002066,C-008,A-0105,S-00358,,,2026-07-17T12:11:00+00:00,login,system,moderation_queue,shared,0.495,P06,True Positive - Coordinated Doxxing
EVT-0002067,C-008,A-0111,S-00378,CT-001355,TGT-021,2026-07-16T19:20:00+00:00,report,reporting,moderation_queue,updated,0.797,,True Positive - Coordinated Doxxing
EVT-0002068,C-008,A-0099,S-00335,CT-001356,TGT-021,2026-07-19T04:34:00+00:00,report,chat,api,updated,0.809,P09,True Positive - Coordinated Doxxing
EVT-0002069,C-008,A-0098,S-00330,,,2026-07-15T13:19:00+00:00,migration_signal,chat,account_layer,created,0.769,P06,True Positive - Coordinated Doxxing
EVT-0002070,C-008,A-0109,S-00373,,,2026-07-15T16:52:00+00:00,login,reporting,account_layer,submitted,0.538,P06,True Positive - Coordinated Doxxing
EVT-0002071,C-008,A-0104,S-00355,CT-001357,TGT-021,2026-07-17T04:04:00+00:00,post,system,moderation_queue,shared,0.599,P08,True Positive - Coordinated Doxxing
EVT-0002072,C-008,A-0109,S-00374,CT-001358,TGT-021,2026-07-18T09:17:00+00:00,post,system,moderation_queue,shared,0.797,,True Positive - Coordinated Doxxing
EVT-0002073,C-008,A-0101,S-00339,,,2026-07-17T09:37:00+00:00,login,account,api,updated,0.605,,True Positive - Coordinated Doxxing
EVT-0002074,C-008,A-0103,S-00348,CT-001359,TGT-021,2026-07-18T14:36:00+00:00,report,chat,chat,submitted,0.774,P06,True Positive - Coordinated Doxxing
EVT-0002075,C-008,A-0107,S-00365,CT-001360,TGT-021,2026-07-19T07:22:00+00:00,post,search,moderation_queue,shared,0.82,P06,True Positive - Coordinated Doxxing
EVT-0002076,C-008,A-0101,S-00341,CT-001361,TGT-021,2026-07-17T06:48:00+00:00,post,reporting,chat,shared,0.845,,True Positive - Coordinated Doxxing
EVT-0002077,C-008,A-0107,S-00366,CT-001362,TGT-021,2026-07-16T13:21:00+00:00,post,account,account_layer,submitted,0.833,P09,True Positive - Coordinated Doxxing
EVT-0002078,C-008,A-0101,S-00339,,TGT-021,2026-07-15T11:25:00+00:00,search,search,account_layer,viewed,0.758,,True Positive - Coordinated Doxxing
EVT-0002079,C-008,A-0103,S-00347,CT-001363,TGT-021,2026-07-15T23:24:00+00:00,post,account,moderation_queue,submitted,0.586,P03,True Positive - Coordinated Doxxing
EVT-0002080,C-008,A-0105,S-00357,CT-001364,TGT-021,2026-07-17T02:07:00+00:00,post,chat,api,viewed,0.845,P08,True Positive - Coordinated Doxxing
EVT-0002081,C-008,A-0103,S-00350,CT-001365,TGT-021,2026-07-15T16:43:00+00:00,post,system,chat,viewed,0.824,P09,True Positive - Coordinated Doxxing
EVT-0002082,C-008,A-0098,S-00333,CT-001366,TGT-021,2026-07-18T05:26:00+00:00,report,chat,account_layer,shared,0.554,P03,True Positive - Coordinated Doxxing
EVT-0002083,C-008,A-0103,S-00348,CT-001367,TGT-021,2026-07-17T08:42:00+00:00,post,account,account_layer,shared,0.59,P06,True Positive - Coordinated Doxxing
EVT-0002084,C-008,A-0102,S-00345,CT-001368,TGT-021,2026-07-16T23:54:00+00:00,post,account,account_layer,updated,0.671,P03,True Positive - Coordinated Doxxing
EVT-0002085,C-008,A-0109,S-00375,,,2026-07-15T08:42:00+00:00,migration_signal,system,moderation_queue,updated,0.794,P09,True Positive - Coordinated Doxxing
EVT-0002086,C-008,A-0106,S-00360,CT-001369,TGT-021,2026-07-18T22:52:00+00:00,report,system,account_layer,shared,0.814,,True Positive - Coordinated Doxxing
EVT-0002087,C-008,A-0107,S-00365,,,2026-07-15T14:56:00+00:00,profile_update,search,chat,updated,0.732,P09,True Positive - Coordinated Doxxing
EVT-0002088,C-008,A-0110,S-00377,CT-001370,TGT-021,2026-07-18T15:23:00+00:00,post,chat,chat,updated,0.497,P08,True Positive - Coordinated Doxxing
EVT-0002089,C-008,A-0108,S-00370,CT-001371,TGT-021,2026-07-16T11:35:00+00:00,report,search,api,created,0.721,P09,True Positive - Coordinated Doxxing
EVT-0002090,C-008,A-0104,S-00353,,,2026-07-17T02:59:00+00:00,login,account,api,viewed,0.801,P06,True Positive - Coordinated Doxxing
EVT-0002091,C-008,A-0098,S-00329,CT-001372,TGT-021,2026-07-18T06:01:00+00:00,post,account,chat,updated,0.556,,True Positive - Coordinated Doxxing
EVT-0002092,C-008,A-0107,S-00366,CT-001373,TGT-021,2026-07-17T03:57:00+00:00,post,search,chat,shared,0.495,P06,True Positive - Coordinated Doxxing
EVT-0002093,C-008,A-0101,S-00340,CT-001374,TGT-021,2026-07-18T09:35:00+00:00,message,reporting,api,updated,0.546,P08,True Positive - Coordinated Doxxing
EVT-0002094,C-008,A-0100,S-00337,CT-001375,TGT-021,2026-07-15T23:59:00+00:00,report,reporting,moderation_queue,updated,0.606,,True Positive - Coordinated Doxxing
EVT-0002095,C-008,A-0104,S-00353,,TGT-021,2026-07-15T08:57:00+00:00,login,chat,chat,viewed,0.587,P06,True Positive - Coordinated Doxxing
EVT-0002096,C-008,A-0099,S-00334,CT-001376,TGT-021,2026-07-19T05:47:00+00:00,post,account,moderation_queue,shared,0.668,P03,True Positive - Coordinated Doxxing
EVT-0002097,C-008,A-0106,S-00363,,TGT-021,2026-07-17T13:29:00+00:00,search,search,chat,created,0.717,P03,True Positive - Coordinated Doxxing
EVT-0002098,C-008,A-0106,S-00363,CT-001377,TGT-021,2026-07-15T23:43:00+00:00,report,account,account_layer,shared,0.77,P08,True Positive - Coordinated Doxxing
EVT-0002099,C-008,A-0099,S-00335,CT-001378,TGT-021,2026-07-17T20:43:00+00:00,post,chat,api,shared,0.625,P03,True Positive - Coordinated Doxxing
EVT-0002100,C-008,A-0098,S-00332,CT-001379,TGT-021,2026-07-18T06:37:00+00:00,post,search,moderation_queue,submitted,0.637,P09,True Positive - Coordinated Doxxing
EVT-0002101,C-008,A-0098,S-00330,CT-001380,TGT-021,2026-07-18T10:53:00+00:00,message,chat,api,viewed,0.777,P09,True Positive - Coordinated Doxxing
EVT-0002102,C-008,A-0099,S-00336,,TGT-021,2026-07-18T01:07:00+00:00,migration_signal,system,account_layer,created,0.702,P03,True Positive - Coordinated Doxxing
EVT-0002103,C-008,A-0100,S-00338,CT-001381,TGT-021,2026-07-17T11:32:00+00:00,message,reporting,moderation_queue,shared,0.7,P03,True Positive - Coordinated Doxxing
EVT-0002104,C-008,A-0109,S-00375,CT-001382,TGT-021,2026-07-16T05:29:00+00:00,report,account,api,created,0.529,P08,True Positive - Coordinated Doxxing
EVT-0002105,C-008,A-0110,S-00377,CT-001383,TGT-021,2026-07-17T10:02:00+00:00,post,reporting,chat,created,0.493,P09,True Positive - Coordinated Doxxing
EVT-0002106,C-008,A-0101,S-00341,CT-001384,TGT-021,2026-07-15T16:49:00+00:00,message,chat,moderation_queue,created,0.609,,True Positive - Coordinated Doxxing
EVT-0002107,C-008,A-0102,S-00344,CT-001385,TGT-021,2026-07-16T11:34:00+00:00,post,account,api,submitted,0.64,P09,True Positive - Coordinated Doxxing
EVT-0002108,C-008,A-0105,S-00359,CT-001386,TGT-021,2026-07-15T14:32:00+00:00,message,account,moderation_queue,submitted,0.719,P06,True Positive - Coordinated Doxxing
EVT-0002109,C-008,A-0099,S-00336,,,2026-07-18T14:56:00+00:00,migration_signal,account,moderation_queue,viewed,0.753,P08,True Positive - Coordinated Doxxing
EVT-0002110,C-008,A-0106,S-00363,CT-001387,TGT-021,2026-07-18T19:09:00+00:00,post,account,account_layer,shared,0.82,P08,True Positive - Coordinated Doxxing
EVT-0002111,C-008,A-0099,S-00336,CT-001388,TGT-021,2026-07-18T01:19:00+00:00,message,system,chat,updated,0.724,P08,True Positive - Coordinated Doxxing
EVT-0002112,C-008,A-0100,S-00338,,TGT-021,2026-07-15T16:32:00+00:00,login,system,chat,updated,0.711,P08,True Positive - Coordinated Doxxing
EVT-0002113,C-008,A-0107,S-00364,CT-001389,TGT-021,2026-07-19T01:10:00+00:00,post,chat,moderation_queue,created,0.794,P09,True Positive - Coordinated Doxxing
EVT-0002114,C-008,A-0108,S-00370,CT-001390,TGT-021,2026-07-17T23:07:00+00:00,report,reporting,api,viewed,0.763,P09,True Positive - Coordinated Doxxing
EVT-0002115,C-008,A-0108,S-00367,CT-001391,TGT-021,2026-07-15T13:53:00+00:00,post,chat,account_layer,viewed,0.561,P06,True Positive - Coordinated Doxxing
EVT-0002116,C-008,A-0106,S-00360,,TGT-021,2026-07-17T07:16:00+00:00,login,account,chat,viewed,0.504,P09,True Positive - Coordinated Doxxing
EVT-0002117,C-008,A-0108,S-00369,CT-001392,TGT-021,2026-07-15T23:12:00+00:00,post,account,account_layer,submitted,0.729,,True Positive - Coordinated Doxxing
EVT-0002118,C-008,A-0110,S-00376,CT-001393,TGT-021,2026-07-19T04:39:00+00:00,post,reporting,account_layer,shared,0.836,P08,True Positive - Coordinated Doxxing
EVT-0002119,C-008,A-0098,S-00331,,,2026-07-16T07:18:00+00:00,profile_update,search,chat,submitted,0.626,,True Positive - Coordinated Doxxing
EVT-0002120,C-008,A-0110,S-00377,CT-001394,TGT-021,2026-07-15T12:38:00+00:00,post,reporting,account_layer,shared,0.594,,True Positive - Coordinated Doxxing
EVT-0002121,C-008,A-0109,S-00375,,,2026-07-18T10:20:00+00:00,migration_signal,system,moderation_queue,shared,0.568,P03,True Positive - Coordinated Doxxing
EVT-0002122,C-008,A-0105,S-00358,CT-001395,TGT-021,2026-07-17T13:37:00+00:00,message,search,chat,created,0.673,P09,True Positive - Coordinated Doxxing
EVT-0002123,C-008,A-0111,S-00379,,TGT-021,2026-07-17T03:23:00+00:00,login,reporting,moderation_queue,viewed,0.736,,True Positive - Coordinated Doxxing
EVT-0002124,C-008,A-0101,S-00339,,,2026-07-19T05:20:00+00:00,login,account,chat,shared,0.611,P06,True Positive - Coordinated Doxxing
EVT-0002125,C-008,A-0104,S-00356,CT-001396,TGT-021,2026-07-17T11:12:00+00:00,post,reporting,api,updated,0.631,,True Positive - Coordinated Doxxing
EVT-0002126,C-008,A-0102,S-00343,CT-001397,TGT-021,2026-07-18T04:10:00+00:00,post,account,moderation_queue,updated,0.725,P06,True Positive - Coordinated Doxxing
EVT-0002127,C-008,A-0101,S-00341,CT-001398,TGT-021,2026-07-16T02:24:00+00:00,post,chat,moderation_queue,submitted,0.848,P03,True Positive - Coordinated Doxxing
EVT-0002128,C-008,A-0099,S-00334,CT-001399,TGT-021,2026-07-15T09:59:00+00:00,post,reporting,api,created,0.557,P09,True Positive - Coordinated Doxxing
EVT-0002129,C-008,A-0108,S-00370,CT-001400,TGT-021,2026-07-17T13:40:00+00:00,post,account,api,viewed,0.538,P09,True Positive - Coordinated Doxxing
EVT-0002130,C-008,A-0098,S-00330,,TGT-021,2026-07-15T12:38:00+00:00,profile_update,search,api,submitted,0.75,P03,True Positive - Coordinated Doxxing
EVT-0002131,C-008,A-0105,S-00357,,TGT-021,2026-07-17T03:35:00+00:00,search,account,account_layer,viewed,0.696,P09,True Positive - Coordinated Doxxing
EVT-0002132,C-008,A-0107,S-00366,CT-001401,TGT-021,2026-07-15T13:43:00+00:00,post,system,account_layer,updated,0.669,P09,True Positive - Coordinated Doxxing
EVT-0002133,C-008,A-0106,S-00361,CT-001402,TGT-021,2026-07-19T06:05:00+00:00,report,reporting,moderation_queue,viewed,0.629,P08,True Positive - Coordinated Doxxing
EVT-0002134,C-008,A-0100,S-00337,CT-001403,TGT-021,2026-07-15T16:04:00+00:00,post,reporting,account_layer,created,0.587,,True Positive - Coordinated Doxxing
EVT-0002135,C-008,A-0107,S-00365,,TGT-021,2026-07-16T17:09:00+00:00,search,account,chat,updated,0.467,P06,True Positive - Coordinated Doxxing
EVT-0002136,C-008,A-0098,S-00329,,,2026-07-16T23:19:00+00:00,migration_signal,search,chat,created,0.428,P03,True Positive - Coordinated Doxxing
EVT-0002137,C-008,A-0108,S-00369,,TGT-021,2026-07-16T02:07:00+00:00,login,chat,moderation_queue,viewed,0.75,P08,True Positive - Coordinated Doxxing
EVT-0002138,C-008,A-0110,S-00377,CT-001404,TGT-021,2026-07-18T15:36:00+00:00,post,system,api,submitted,0.683,P09,True Positive - Coordinated Doxxing
EVT-0002139,C-008,A-0101,S-00340,,TGT-021,2026-07-18T00:27:00+00:00,migration_signal,reporting,chat,created,0.731,P08,True Positive - Coordinated Doxxing
EVT-0002140,C-008,A-0102,S-00342,CT-001405,TGT-021,2026-07-17T03:39:00+00:00,post,reporting,api,shared,0.778,P03,True Positive - Coordinated Doxxing
EVT-0002141,C-008,A-0099,S-00334,,,2026-07-17T15:06:00+00:00,login,chat,moderation_queue,viewed,0.699,,True Positive - Coordinated Doxxing
EVT-0002142,C-008,A-0100,S-00337,CT-001406,TGT-021,2026-07-18T08:24:00+00:00,post,chat,api,viewed,0.516,,True Positive - Coordinated Doxxing
EVT-0002143,C-008,A-0101,S-00339,CT-001407,TGT-021,2026-07-17T11:34:00+00:00,post,system,account_layer,viewed,0.526,P06,True Positive - Coordinated Doxxing
EVT-0002144,C-008,A-0100,S-00337,CT-001408,TGT-021,2026-07-17T08:36:00+00:00,post,account,chat,shared,0.747,,True Positive - Coordinated Doxxing
EVT-0002145,C-008,A-0111,S-00379,,TGT-021,2026-07-17T02:01:00+00:00,search,reporting,account_layer,viewed,0.696,P06,True Positive - Coordinated Doxxing
EVT-0002146,C-008,A-0101,S-00339,CT-001409,TGT-021,2026-07-17T21:34:00+00:00,post,reporting,moderation_queue,created,0.805,P03,True Positive - Coordinated Doxxing
EVT-0002147,C-008,A-0110,S-00377,,,2026-07-16T00:58:00+00:00,login,search,chat,viewed,0.744,P09,True Positive - Coordinated Doxxing
EVT-0002148,C-008,A-0099,S-00336,,TGT-021,2026-07-16T23:51:00+00:00,profile_update,search,chat,viewed,0.478,P03,True Positive - Coordinated Doxxing
EVT-0002149,C-008,A-0098,S-00333,CT-001410,TGT-021,2026-07-17T13:40:00+00:00,post,account,api,submitted,0.732,,True Positive - Coordinated Doxxing
EVT-0002150,C-008,A-0108,S-00368,,TGT-021,2026-07-18T18:00:00+00:00,login,reporting,account_layer,shared,0.493,,True Positive - Coordinated Doxxing
EVT-0002151,C-008,A-0106,S-00360,CT-001411,TGT-021,2026-07-17T14:20:00+00:00,message,chat,account_layer,created,0.705,,True Positive - Coordinated Doxxing
EVT-0002152,C-008,A-0099,S-00335,,,2026-07-16T12:43:00+00:00,migration_signal,account,account_layer,created,0.571,,True Positive - Coordinated Doxxing
EVT-0002153,C-008,A-0105,S-00359,,,2026-07-17T16:07:00+00:00,migration_signal,reporting,moderation_queue,viewed,0.431,,True Positive - Coordinated Doxxing
EVT-0002154,C-008,A-0108,S-00368,,,2026-07-16T18:40:00+00:00,login,chat,chat,created,0.765,P08,True Positive - Coordinated Doxxing
EVT-0002155,C-008,A-0109,S-00371,CT-001412,TGT-021,2026-07-17T17:05:00+00:00,report,search,moderation_queue,updated,0.56,P06,True Positive - Coordinated Doxxing
EVT-0002156,C-008,A-0098,S-00329,,,2026-07-17T04:39:00+00:00,login,system,chat,viewed,0.755,P03,True Positive - Coordinated Doxxing
EVT-0002157,C-008,A-0099,S-00335,,TGT-021,2026-07-17T06:43:00+00:00,login,system,api,submitted,0.748,,True Positive - Coordinated Doxxing
EVT-0002158,C-008,A-0107,S-00365,,TGT-021,2026-07-17T02:47:00+00:00,search,account,chat,submitted,0.492,,True Positive - Coordinated Doxxing
EVT-0002159,C-008,A-0102,S-00346,,,2026-07-16T04:37:00+00:00,profile_update,system,chat,created,0.464,,True Positive - Coordinated Doxxing
EVT-0002160,C-008,A-0111,S-00380,,,2026-07-17T06:32:00+00:00,migration_signal,system,account_layer,shared,0.794,P06,True Positive - Coordinated Doxxing
EVT-0002161,C-008,A-0101,S-00340,CT-001413,TGT-021,2026-07-15T21:05:00+00:00,message,chat,moderation_queue,updated,0.776,,True Positive - Coordinated Doxxing
EVT-0002162,C-008,A-0111,S-00379,CT-001414,TGT-021,2026-07-15T16:32:00+00:00,post,reporting,api,updated,0.706,P03,True Positive - Coordinated Doxxing
EVT-0002163,C-008,A-0099,S-00336,,,2026-07-15T20:52:00+00:00,login,reporting,chat,updated,0.495,P09,True Positive - Coordinated Doxxing
EVT-0002164,C-008,A-0100,S-00337,CT-001415,TGT-021,2026-07-18T21:14:00+00:00,post,system,account_layer,created,0.629,P09,True Positive - Coordinated Doxxing
EVT-0002165,C-008,A-0099,S-00334,CT-001416,TGT-021,2026-07-17T04:45:00+00:00,message,account,api,submitted,0.766,P08,True Positive - Coordinated Doxxing
EVT-0002166,C-008,A-0101,S-00339,CT-001417,TGT-021,2026-07-19T00:44:00+00:00,post,system,moderation_queue,submitted,0.784,P06,True Positive - Coordinated Doxxing
EVT-0002167,C-008,A-0103,S-00347,,,2026-07-18T13:41:00+00:00,migration_signal,account,chat,shared,0.725,P06,True Positive - Coordinated Doxxing
EVT-0002168,C-008,A-0101,S-00339,CT-001418,TGT-021,2026-07-16T08:58:00+00:00,post,reporting,account_layer,shared,0.505,P03,True Positive - Coordinated Doxxing
EVT-0002169,C-008,A-0100,S-00337,,TGT-021,2026-07-18T13:44:00+00:00,login,chat,api,created,0.426,,True Positive - Coordinated Doxxing
EVT-0002170,C-008,A-0104,S-00352,,TGT-021,2026-07-16T10:48:00+00:00,login,system,moderation_queue,updated,0.49,,True Positive - Coordinated Doxxing
EVT-0002171,C-008,A-0110,S-00377,,,2026-07-19T04:34:00+00:00,migration_signal,chat,chat,created,0.471,,True Positive - Coordinated Doxxing
EVT-0002172,C-008,A-0104,S-00353,CT-001419,TGT-021,2026-07-16T20:50:00+00:00,post,system,account_layer,created,0.795,P06,True Positive - Coordinated Doxxing
EVT-0002173,C-008,A-0107,S-00365,,,2026-07-15T08:14:00+00:00,login,search,account_layer,shared,0.564,P03,True Positive - Coordinated Doxxing
EVT-0002174,C-008,A-0109,S-00371,CT-001420,TGT-021,2026-07-17T19:13:00+00:00,message,system,api,viewed,0.775,,True Positive - Coordinated Doxxing
EVT-0002175,C-008,A-0105,S-00358,,,2026-07-17T16:38:00+00:00,login,reporting,moderation_queue,submitted,0.625,P08,True Positive - Coordinated Doxxing
EVT-0002176,C-008,A-0103,S-00347,,TGT-021,2026-07-17T05:56:00+00:00,search,system,account_layer,submitted,0.776,P03,True Positive - Coordinated Doxxing
EVT-0002177,C-008,A-0106,S-00363,CT-001421,TGT-021,2026-07-15T10:55:00+00:00,post,reporting,account_layer,viewed,0.7,P06,True Positive - Coordinated Doxxing
EVT-0002178,C-008,A-0103,S-00350,CT-001422,TGT-021,2026-07-18T13:50:00+00:00,report,account,moderation_queue,shared,0.531,P08,True Positive - Coordinated Doxxing
EVT-0002179,C-008,A-0108,S-00370,,TGT-021,2026-07-15T17:03:00+00:00,profile_update,search,chat,submitted,0.735,P08,True Positive - Coordinated Doxxing
EVT-0002180,C-008,A-0109,S-00375,CT-001423,TGT-021,2026-07-19T07:10:00+00:00,post,search,api,viewed,0.848,P06,True Positive - Coordinated Doxxing
EVT-0002181,C-008,A-0105,S-00357,,TGT-021,2026-07-18T11:20:00+00:00,search,reporting,moderation_queue,updated,0.631,P03,True Positive - Coordinated Doxxing
EVT-0002182,C-008,A-0107,S-00365,CT-001424,TGT-021,2026-07-16T21:46:00+00:00,report,account,account_layer,viewed,0.789,P09,True Positive - Coordinated Doxxing
EVT-0002183,C-008,A-0106,S-00360,,TGT-021,2026-07-17T22:16:00+00:00,login,chat,api,viewed,0.612,,True Positive - Coordinated Doxxing
EVT-0002184,C-008,A-0111,S-00378,CT-001425,TGT-021,2026-07-18T17:50:00+00:00,post,account,moderation_queue,shared,0.57,P03,True Positive - Coordinated Doxxing
EVT-0002185,C-008,A-0107,S-00364,,TGT-021,2026-07-15T10:36:00+00:00,migration_signal,system,account_layer,shared,0.791,,True Positive - Coordinated Doxxing
EVT-0002186,C-008,A-0099,S-00336,CT-001426,TGT-021,2026-07-17T17:15:00+00:00,post,chat,account_layer,created,0.682,P06,True Positive - Coordinated Doxxing
EVT-0002187,C-008,A-0105,S-00359,CT-001427,TGT-021,2026-07-18T15:19:00+00:00,post,search,account_layer,viewed,0.818,,True Positive - Coordinated Doxxing
EVT-0002188,C-008,A-0106,S-00362,CT-001428,TGT-021,2026-07-16T14:01:00+00:00,post,search,chat,created,0.764,,True Positive - Coordinated Doxxing
EVT-0002189,C-008,A-0102,S-00344,,,2026-07-17T05:49:00+00:00,migration_signal,chat,api,updated,0.793,P03,True Positive - Coordinated Doxxing
EVT-0002190,C-008,A-0101,S-00341,CT-001429,TGT-021,2026-07-16T17:38:00+00:00,message,chat,moderation_queue,updated,0.558,P09,True Positive - Coordinated Doxxing
EVT-0002191,C-008,A-0108,S-00370,CT-001430,TGT-021,2026-07-15T11:39:00+00:00,message,search,api,created,0.706,P09,True Positive - Coordinated Doxxing
EVT-0002192,C-008,A-0105,S-00359,CT-001431,TGT-021,2026-07-16T16:31:00+00:00,message,search,api,shared,0.844,P08,True Positive - Coordinated Doxxing
EVT-0002193,C-008,A-0106,S-00361,CT-001432,TGT-021,2026-07-18T05:45:00+00:00,message,search,account_layer,created,0.754,,True Positive - Coordinated Doxxing
EVT-0002194,C-008,A-0104,S-00354,CT-001433,TGT-021,2026-07-15T19:33:00+00:00,report,system,api,submitted,0.731,P06,True Positive - Coordinated Doxxing
EVT-0002195,C-008,A-0098,S-00333,CT-001434,TGT-021,2026-07-15T20:22:00+00:00,report,search,moderation_queue,updated,0.784,P06,True Positive - Coordinated Doxxing
EVT-0002196,C-008,A-0111,S-00378,,TGT-021,2026-07-17T23:24:00+00:00,login,chat,account_layer,viewed,0.727,P06,True Positive - Coordinated Doxxing
EVT-0002197,C-008,A-0107,S-00364,,TGT-021,2026-07-16T22:47:00+00:00,search,search,account_layer,viewed,0.671,P03,True Positive - Coordinated Doxxing
EVT-0002198,C-008,A-0110,S-00377,CT-001435,TGT-021,2026-07-18T04:57:00+00:00,post,chat,api,created,0.568,P08,True Positive - Coordinated Doxxing
EVT-0002199,C-008,A-0103,S-00348,,,2026-07-16T09:48:00+00:00,migration_signal,account,account_layer,viewed,0.609,,True Positive - Coordinated Doxxing
EVT-0002200,C-008,A-0106,S-00360,,TGT-021,2026-07-19T06:30:00+00:00,migration_signal,chat,account_layer,shared,0.61,P09,True Positive - Coordinated Doxxing
EVT-0002201,C-008,A-0105,S-00359,CT-001436,TGT-021,2026-07-18T13:48:00+00:00,post,reporting,account_layer,submitted,0.748,,True Positive - Coordinated Doxxing
EVT-0002202,C-008,A-0103,S-00350,,TGT-021,2026-07-18T12:29:00+00:00,login,chat,account_layer,viewed,0.734,P06,True Positive - Coordinated Doxxing
EVT-0002203,C-008,A-0105,S-00358,,TGT-021,2026-07-18T12:40:00+00:00,login,account,chat,viewed,0.738,P06,True Positive - Coordinated Doxxing
EVT-0002204,C-008,A-0102,S-00345,CT-001437,TGT-021,2026-07-18T10:34:00+00:00,post,system,moderation_queue,viewed,0.642,P08,True Positive - Coordinated Doxxing
EVT-0002205,C-008,A-0104,S-00352,CT-001438,TGT-021,2026-07-18T09:09:00+00:00,post,chat,api,created,0.645,,True Positive - Coordinated Doxxing
EVT-0002206,C-008,A-0107,S-00364,CT-001439,TGT-021,2026-07-16T22:55:00+00:00,message,search,moderation_queue,submitted,0.708,P09,True Positive - Coordinated Doxxing
EVT-0002207,C-008,A-0099,S-00335,CT-001440,TGT-021,2026-07-17T09:40:00+00:00,post,account,account_layer,viewed,0.72,,True Positive - Coordinated Doxxing
EVT-0002208,C-008,A-0107,S-00364,CT-001441,TGT-021,2026-07-17T03:57:00+00:00,message,chat,moderation_queue,submitted,0.706,,True Positive - Coordinated Doxxing
EVT-0002209,C-008,A-0104,S-00355,CT-001442,TGT-021,2026-07-18T21:05:00+00:00,message,search,moderation_queue,shared,0.719,,True Positive - Coordinated Doxxing
EVT-0002210,C-008,A-0100,S-00337,CT-001443,TGT-021,2026-07-16T06:10:00+00:00,message,chat,moderation_queue,submitted,0.688,,True Positive - Coordinated Doxxing
EVT-0002211,C-008,A-0099,S-00334,CT-001444,TGT-021,2026-07-16T16:53:00+00:00,message,system,chat,viewed,0.76,P08,True Positive - Coordinated Doxxing
EVT-0002212,C-008,A-0103,S-00351,CT-001445,TGT-021,2026-07-19T06:46:00+00:00,post,system,chat,shared,0.501,P08,True Positive - Coordinated Doxxing
EVT-0002213,C-008,A-0105,S-00357,,TGT-021,2026-07-15T19:47:00+00:00,search,system,chat,submitted,0.445,P09,True Positive - Coordinated Doxxing
EVT-0002214,C-008,A-0106,S-00362,,,2026-07-19T01:27:00+00:00,login,chat,api,shared,0.551,P09,True Positive - Coordinated Doxxing
EVT-0002215,C-008,A-0100,S-00338,,TGT-021,2026-07-17T02:33:00+00:00,login,chat,moderation_queue,shared,0.543,,True Positive - Coordinated Doxxing
EVT-0002216,C-008,A-0098,S-00330,CT-001446,TGT-021,2026-07-16T00:26:00+00:00,post,system,api,submitted,0.645,,True Positive - Coordinated Doxxing
EVT-0002217,C-008,A-0101,S-00339,CT-001447,TGT-021,2026-07-18T02:21:00+00:00,post,chat,chat,shared,0.639,P08,True Positive - Coordinated Doxxing
EVT-0002218,C-008,A-0099,S-00334,CT-001448,TGT-021,2026-07-18T11:09:00+00:00,post,reporting,api,viewed,0.66,,True Positive - Coordinated Doxxing
EVT-0002219,C-008,A-0102,S-00343,CT-001449,TGT-021,2026-07-17T05:39:00+00:00,post,reporting,chat,updated,0.762,P03,True Positive - Coordinated Doxxing
EVT-0002220,C-008,A-0111,S-00381,CT-001450,TGT-021,2026-07-16T02:21:00+00:00,post,system,chat,created,0.538,,True Positive - Coordinated Doxxing
EVT-0002221,C-008,A-0104,S-00352,CT-001451,TGT-021,2026-07-16T06:42:00+00:00,post,chat,chat,created,0.503,P08,True Positive - Coordinated Doxxing
EVT-0002222,C-008,A-0102,S-00342,CT-001452,TGT-021,2026-07-16T18:38:00+00:00,report,system,account_layer,shared,0.583,,True Positive - Coordinated Doxxing
EVT-0002223,C-008,A-0104,S-00354,CT-001453,TGT-021,2026-07-16T07:04:00+00:00,post,chat,api,submitted,0.608,P03,True Positive - Coordinated Doxxing
EVT-0002224,C-008,A-0100,S-00338,CT-001454,TGT-021,2026-07-15T08:44:00+00:00,message,account,api,viewed,0.848,P06,True Positive - Coordinated Doxxing
EVT-0002225,C-008,A-0104,S-00355,CT-001455,TGT-021,2026-07-16T13:51:00+00:00,report,chat,account_layer,viewed,0.843,,True Positive - Coordinated Doxxing
EVT-0002226,C-008,A-0110,S-00377,CT-001456,TGT-021,2026-07-16T20:24:00+00:00,report,search,account_layer,submitted,0.711,P09,True Positive - Coordinated Doxxing
EVT-0002227,C-008,A-0109,S-00371,CT-001457,TGT-021,2026-07-18T15:13:00+00:00,post,account,moderation_queue,created,0.637,,True Positive - Coordinated Doxxing
EVT-0002228,C-008,A-0108,S-00370,CT-001458,TGT-021,2026-07-17T19:45:00+00:00,post,account,moderation_queue,created,0.832,P08,True Positive - Coordinated Doxxing
EVT-0002229,C-008,A-0098,S-00333,CT-001459,TGT-021,2026-07-19T07:16:00+00:00,post,chat,api,updated,0.54,P06,True Positive - Coordinated Doxxing
EVT-0002230,C-008,A-0106,S-00362,,TGT-021,2026-07-17T02:04:00+00:00,login,account,moderation_queue,viewed,0.646,P09,True Positive - Coordinated Doxxing
EVT-0002231,C-008,A-0107,S-00365,CT-001460,TGT-021,2026-07-18T06:43:00+00:00,post,search,account_layer,viewed,0.623,P09,True Positive - Coordinated Doxxing
EVT-0002232,C-008,A-0111,S-00381,CT-001461,TGT-021,2026-07-18T16:12:00+00:00,post,system,moderation_queue,created,0.698,P08,True Positive - Coordinated Doxxing
EVT-0002233,C-008,A-0106,S-00361,CT-001462,TGT-021,2026-07-17T18:36:00+00:00,post,reporting,account_layer,shared,0.751,P06,True Positive - Coordinated Doxxing
EVT-0002234,C-008,A-0103,S-00348,CT-001463,TGT-021,2026-07-17T17:18:00+00:00,report,system,api,viewed,0.652,,True Positive - Coordinated Doxxing
EVT-0002235,C-008,A-0106,S-00363,CT-001464,TGT-021,2026-07-17T01:12:00+00:00,post,chat,moderation_queue,shared,0.67,P06,True Positive - Coordinated Doxxing
EVT-0002236,C-008,A-0111,S-00381,,TGT-021,2026-07-16T13:58:00+00:00,migration_signal,search,moderation_queue,updated,0.465,,True Positive - Coordinated Doxxing
EVT-0002237,C-008,A-0104,S-00352,,,2026-07-16T07:02:00+00:00,login,account,api,created,0.741,P06,True Positive - Coordinated Doxxing
EVT-0002238,C-008,A-0110,S-00377,CT-001465,TGT-021,2026-07-17T23:59:00+00:00,message,search,chat,shared,0.829,P09,True Positive - Coordinated Doxxing
EVT-0002239,C-008,A-0108,S-00369,,TGT-021,2026-07-17T18:54:00+00:00,search,account,account_layer,updated,0.633,P06,True Positive - Coordinated Doxxing
EVT-0002240,C-008,A-0107,S-00365,,,2026-07-17T18:08:00+00:00,login,chat,chat,viewed,0.645,P03,True Positive - Coordinated Doxxing
EVT-0002241,C-008,A-0105,S-00357,,TGT-021,2026-07-16T21:37:00+00:00,migration_signal,search,moderation_queue,submitted,0.692,,True Positive - Coordinated Doxxing
EVT-0002242,C-008,A-0104,S-00356,CT-001466,TGT-021,2026-07-18T04:03:00+00:00,post,account,moderation_queue,updated,0.84,,True Positive - Coordinated Doxxing
EVT-0002243,C-008,A-0108,S-00368,CT-001467,TGT-021,2026-07-16T16:44:00+00:00,post,search,chat,viewed,0.846,P09,True Positive - Coordinated Doxxing
EVT-0002244,C-008,A-0105,S-00357,CT-001468,TGT-021,2026-07-16T23:10:00+00:00,post,chat,moderation_queue,created,0.694,P08,True Positive - Coordinated Doxxing
EVT-0002245,C-008,A-0111,S-00380,CT-001469,TGT-021,2026-07-17T11:08:00+00:00,post,search,api,shared,0.492,P03,True Positive - Coordinated Doxxing
EVT-0002246,C-008,A-0107,S-00364,,TGT-021,2026-07-17T10:07:00+00:00,login,chat,chat,created,0.506,P03,True Positive - Coordinated Doxxing
EVT-0002247,C-008,A-0106,S-00360,,TGT-021,2026-07-17T14:26:00+00:00,profile_update,search,moderation_queue,submitted,0.611,P08,True Positive - Coordinated Doxxing
EVT-0002248,C-008,A-0110,S-00377,CT-001470,TGT-021,2026-07-16T15:21:00+00:00,post,chat,chat,submitted,0.639,P06,True Positive - Coordinated Doxxing
EVT-0002249,C-008,A-0101,S-00339,,TGT-021,2026-07-16T18:17:00+00:00,search,reporting,account_layer,created,0.797,,True Positive - Coordinated Doxxing
EVT-0002250,C-008,A-0109,S-00371,,TGT-021,2026-07-17T18:07:00+00:00,login,search,account_layer,updated,0.7,P03,True Positive - Coordinated Doxxing
EVT-0002251,C-008,A-0098,S-00333,,,2026-07-17T18:22:00+00:00,profile_update,account,account_layer,shared,0.722,,True Positive - Coordinated Doxxing
EVT-0002252,C-008,A-0101,S-00341,,TGT-021,2026-07-19T01:42:00+00:00,search,system,moderation_queue,shared,0.756,P08,True Positive - Coordinated Doxxing
EVT-0002253,C-008,A-0111,S-00381,CT-001471,TGT-021,2026-07-16T22:05:00+00:00,post,search,moderation_queue,submitted,0.577,P06,True Positive - Coordinated Doxxing
EVT-0002254,C-008,A-0102,S-00342,,TGT-021,2026-07-16T17:56:00+00:00,login,reporting,chat,created,0.506,P06,True Positive - Coordinated Doxxing
EVT-0002255,C-008,A-0099,S-00334,CT-001472,TGT-021,2026-07-15T12:05:00+00:00,message,account,account_layer,viewed,0.671,P03,True Positive - Coordinated Doxxing
EVT-0002256,C-008,A-0106,S-00363,CT-001473,TGT-021,2026-07-19T05:12:00+00:00,post,system,moderation_queue,updated,0.564,P06,True Positive - Coordinated Doxxing
EVT-0002257,C-008,A-0098,S-00331,CT-001474,TGT-021,2026-07-17T04:48:00+00:00,post,search,api,updated,0.625,,True Positive - Coordinated Doxxing
EVT-0002258,C-008,A-0101,S-00340,CT-001475,TGT-021,2026-07-16T11:53:00+00:00,post,reporting,moderation_queue,updated,0.805,,True Positive - Coordinated Doxxing
EVT-0002259,C-008,A-0100,S-00338,,,2026-07-15T10:55:00+00:00,login,chat,account_layer,shared,0.543,P03,True Positive - Coordinated Doxxing
EVT-0002260,C-008,A-0108,S-00369,CT-001476,TGT-021,2026-07-17T01:57:00+00:00,post,system,moderation_queue,created,0.679,P06,True Positive - Coordinated Doxxing
EVT-0002261,C-009,A-0131,S-00442,CT-001477,TGT-024,2026-07-18T16:19:00+00:00,post,reporting,chat,updated,0.895,P06,True Positive - Coordinated Network
EVT-0002262,C-009,A-0119,S-00405,CT-001478,TGT-022,2026-07-17T13:33:00+00:00,message,reporting,account_layer,shared,0.684,,True Positive - Coordinated Network
EVT-0002263,C-009,A-0121,S-00410,CT-001479,TGT-022,2026-07-19T18:23:00+00:00,post,system,account_layer,submitted,0.671,P06,True Positive - Coordinated Network
EVT-0002264,C-009,A-0135,S-00457,CT-001480,TGT-022,2026-07-21T03:13:00+00:00,post,account,api,submitted,0.746,P12,True Positive - Coordinated Network
EVT-0002265,C-009,A-0123,S-00415,CT-001481,TGT-024,2026-07-20T14:56:00+00:00,post,account,api,shared,0.737,P08,True Positive - Coordinated Network
EVT-0002266,C-009,A-0134,S-00452,,TGT-025,2026-07-19T21:06:00+00:00,login,chat,api,updated,0.764,,True Positive - Coordinated Network
EVT-0002267,C-009,A-0125,S-00423,,,2026-07-18T22:10:00+00:00,login,system,chat,submitted,0.831,P06,True Positive - Coordinated Network
EVT-0002268,C-009,A-0135,S-00455,CT-001482,TGT-026,2026-07-21T04:26:00+00:00,post,system,chat,updated,0.61,P06,True Positive - Coordinated Network
EVT-0002269,C-009,A-0123,S-00415,,,2026-07-17T19:22:00+00:00,login,reporting,chat,updated,0.524,,True Positive - Coordinated Network
EVT-0002270,C-009,A-0132,S-00446,CT-001483,TGT-025,2026-07-19T15:38:00+00:00,post,account,moderation_queue,viewed,0.814,,True Positive - Coordinated Network
EVT-0002271,C-009,A-0138,S-00467,CT-001484,TGT-022,2026-07-20T09:26:00+00:00,post,chat,api,viewed,0.869,P06,True Positive - Coordinated Network
EVT-0002272,C-009,A-0114,S-00390,CT-001485,TGT-023,2026-07-17T20:32:00+00:00,message,search,api,created,0.571,P06,True Positive - Coordinated Network
EVT-0002273,C-009,A-0117,S-00398,CT-001486,TGT-022,2026-07-19T17:49:00+00:00,report,reporting,chat,submitted,0.83,,True Positive - Coordinated Network
EVT-0002274,C-009,A-0122,S-00411,CT-001487,TGT-024,2026-07-19T11:21:00+00:00,post,chat,api,shared,0.779,P04,True Positive - Coordinated Network
EVT-0002275,C-009,A-0131,S-00442,CT-001488,TGT-026,2026-07-18T15:29:00+00:00,message,search,account_layer,viewed,0.806,P12,True Positive - Coordinated Network
EVT-0002276,C-009,A-0133,S-00448,CT-001489,TGT-026,2026-07-19T07:46:00+00:00,post,chat,api,viewed,0.579,,True Positive - Coordinated Network
EVT-0002277,C-009,A-0115,S-00393,,TGT-024,2026-07-18T13:11:00+00:00,search,search,api,shared,0.668,P04,True Positive - Coordinated Network
EVT-0002278,C-009,A-0125,S-00424,CT-001490,TGT-022,2026-07-21T05:41:00+00:00,report,reporting,api,updated,0.607,P06,True Positive - Coordinated Network
EVT-0002279,C-009,A-0114,S-00391,CT-001491,TGT-022,2026-07-19T16:46:00+00:00,post,search,chat,updated,0.861,P01,True Positive - Coordinated Network
EVT-0002280,C-009,A-0136,S-00460,CT-001492,TGT-022,2026-07-19T21:15:00+00:00,post,reporting,account_layer,created,0.736,P03,True Positive - Coordinated Network
EVT-0002281,C-009,A-0121,S-00410,CT-001493,TGT-026,2026-07-19T17:20:00+00:00,message,chat,account_layer,updated,0.758,P04,True Positive - Coordinated Network
EVT-0002282,C-009,A-0133,S-00449,,,2026-07-19T12:54:00+00:00,login,account,chat,viewed,0.774,,True Positive - Coordinated Network
EVT-0002283,C-009,A-0115,S-00393,CT-001494,TGT-022,2026-07-20T00:16:00+00:00,post,account,api,shared,0.615,,True Positive - Coordinated Network
EVT-0002284,C-009,A-0119,S-00405,,,2026-07-20T23:36:00+00:00,login,reporting,account_layer,shared,0.645,,True Positive - Coordinated Network
EVT-0002285,C-009,A-0115,S-00392,,TGT-023,2026-07-18T18:45:00+00:00,login,account,chat,updated,0.753,P12,True Positive - Coordinated Network
EVT-0002286,C-009,A-0115,S-00392,CT-001495,TGT-022,2026-07-20T16:24:00+00:00,message,search,account_layer,shared,0.66,P01,True Positive - Coordinated Network
EVT-0002287,C-009,A-0135,S-00458,CT-001496,TGT-024,2026-07-17T09:28:00+00:00,post,search,api,submitted,0.756,P06,True Positive - Coordinated Network
EVT-0002288,C-009,A-0123,S-00416,,,2026-07-17T08:57:00+00:00,migration_signal,chat,moderation_queue,created,0.54,P04,True Positive - Coordinated Network
EVT-0002289,C-009,A-0120,S-00408,CT-001497,TGT-024,2026-07-19T07:47:00+00:00,post,reporting,chat,shared,0.559,P08,True Positive - Coordinated Network
EVT-0002290,C-009,A-0135,S-00456,CT-001498,TGT-025,2026-07-17T14:59:00+00:00,post,reporting,chat,submitted,0.619,P04,True Positive - Coordinated Network
EVT-0002291,C-009,A-0114,S-00391,CT-001499,TGT-023,2026-07-21T08:16:00+00:00,post,account,moderation_queue,created,0.73,P03,True Positive - Coordinated Network
EVT-0002292,C-009,A-0113,S-00388,CT-001500,TGT-025,2026-07-21T03:24:00+00:00,report,reporting,chat,viewed,0.847,P08,True Positive - Coordinated Network
EVT-0002293,C-009,A-0123,S-00415,,,2026-07-20T00:44:00+00:00,migration_signal,account,moderation_queue,viewed,0.787,P03,True Positive - Coordinated Network
EVT-0002294,C-009,A-0122,S-00411,CT-001501,TGT-026,2026-07-19T03:15:00+00:00,post,reporting,chat,created,0.886,P03,True Positive - Coordinated Network
EVT-0002295,C-009,A-0130,S-00438,,TGT-023,2026-07-21T07:28:00+00:00,login,search,chat,submitted,0.826,P04,True Positive - Coordinated Network
EVT-0002296,C-009,A-0128,S-00432,,TGT-024,2026-07-19T21:38:00+00:00,search,account,chat,shared,0.58,P04,True Positive - Coordinated Network
EVT-0002297,C-009,A-0134,S-00452,,TGT-023,2026-07-19T12:29:00+00:00,login,reporting,account_layer,created,0.807,P08,True Positive - Coordinated Network
EVT-0002298,C-009,A-0127,S-00429,,TGT-024,2026-07-20T00:11:00+00:00,migration_signal,chat,moderation_queue,updated,0.771,,True Positive - Coordinated Network
EVT-0002299,C-009,A-0112,S-00383,,TGT-022,2026-07-20T18:08:00+00:00,login,chat,api,submitted,0.636,P08,True Positive - Coordinated Network
EVT-0002300,C-009,A-0116,S-00395,CT-001502,TGT-025,2026-07-17T17:35:00+00:00,post,system,account_layer,shared,0.854,,True Positive - Coordinated Network
EVT-0002301,C-009,A-0136,S-00460,CT-001503,TGT-025,2026-07-17T18:46:00+00:00,message,reporting,moderation_queue,viewed,0.573,P03,True Positive - Coordinated Network
EVT-0002302,C-009,A-0130,S-00438,,TGT-025,2026-07-17T10:25:00+00:00,search,account,chat,submitted,0.785,P06,True Positive - Coordinated Network
EVT-0002303,C-009,A-0129,S-00435,,TGT-023,2026-07-18T04:52:00+00:00,search,chat,account_layer,shared,0.864,,True Positive - Coordinated Network
EVT-0002304,C-009,A-0121,S-00410,CT-001504,TGT-023,2026-07-17T08:32:00+00:00,report,chat,moderation_queue,created,0.581,,True Positive - Coordinated Network
EVT-0002305,C-009,A-0114,S-00390,,TGT-022,2026-07-17T18:26:00+00:00,search,account,account_layer,created,0.812,P08,True Positive - Coordinated Network
EVT-0002306,C-009,A-0138,S-00467,CT-001505,TGT-022,2026-07-19T01:23:00+00:00,report,search,api,shared,0.569,,True Positive - Coordinated Network
EVT-0002307,C-009,A-0123,S-00415,,,2026-07-17T14:58:00+00:00,login,search,moderation_queue,created,0.482,,True Positive - Coordinated Network
EVT-0002308,C-009,A-0113,S-00387,CT-001506,TGT-026,2026-07-19T05:54:00+00:00,message,account,moderation_queue,updated,0.568,,True Positive - Coordinated Network
EVT-0002309,C-009,A-0123,S-00415,CT-001507,TGT-022,2026-07-17T22:47:00+00:00,post,system,account_layer,submitted,0.816,,True Positive - Coordinated Network
EVT-0002310,C-009,A-0134,S-00451,CT-001508,TGT-025,2026-07-19T05:18:00+00:00,message,search,api,created,0.643,P08,True Positive - Coordinated Network
EVT-0002311,C-009,A-0128,S-00433,CT-001509,TGT-026,2026-07-20T04:20:00+00:00,post,system,chat,updated,0.564,P03,True Positive - Coordinated Network
EVT-0002312,C-009,A-0127,S-00430,,TGT-023,2026-07-20T17:07:00+00:00,migration_signal,search,api,shared,0.813,P06,True Positive - Coordinated Network
EVT-0002313,C-009,A-0115,S-00393,CT-001510,TGT-026,2026-07-19T01:26:00+00:00,post,chat,chat,shared,0.579,P03,True Positive - Coordinated Network
EVT-0002314,C-009,A-0133,S-00450,CT-001511,TGT-025,2026-07-20T05:43:00+00:00,message,search,account_layer,updated,0.638,,True Positive - Coordinated Network
EVT-0002315,C-009,A-0134,S-00453,,,2026-07-17T17:05:00+00:00,login,system,chat,shared,0.621,P04,True Positive - Coordinated Network
EVT-0002316,C-009,A-0124,S-00418,CT-001512,TGT-022,2026-07-19T05:06:00+00:00,post,reporting,api,submitted,0.603,,True Positive - Coordinated Network
EVT-0002317,C-009,A-0128,S-00433,CT-001513,TGT-022,2026-07-19T07:57:00+00:00,post,reporting,account_layer,submitted,0.571,P03,True Positive - Coordinated Network
EVT-0002318,C-009,A-0131,S-00443,CT-001514,TGT-026,2026-07-17T18:10:00+00:00,post,reporting,chat,submitted,0.685,P03,True Positive - Coordinated Network
EVT-0002319,C-009,A-0116,S-00395,CT-001515,TGT-024,2026-07-17T10:13:00+00:00,post,system,account_layer,created,0.705,P01,True Positive - Coordinated Network
EVT-0002320,C-009,A-0123,S-00414,CT-001516,TGT-023,2026-07-20T20:42:00+00:00,post,search,api,created,0.548,P08,True Positive - Coordinated Network
EVT-0002321,C-009,A-0134,S-00454,,TGT-026,2026-07-19T22:53:00+00:00,login,search,account_layer,viewed,0.482,P03,True Positive - Coordinated Network
EVT-0002322,C-009,A-0127,S-00429,,TGT-022,2026-07-20T17:34:00+00:00,login,reporting,moderation_queue,updated,0.494,,True Positive - Coordinated Network
EVT-0002323,C-009,A-0122,S-00412,,TGT-026,2026-07-19T04:27:00+00:00,search,search,account_layer,submitted,0.742,P01,True Positive - Coordinated Network
EVT-0002324,C-009,A-0127,S-00429,CT-001517,TGT-026,2026-07-17T12:06:00+00:00,post,search,account_layer,created,0.688,P01,True Positive - Coordinated Network
EVT-0002325,C-009,A-0116,S-00395,CT-001518,TGT-022,2026-07-21T02:32:00+00:00,post,chat,chat,submitted,0.817,P08,True Positive - Coordinated Network
EVT-0002326,C-009,A-0137,S-00461,CT-001519,TGT-023,2026-07-18T23:55:00+00:00,message,system,account_layer,updated,0.796,P03,True Positive - Coordinated Network
EVT-0002327,C-009,A-0118,S-00404,CT-001520,TGT-026,2026-07-20T19:22:00+00:00,post,chat,api,shared,0.59,P12,True Positive - Coordinated Network
EVT-0002328,C-009,A-0119,S-00406,,,2026-07-21T05:05:00+00:00,login,reporting,api,submitted,0.654,P12,True Positive - Coordinated Network
EVT-0002329,C-009,A-0126,S-00428,CT-001521,TGT-024,2026-07-21T08:54:00+00:00,post,search,moderation_queue,created,0.722,P12,True Positive - Coordinated Network
EVT-0002330,C-009,A-0124,S-00418,CT-001522,TGT-026,2026-07-21T07:51:00+00:00,message,system,api,updated,0.677,,True Positive - Coordinated Network
EVT-0002331,C-009,A-0126,S-00428,CT-001523,TGT-024,2026-07-21T04:51:00+00:00,post,chat,api,created,0.64,P03,True Positive - Coordinated Network
EVT-0002332,C-009,A-0119,S-00405,CT-001524,TGT-023,2026-07-19T00:38:00+00:00,post,system,moderation_queue,created,0.722,,True Positive - Coordinated Network
EVT-0002333,C-009,A-0129,S-00436,,TGT-026,2026-07-19T07:05:00+00:00,login,search,api,submitted,0.594,P06,True Positive - Coordinated Network
EVT-0002334,C-009,A-0117,S-00400,,TGT-023,2026-07-18T14:12:00+00:00,search,chat,chat,submitted,0.614,P04,True Positive - Coordinated Network
EVT-0002335,C-009,A-0138,S-00467,CT-001525,TGT-026,2026-07-20T05:48:00+00:00,message,account,api,updated,0.815,P03,True Positive - Coordinated Network
EVT-0002336,C-009,A-0129,S-00436,,TGT-025,2026-07-20T07:55:00+00:00,migration_signal,chat,api,shared,0.658,P06,True Positive - Coordinated Network
EVT-0002337,C-009,A-0135,S-00456,,TGT-023,2026-07-20T00:49:00+00:00,profile_update,system,api,created,0.827,P06,True Positive - Coordinated Network
EVT-0002338,C-009,A-0137,S-00463,CT-001526,TGT-022,2026-07-17T08:00:00+00:00,post,system,account_layer,updated,0.806,P04,True Positive - Coordinated Network
EVT-0002339,C-009,A-0136,S-00460,CT-001527,TGT-025,2026-07-20T01:47:00+00:00,post,chat,account_layer,created,0.675,P03,True Positive - Coordinated Network
EVT-0002340,C-009,A-0115,S-00393,CT-001528,TGT-023,2026-07-18T06:34:00+00:00,post,chat,api,created,0.624,P06,True Positive - Coordinated Network
EVT-0002341,C-009,A-0117,S-00398,CT-001529,TGT-024,2026-07-18T13:08:00+00:00,message,chat,chat,updated,0.745,P04,True Positive - Coordinated Network
EVT-0002342,C-009,A-0136,S-00459,CT-001530,TGT-022,2026-07-19T10:20:00+00:00,message,account,api,updated,0.887,P12,True Positive - Coordinated Network
EVT-0002343,C-009,A-0120,S-00407,CT-001531,TGT-025,2026-07-19T18:18:00+00:00,post,reporting,account_layer,viewed,0.666,P04,True Positive - Coordinated Network
EVT-0002344,C-009,A-0114,S-00391,CT-001532,TGT-026,2026-07-21T01:38:00+00:00,post,system,chat,submitted,0.692,P06,True Positive - Coordinated Network
EVT-0002345,C-009,A-0123,S-00414,CT-001533,TGT-026,2026-07-20T13:19:00+00:00,post,reporting,api,submitted,0.874,P06,True Positive - Coordinated Network
EVT-0002346,C-009,A-0133,S-00449,CT-001534,TGT-022,2026-07-19T22:37:00+00:00,report,account,account_layer,submitted,0.601,,True Positive - Coordinated Network
EVT-0002347,C-009,A-0128,S-00433,CT-001535,TGT-026,2026-07-20T01:05:00+00:00,report,chat,moderation_queue,viewed,0.815,,True Positive - Coordinated Network
EVT-0002348,C-009,A-0137,S-00464,,TGT-024,2026-07-19T09:26:00+00:00,migration_signal,system,moderation_queue,viewed,0.733,P08,True Positive - Coordinated Network
EVT-0002349,C-009,A-0135,S-00455,,TGT-024,2026-07-18T03:02:00+00:00,login,account,chat,viewed,0.634,,True Positive - Coordinated Network
EVT-0002350,C-009,A-0112,S-00383,CT-001536,TGT-026,2026-07-19T04:33:00+00:00,post,chat,moderation_queue,shared,0.694,P04,True Positive - Coordinated Network
EVT-0002351,C-009,A-0119,S-00406,,TGT-024,2026-07-19T22:24:00+00:00,search,reporting,account_layer,submitted,0.802,P08,True Positive - Coordinated Network
EVT-0002352,C-009,A-0136,S-00459,CT-001537,TGT-026,2026-07-19T10:04:00+00:00,post,reporting,chat,updated,0.645,P01,True Positive - Coordinated Network
EVT-0002353,C-009,A-0134,S-00452,,TGT-025,2026-07-18T14:26:00+00:00,profile_update,chat,chat,submitted,0.486,P12,True Positive - Coordinated Network
EVT-0002354,C-009,A-0122,S-00413,,TGT-026,2026-07-17T11:00:00+00:00,login,system,account_layer,created,0.87,P06,True Positive - Coordinated Network
EVT-0002355,C-009,A-0130,S-00439,CT-001538,TGT-026,2026-07-20T19:11:00+00:00,report,chat,moderation_queue,shared,0.867,P08,True Positive - Coordinated Network
EVT-0002356,C-009,A-0138,S-00467,CT-001539,TGT-022,2026-07-20T01:44:00+00:00,post,search,moderation_queue,shared,0.773,P12,True Positive - Coordinated Network
EVT-0002357,C-009,A-0117,S-00400,CT-001540,TGT-025,2026-07-18T19:30:00+00:00,message,system,moderation_queue,viewed,0.76,P01,True Positive - Coordinated Network
EVT-0002358,C-009,A-0129,S-00436,CT-001541,TGT-022,2026-07-19T04:04:00+00:00,post,search,chat,created,0.721,P12,True Positive - Coordinated Network
EVT-0002359,C-009,A-0127,S-00430,,TGT-022,2026-07-19T10:50:00+00:00,search,reporting,account_layer,updated,0.668,,True Positive - Coordinated Network
EVT-0002360,C-009,A-0138,S-00469,CT-001542,TGT-024,2026-07-17T08:20:00+00:00,post,chat,api,viewed,0.635,,True Positive - Coordinated Network
EVT-0002361,C-009,A-0119,S-00406,,TGT-026,2026-07-21T07:52:00+00:00,login,chat,chat,submitted,0.484,P08,True Positive - Coordinated Network
EVT-0002362,C-009,A-0128,S-00432,CT-001543,TGT-026,2026-07-18T12:43:00+00:00,post,reporting,chat,viewed,0.643,P01,True Positive - Coordinated Network
EVT-0002363,C-009,A-0137,S-00465,,TGT-024,2026-07-17T11:24:00+00:00,login,search,api,created,0.714,P01,True Positive - Coordinated Network
EVT-0002364,C-009,A-0134,S-00453,CT-001544,TGT-022,2026-07-20T06:18:00+00:00,post,reporting,account_layer,shared,0.565,P06,True Positive - Coordinated Network
EVT-0002365,C-009,A-0127,S-00429,CT-001545,TGT-024,2026-07-19T10:36:00+00:00,post,reporting,moderation_queue,updated,0.578,,True Positive - Coordinated Network
EVT-0002366,C-009,A-0128,S-00431,,TGT-024,2026-07-20T10:23:00+00:00,search,system,account_layer,created,0.525,P12,True Positive - Coordinated Network
EVT-0002367,C-009,A-0114,S-00391,CT-001546,TGT-026,2026-07-17T16:10:00+00:00,post,system,api,submitted,0.577,P01,True Positive - Coordinated Network
EVT-0002368,C-009,A-0123,S-00414,CT-001547,TGT-025,2026-07-17T20:41:00+00:00,message,search,api,submitted,0.772,P08,True Positive - Coordinated Network
EVT-0002369,C-009,A-0135,S-00456,CT-001548,TGT-022,2026-07-19T22:20:00+00:00,post,reporting,chat,created,0.832,P08,True Positive - Coordinated Network
EVT-0002370,C-009,A-0120,S-00407,,,2026-07-19T12:47:00+00:00,login,chat,moderation_queue,updated,0.752,P01,True Positive - Coordinated Network
EVT-0002371,C-009,A-0123,S-00414,CT-001549,TGT-024,2026-07-20T23:23:00+00:00,message,chat,chat,created,0.609,P08,True Positive - Coordinated Network
EVT-0002372,C-009,A-0126,S-00426,CT-001550,TGT-023,2026-07-20T09:32:00+00:00,message,system,chat,updated,0.585,P12,True Positive - Coordinated Network
EVT-0002373,C-009,A-0116,S-00394,,TGT-026,2026-07-17T13:00:00+00:00,login,chat,chat,updated,0.854,P12,True Positive - Coordinated Network
EVT-0002374,C-009,A-0134,S-00452,,,2026-07-19T12:13:00+00:00,login,system,account_layer,submitted,0.844,P01,True Positive - Coordinated Network
EVT-0002375,C-009,A-0124,S-00418,,TGT-023,2026-07-18T20:34:00+00:00,login,search,account_layer,created,0.483,,True Positive - Coordinated Network
EVT-0002376,C-009,A-0137,S-00465,CT-001551,TGT-024,2026-07-20T06:57:00+00:00,post,chat,moderation_queue,updated,0.769,,True Positive - Coordinated Network
EVT-0002377,C-009,A-0119,S-00406,,TGT-026,2026-07-18T18:50:00+00:00,profile_update,search,moderation_queue,updated,0.592,,True Positive - Coordinated Network
EVT-0002378,C-009,A-0115,S-00393,,,2026-07-19T07:01:00+00:00,login,chat,chat,shared,0.764,P08,True Positive - Coordinated Network
EVT-0002379,C-009,A-0127,S-00430,CT-001552,TGT-022,2026-07-20T23:03:00+00:00,post,search,account_layer,shared,0.822,P04,True Positive - Coordinated Network
EVT-0002380,C-009,A-0130,S-00438,CT-001553,TGT-023,2026-07-20T22:54:00+00:00,message,system,account_layer,viewed,0.644,,True Positive - Coordinated Network
EVT-0002381,C-009,A-0112,S-00384,CT-001554,TGT-025,2026-07-17T08:42:00+00:00,report,system,account_layer,created,0.887,P08,True Positive - Coordinated Network
EVT-0002382,C-009,A-0138,S-00469,CT-001555,TGT-023,2026-07-20T15:24:00+00:00,message,system,chat,submitted,0.632,P01,True Positive - Coordinated Network
EVT-0002383,C-009,A-0138,S-00467,,TGT-022,2026-07-20T05:34:00+00:00,migration_signal,reporting,moderation_queue,viewed,0.586,P01,True Positive - Coordinated Network
EVT-0002384,C-009,A-0126,S-00428,CT-001556,TGT-023,2026-07-19T00:45:00+00:00,message,system,moderation_queue,created,0.832,P08,True Positive - Coordinated Network
EVT-0002385,C-009,A-0116,S-00394,CT-001557,TGT-023,2026-07-19T16:41:00+00:00,post,account,moderation_queue,updated,0.838,P08,True Positive - Coordinated Network
EVT-0002386,C-009,A-0130,S-00438,CT-001558,TGT-025,2026-07-20T16:16:00+00:00,post,system,api,updated,0.771,P12,True Positive - Coordinated Network
EVT-0002387,C-009,A-0129,S-00435,CT-001559,TGT-023,2026-07-18T18:57:00+00:00,message,account,account_layer,viewed,0.6,P06,True Positive - Coordinated Network
EVT-0002388,C-009,A-0127,S-00430,CT-001560,TGT-024,2026-07-18T10:37:00+00:00,message,account,api,created,0.824,P06,True Positive - Coordinated Network
EVT-0002389,C-009,A-0114,S-00390,CT-001561,TGT-026,2026-07-19T21:38:00+00:00,post,reporting,api,updated,0.715,P03,True Positive - Coordinated Network
EVT-0002390,C-009,A-0126,S-00426,CT-001562,TGT-022,2026-07-19T05:35:00+00:00,post,account,moderation_queue,updated,0.785,P12,True Positive - Coordinated Network
EVT-0002391,C-009,A-0118,S-00403,CT-001563,TGT-024,2026-07-18T05:37:00+00:00,post,account,chat,created,0.837,P03,True Positive - Coordinated Network
EVT-0002392,C-009,A-0135,S-00455,,,2026-07-18T12:14:00+00:00,profile_update,system,moderation_queue,viewed,0.531,P03,True Positive - Coordinated Network
EVT-0002393,C-009,A-0130,S-00439,CT-001564,TGT-023,2026-07-20T05:58:00+00:00,post,account,moderation_queue,created,0.549,,True Positive - Coordinated Network
EVT-0002394,C-009,A-0136,S-00459,CT-001565,TGT-022,2026-07-18T11:23:00+00:00,post,reporting,account_layer,created,0.555,,True Positive - Coordinated Network
EVT-0002395,C-009,A-0116,S-00394,,,2026-07-20T19:22:00+00:00,profile_update,account,account_layer,updated,0.53,P04,True Positive - Coordinated Network
EVT-0002396,C-009,A-0138,S-00468,CT-001566,TGT-024,2026-07-18T08:39:00+00:00,post,search,account_layer,shared,0.875,,True Positive - Coordinated Network
EVT-0002397,C-009,A-0121,S-00409,CT-001567,TGT-026,2026-07-19T03:20:00+00:00,post,chat,moderation_queue,viewed,0.601,P01,True Positive - Coordinated Network
EVT-0002398,C-009,A-0136,S-00460,CT-001568,TGT-022,2026-07-17T11:57:00+00:00,post,reporting,api,created,0.764,,True Positive - Coordinated Network
EVT-0002399,C-009,A-0137,S-00461,,TGT-022,2026-07-19T03:47:00+00:00,search,chat,account_layer,updated,0.849,P08,True Positive - Coordinated Network
EVT-0002400,C-009,A-0126,S-00426,,TGT-025,2026-07-17T10:16:00+00:00,search,search,api,submitted,0.765,,True Positive - Coordinated Network
EVT-0002401,C-009,A-0116,S-00395,CT-001569,TGT-022,2026-07-19T16:25:00+00:00,post,system,chat,viewed,0.866,P01,True Positive - Coordinated Network
EVT-0002402,C-009,A-0124,S-00420,CT-001570,TGT-023,2026-07-21T02:51:00+00:00,message,reporting,chat,updated,0.808,P01,True Positive - Coordinated Network
EVT-0002403,C-009,A-0119,S-00406,CT-001571,TGT-023,2026-07-21T05:24:00+00:00,post,chat,moderation_queue,created,0.659,P03,True Positive - Coordinated Network
EVT-0002404,C-009,A-0128,S-00431,CT-001572,TGT-025,2026-07-18T09:23:00+00:00,post,reporting,moderation_queue,submitted,0.65,,True Positive - Coordinated Network
EVT-0002405,C-009,A-0124,S-00419,CT-001573,TGT-025,2026-07-17T17:20:00+00:00,post,chat,account_layer,shared,0.589,P12,True Positive - Coordinated Network
EVT-0002406,C-009,A-0113,S-00387,CT-001574,TGT-022,2026-07-18T04:13:00+00:00,post,chat,account_layer,submitted,0.553,P06,True Positive - Coordinated Network
EVT-0002407,C-009,A-0134,S-00452,CT-001575,TGT-024,2026-07-19T04:52:00+00:00,post,search,chat,submitted,0.741,P08,True Positive - Coordinated Network
EVT-0002408,C-009,A-0133,S-00449,,,2026-07-17T22:51:00+00:00,login,account,api,created,0.668,,True Positive - Coordinated Network
EVT-0002409,C-009,A-0117,S-00396,CT-001576,TGT-022,2026-07-18T00:32:00+00:00,post,chat,api,shared,0.669,,True Positive - Coordinated Network
EVT-0002410,C-009,A-0129,S-00437,CT-001577,TGT-024,2026-07-20T15:19:00+00:00,message,reporting,api,submitted,0.834,,True Positive - Coordinated Network
EVT-0002411,C-009,A-0133,S-00450,CT-001578,TGT-024,2026-07-20T20:05:00+00:00,post,search,account_layer,created,0.552,P01,True Positive - Coordinated Network
EVT-0002412,C-009,A-0134,S-00451,CT-001579,TGT-023,2026-07-19T02:19:00+00:00,post,reporting,chat,shared,0.628,P08,True Positive - Coordinated Network
EVT-0002413,C-009,A-0118,S-00402,CT-001580,TGT-024,2026-07-19T03:16:00+00:00,post,account,moderation_queue,updated,0.561,P12,True Positive - Coordinated Network
EVT-0002414,C-009,A-0120,S-00408,CT-001581,TGT-025,2026-07-18T14:18:00+00:00,message,system,account_layer,viewed,0.614,,True Positive - Coordinated Network
EVT-0002415,C-009,A-0115,S-00393,CT-001582,TGT-024,2026-07-19T09:59:00+00:00,post,chat,chat,created,0.614,,True Positive - Coordinated Network
EVT-0002416,C-009,A-0119,S-00405,CT-001583,TGT-024,2026-07-19T12:06:00+00:00,report,search,chat,shared,0.67,P06,True Positive - Coordinated Network
EVT-0002417,C-009,A-0135,S-00455,,TGT-026,2026-07-19T02:17:00+00:00,search,system,chat,viewed,0.588,,True Positive - Coordinated Network
EVT-0002418,C-009,A-0116,S-00395,,TGT-023,2026-07-20T21:55:00+00:00,search,system,chat,shared,0.627,P01,True Positive - Coordinated Network
EVT-0002419,C-009,A-0134,S-00451,CT-001584,TGT-026,2026-07-20T15:51:00+00:00,post,chat,account_layer,submitted,0.708,P12,True Positive - Coordinated Network
EVT-0002420,C-009,A-0137,S-00462,CT-001585,TGT-024,2026-07-20T19:49:00+00:00,post,reporting,account_layer,shared,0.569,,True Positive - Coordinated Network
EVT-0002421,C-009,A-0128,S-00434,,,2026-07-19T00:41:00+00:00,migration_signal,account,account_layer,shared,0.605,P01,True Positive - Coordinated Network
EVT-0002422,C-009,A-0124,S-00421,CT-001586,TGT-023,2026-07-20T15:15:00+00:00,post,reporting,account_layer,shared,0.573,P03,True Positive - Coordinated Network
EVT-0002423,C-009,A-0115,S-00392,CT-001587,TGT-026,2026-07-17T10:19:00+00:00,report,search,account_layer,viewed,0.792,P12,True Positive - Coordinated Network
EVT-0002424,C-009,A-0135,S-00455,CT-001588,TGT-025,2026-07-19T02:08:00+00:00,report,account,account_layer,updated,0.846,P06,True Positive - Coordinated Network
EVT-0002425,C-009,A-0137,S-00462,,,2026-07-20T01:57:00+00:00,login,chat,chat,updated,0.497,P01,True Positive - Coordinated Network
EVT-0002426,C-009,A-0122,S-00412,,,2026-07-18T19:52:00+00:00,login,chat,api,updated,0.755,,True Positive - Coordinated Network
EVT-0002427,C-009,A-0134,S-00452,CT-001589,TGT-024,2026-07-20T20:42:00+00:00,report,reporting,chat,updated,0.887,P04,True Positive - Coordinated Network
EVT-0002428,C-009,A-0126,S-00427,CT-001590,TGT-023,2026-07-17T16:38:00+00:00,post,chat,moderation_queue,viewed,0.834,P01,True Positive - Coordinated Network
EVT-0002429,C-009,A-0133,S-00449,CT-001591,TGT-024,2026-07-21T01:52:00+00:00,message,system,api,shared,0.612,P12,True Positive - Coordinated Network
EVT-0002430,C-009,A-0116,S-00395,,,2026-07-19T06:09:00+00:00,login,reporting,account_layer,shared,0.822,P03,True Positive - Coordinated Network
EVT-0002431,C-009,A-0138,S-00469,,,2026-07-20T14:19:00+00:00,login,reporting,api,shared,0.832,P03,True Positive - Coordinated Network
EVT-0002432,C-009,A-0121,S-00409,,,2026-07-19T09:46:00+00:00,migration_signal,search,account_layer,shared,0.824,,True Positive - Coordinated Network
EVT-0002433,C-009,A-0132,S-00447,,,2026-07-21T08:29:00+00:00,login,search,api,created,0.691,P01,True Positive - Coordinated Network
EVT-0002434,C-009,A-0136,S-00459,CT-001592,TGT-024,2026-07-20T05:37:00+00:00,post,system,moderation_queue,updated,0.884,P08,True Positive - Coordinated Network
EVT-0002435,C-009,A-0122,S-00412,CT-001593,TGT-024,2026-07-18T11:09:00+00:00,report,system,api,submitted,0.878,P04,True Positive - Coordinated Network
EVT-0002436,C-009,A-0138,S-00469,,,2026-07-20T21:46:00+00:00,migration_signal,system,account_layer,submitted,0.561,P06,True Positive - Coordinated Network
EVT-0002437,C-009,A-0133,S-00450,CT-001594,TGT-024,2026-07-20T21:27:00+00:00,message,chat,api,shared,0.567,P04,True Positive - Coordinated Network
EVT-0002438,C-009,A-0128,S-00432,CT-001595,TGT-025,2026-07-18T13:10:00+00:00,post,search,moderation_queue,submitted,0.546,P04,True Positive - Coordinated Network
EVT-0002439,C-009,A-0122,S-00413,CT-001596,TGT-025,2026-07-20T11:32:00+00:00,post,reporting,account_layer,submitted,0.558,P01,True Positive - Coordinated Network
EVT-0002440,C-009,A-0132,S-00447,,,2026-07-19T09:39:00+00:00,profile_update,search,account_layer,viewed,0.648,P06,True Positive - Coordinated Network
EVT-0002441,C-009,A-0122,S-00413,,TGT-025,2026-07-18T02:25:00+00:00,migration_signal,reporting,account_layer,created,0.786,P03,True Positive - Coordinated Network
EVT-0002442,C-009,A-0125,S-00423,CT-001597,TGT-025,2026-07-18T06:59:00+00:00,post,system,account_layer,created,0.551,P08,True Positive - Coordinated Network
EVT-0002443,C-009,A-0135,S-00457,CT-001598,TGT-024,2026-07-20T10:56:00+00:00,message,system,account_layer,shared,0.728,P12,True Positive - Coordinated Network
EVT-0002444,C-009,A-0133,S-00449,,TGT-023,2026-07-19T08:21:00+00:00,search,system,account_layer,submitted,0.503,P03,True Positive - Coordinated Network
EVT-0002445,C-009,A-0128,S-00432,,,2026-07-19T18:48:00+00:00,profile_update,system,account_layer,created,0.481,,True Positive - Coordinated Network
EVT-0002446,C-009,A-0125,S-00424,,TGT-025,2026-07-20T22:20:00+00:00,search,account,moderation_queue,shared,0.782,,True Positive - Coordinated Network
EVT-0002447,C-009,A-0119,S-00406,,TGT-024,2026-07-17T22:14:00+00:00,login,account,moderation_queue,viewed,0.553,P03,True Positive - Coordinated Network
EVT-0002448,C-009,A-0127,S-00430,,TGT-025,2026-07-18T07:17:00+00:00,profile_update,reporting,account_layer,viewed,0.489,P12,True Positive - Coordinated Network
EVT-0002449,C-009,A-0125,S-00422,CT-001599,TGT-025,2026-07-18T12:31:00+00:00,post,reporting,api,created,0.698,,True Positive - Coordinated Network
EVT-0002450,C-009,A-0115,S-00392,,,2026-07-17T15:36:00+00:00,login,chat,account_layer,submitted,0.79,P03,True Positive - Coordinated Network
EVT-0002451,C-009,A-0129,S-00437,CT-001600,TGT-022,2026-07-18T09:30:00+00:00,post,system,account_layer,shared,0.556,P03,True Positive - Coordinated Network
EVT-0002452,C-009,A-0112,S-00382,,,2026-07-19T17:28:00+00:00,login,chat,moderation_queue,submitted,0.786,P08,True Positive - Coordinated Network
EVT-0002453,C-009,A-0112,S-00384,CT-001601,TGT-026,2026-07-17T11:32:00+00:00,post,search,chat,submitted,0.632,P01,True Positive - Coordinated Network
EVT-0002454,C-009,A-0116,S-00395,,TGT-022,2026-07-18T09:08:00+00:00,search,system,chat,viewed,0.832,P04,True Positive - Coordinated Network
EVT-0002455,C-009,A-0117,S-00398,,TGT-026,2026-07-20T07:39:00+00:00,search,search,moderation_queue,viewed,0.698,P06,True Positive - Coordinated Network
EVT-0002456,C-009,A-0137,S-00465,,TGT-024,2026-07-19T05:21:00+00:00,search,reporting,moderation_queue,viewed,0.711,P04,True Positive - Coordinated Network
EVT-0002457,C-009,A-0124,S-00418,CT-001602,TGT-024,2026-07-21T04:25:00+00:00,post,search,account_layer,created,0.64,P12,True Positive - Coordinated Network
EVT-0002458,C-009,A-0125,S-00422,CT-001603,TGT-025,2026-07-21T01:00:00+00:00,report,account,moderation_queue,viewed,0.895,,True Positive - Coordinated Network
EVT-0002459,C-009,A-0131,S-00444,,TGT-024,2026-07-21T07:13:00+00:00,migration_signal,account,chat,updated,0.804,P01,True Positive - Coordinated Network
EVT-0002460,C-009,A-0119,S-00405,CT-001604,TGT-026,2026-07-17T18:21:00+00:00,post,chat,moderation_queue,updated,0.555,P03,True Positive - Coordinated Network
EVT-0002461,C-009,A-0117,S-00400,CT-001605,TGT-026,2026-07-19T22:25:00+00:00,message,account,account_layer,updated,0.621,P06,True Positive - Coordinated Network
EVT-0002462,C-009,A-0125,S-00423,CT-001606,TGT-026,2026-07-18T06:16:00+00:00,post,chat,chat,updated,0.882,P08,True Positive - Coordinated Network
EVT-0002463,C-009,A-0137,S-00465,CT-001607,TGT-024,2026-07-20T16:03:00+00:00,report,account,moderation_queue,created,0.895,P03,True Positive - Coordinated Network
EVT-0002464,C-009,A-0129,S-00437,,TGT-025,2026-07-18T14:14:00+00:00,search,system,api,updated,0.602,,True Positive - Coordinated Network
EVT-0002465,C-009,A-0132,S-00447,,,2026-07-19T00:51:00+00:00,login,chat,moderation_queue,shared,0.529,,True Positive - Coordinated Network
EVT-0002466,C-009,A-0129,S-00435,,TGT-025,2026-07-18T03:59:00+00:00,search,search,account_layer,created,0.562,P06,True Positive - Coordinated Network
EVT-0002467,C-009,A-0120,S-00407,,TGT-023,2026-07-19T19:16:00+00:00,migration_signal,system,api,submitted,0.809,P01,True Positive - Coordinated Network
EVT-0002468,C-009,A-0131,S-00445,,TGT-023,2026-07-20T05:41:00+00:00,login,reporting,api,updated,0.808,,True Positive - Coordinated Network
EVT-0002469,C-009,A-0136,S-00460,CT-001608,TGT-023,2026-07-17T21:08:00+00:00,message,account,chat,updated,0.745,P01,True Positive - Coordinated Network
EVT-0002470,C-009,A-0120,S-00407,CT-001609,TGT-023,2026-07-18T23:49:00+00:00,report,chat,chat,submitted,0.579,P04,True Positive - Coordinated Network
EVT-0002471,C-009,A-0115,S-00393,CT-001610,TGT-024,2026-07-17T18:30:00+00:00,post,account,account_layer,updated,0.689,P08,True Positive - Coordinated Network
EVT-0002472,C-009,A-0113,S-00389,CT-001611,TGT-023,2026-07-17T08:38:00+00:00,post,reporting,api,created,0.872,,True Positive - Coordinated Network
EVT-0002473,C-009,A-0115,S-00393,CT-001612,TGT-025,2026-07-18T20:07:00+00:00,post,account,chat,viewed,0.808,P06,True Positive - Coordinated Network
EVT-0002474,C-009,A-0122,S-00412,CT-001613,TGT-023,2026-07-17T13:50:00+00:00,post,chat,api,shared,0.789,P04,True Positive - Coordinated Network
EVT-0002475,C-009,A-0120,S-00408,CT-001614,TGT-025,2026-07-19T23:14:00+00:00,post,system,chat,created,0.606,,True Positive - Coordinated Network
EVT-0002476,C-009,A-0132,S-00446,CT-001615,TGT-025,2026-07-18T10:52:00+00:00,post,search,moderation_queue,updated,0.716,,True Positive - Coordinated Network
EVT-0002477,C-009,A-0134,S-00452,,,2026-07-17T12:10:00+00:00,login,search,api,created,0.515,P01,True Positive - Coordinated Network
EVT-0002478,C-009,A-0137,S-00465,CT-001616,TGT-024,2026-07-18T15:36:00+00:00,post,search,api,created,0.816,,True Positive - Coordinated Network
EVT-0002479,C-009,A-0114,S-00391,CT-001617,TGT-023,2026-07-17T13:38:00+00:00,post,chat,account_layer,viewed,0.864,P04,True Positive - Coordinated Network
EVT-0002480,C-009,A-0124,S-00418,,TGT-022,2026-07-17T19:40:00+00:00,profile_update,reporting,moderation_queue,created,0.725,P12,True Positive - Coordinated Network
EVT-0002481,C-009,A-0133,S-00448,CT-001618,TGT-024,2026-07-17T18:16:00+00:00,message,system,moderation_queue,created,0.835,,True Positive - Coordinated Network
EVT-0002482,C-009,A-0117,S-00399,CT-001619,TGT-024,2026-07-18T14:44:00+00:00,post,account,moderation_queue,shared,0.754,P03,True Positive - Coordinated Network
EVT-0002483,C-009,A-0135,S-00458,CT-001620,TGT-024,2026-07-17T21:54:00+00:00,message,system,moderation_queue,submitted,0.829,P06,True Positive - Coordinated Network
EVT-0002484,C-009,A-0125,S-00425,CT-001621,TGT-024,2026-07-17T16:53:00+00:00,post,search,account_layer,shared,0.6,P03,True Positive - Coordinated Network
EVT-0002485,C-009,A-0122,S-00413,,TGT-024,2026-07-18T08:09:00+00:00,profile_update,reporting,moderation_queue,viewed,0.577,P01,True Positive - Coordinated Network
EVT-0002486,C-009,A-0136,S-00460,,TGT-022,2026-07-19T04:41:00+00:00,search,chat,account_layer,updated,0.737,P12,True Positive - Coordinated Network
EVT-0002487,C-009,A-0113,S-00388,CT-001622,TGT-025,2026-07-20T13:54:00+00:00,post,account,chat,submitted,0.589,P03,True Positive - Coordinated Network
EVT-0002488,C-009,A-0122,S-00413,CT-001623,TGT-023,2026-07-18T05:34:00+00:00,post,account,moderation_queue,shared,0.804,P08,True Positive - Coordinated Network
EVT-0002489,C-009,A-0115,S-00393,CT-001624,TGT-022,2026-07-17T08:30:00+00:00,message,search,account_layer,created,0.76,P12,True Positive - Coordinated Network
EVT-0002490,C-009,A-0134,S-00453,CT-001625,TGT-022,2026-07-17T23:49:00+00:00,message,system,api,created,0.82,P08,True Positive - Coordinated Network
EVT-0002491,C-009,A-0128,S-00431,CT-001626,TGT-025,2026-07-19T07:47:00+00:00,post,reporting,api,submitted,0.594,,True Positive - Coordinated Network
EVT-0002492,C-009,A-0112,S-00383,,TGT-023,2026-07-18T06:48:00+00:00,migration_signal,account,moderation_queue,viewed,0.826,P03,True Positive - Coordinated Network
EVT-0002493,C-009,A-0119,S-00406,CT-001627,TGT-025,2026-07-19T10:50:00+00:00,post,system,chat,created,0.61,P12,True Positive - Coordinated Network
EVT-0002494,C-009,A-0136,S-00459,CT-001628,TGT-026,2026-07-19T18:25:00+00:00,report,chat,chat,viewed,0.717,,True Positive - Coordinated Network
EVT-0002495,C-009,A-0138,S-00468,CT-001629,TGT-025,2026-07-20T11:13:00+00:00,post,reporting,moderation_queue,submitted,0.546,P06,True Positive - Coordinated Network
EVT-0002496,C-009,A-0115,S-00392,CT-001630,TGT-026,2026-07-17T08:45:00+00:00,post,reporting,api,viewed,0.75,P06,True Positive - Coordinated Network
EVT-0002497,C-009,A-0113,S-00385,,TGT-025,2026-07-21T07:19:00+00:00,search,chat,moderation_queue,updated,0.526,,True Positive - Coordinated Network
EVT-0002498,C-009,A-0112,S-00382,CT-001631,TGT-022,2026-07-17T16:53:00+00:00,post,account,api,shared,0.658,P01,True Positive - Coordinated Network
EVT-0002499,C-009,A-0117,S-00396,CT-001632,TGT-026,2026-07-20T02:24:00+00:00,post,search,account_layer,created,0.785,P01,True Positive - Coordinated Network
EVT-0002500,C-009,A-0113,S-00389,,,2026-07-19T21:47:00+00:00,login,chat,api,viewed,0.734,P12,True Positive - Coordinated Network
EVT-0002501,C-009,A-0131,S-00443,CT-001633,TGT-026,2026-07-20T21:24:00+00:00,post,system,api,updated,0.714,,True Positive - Coordinated Network
EVT-0002502,C-009,A-0136,S-00459,CT-001634,TGT-026,2026-07-17T12:34:00+00:00,message,account,moderation_queue,submitted,0.694,P12,True Positive - Coordinated Network
EVT-0002503,C-009,A-0132,S-00446,CT-001635,TGT-022,2026-07-20T10:35:00+00:00,post,system,api,updated,0.787,P06,True Positive - Coordinated Network
EVT-0002504,C-009,A-0133,S-00450,CT-001636,TGT-023,2026-07-18T05:06:00+00:00,post,system,api,submitted,0.678,P12,True Positive - Coordinated Network
EVT-0002505,C-009,A-0117,S-00400,,TGT-024,2026-07-21T08:42:00+00:00,search,system,account_layer,viewed,0.852,P12,True Positive - Coordinated Network
EVT-0002506,C-009,A-0127,S-00429,CT-001637,TGT-023,2026-07-20T04:46:00+00:00,post,reporting,moderation_queue,created,0.806,P01,True Positive - Coordinated Network
EVT-0002507,C-009,A-0119,S-00406,CT-001638,TGT-025,2026-07-20T12:09:00+00:00,post,chat,moderation_queue,created,0.848,P01,True Positive - Coordinated Network
EVT-0002508,C-009,A-0126,S-00427,CT-001639,TGT-024,2026-07-20T10:49:00+00:00,message,chat,account_layer,shared,0.605,P01,True Positive - Coordinated Network
EVT-0002509,C-009,A-0115,S-00393,,TGT-023,2026-07-17T16:06:00+00:00,profile_update,account,api,shared,0.499,P01,True Positive - Coordinated Network
EVT-0002510,C-009,A-0128,S-00434,CT-001640,TGT-023,2026-07-21T05:52:00+00:00,post,reporting,api,created,0.863,,True Positive - Coordinated Network
EVT-0002511,C-009,A-0136,S-00459,,TGT-023,2026-07-21T06:37:00+00:00,search,account,account_layer,created,0.72,P06,True Positive - Coordinated Network
EVT-0002512,C-009,A-0113,S-00386,CT-001641,TGT-023,2026-07-19T09:47:00+00:00,post,search,api,viewed,0.646,P01,True Positive - Coordinated Network
EVT-0002513,C-009,A-0114,S-00390,,TGT-023,2026-07-20T22:46:00+00:00,login,system,account_layer,shared,0.473,,True Positive - Coordinated Network
EVT-0002514,C-009,A-0114,S-00390,CT-001642,TGT-023,2026-07-20T08:22:00+00:00,report,system,moderation_queue,shared,0.579,P04,True Positive - Coordinated Network
EVT-0002515,C-009,A-0114,S-00390,,TGT-024,2026-07-17T12:11:00+00:00,profile_update,system,account_layer,updated,0.624,P12,True Positive - Coordinated Network
EVT-0002516,C-009,A-0132,S-00446,CT-001643,TGT-025,2026-07-18T18:45:00+00:00,post,chat,account_layer,created,0.669,P03,True Positive - Coordinated Network
EVT-0002517,C-009,A-0114,S-00390,CT-001644,TGT-026,2026-07-19T15:37:00+00:00,post,reporting,account_layer,updated,0.599,,True Positive - Coordinated Network
EVT-0002518,C-009,A-0125,S-00423,CT-001645,TGT-023,2026-07-21T06:57:00+00:00,post,reporting,account_layer,created,0.731,P06,True Positive - Coordinated Network
EVT-0002519,C-009,A-0135,S-00456,,TGT-023,2026-07-19T07:49:00+00:00,search,reporting,api,shared,0.751,,True Positive - Coordinated Network
EVT-0002520,C-009,A-0115,S-00393,CT-001646,TGT-023,2026-07-21T00:58:00+00:00,post,reporting,chat,viewed,0.723,P08,True Positive - Coordinated Network
EVT-0002521,C-009,A-0129,S-00436,CT-001647,TGT-023,2026-07-19T09:39:00+00:00,post,search,api,viewed,0.7,P03,True Positive - Coordinated Network
EVT-0002522,C-009,A-0132,S-00447,CT-001648,TGT-026,2026-07-20T06:08:00+00:00,message,system,account_layer,updated,0.561,P06,True Positive - Coordinated Network
EVT-0002523,C-009,A-0129,S-00437,CT-001649,TGT-023,2026-07-17T23:52:00+00:00,post,reporting,api,shared,0.702,P08,True Positive - Coordinated Network
EVT-0002524,C-009,A-0123,S-00415,CT-001650,TGT-024,2026-07-19T01:40:00+00:00,report,chat,moderation_queue,viewed,0.671,P04,True Positive - Coordinated Network
EVT-0002525,C-009,A-0128,S-00434,CT-001651,TGT-025,2026-07-18T08:10:00+00:00,post,reporting,api,submitted,0.669,,True Positive - Coordinated Network
EVT-0002526,C-009,A-0128,S-00433,CT-001652,TGT-022,2026-07-19T22:04:00+00:00,post,search,moderation_queue,shared,0.868,P12,True Positive - Coordinated Network
EVT-0002527,C-009,A-0136,S-00460,,TGT-024,2026-07-19T21:33:00+00:00,search,chat,api,created,0.787,P06,True Positive - Coordinated Network
EVT-0002528,C-009,A-0125,S-00425,CT-001653,TGT-025,2026-07-19T01:36:00+00:00,report,chat,moderation_queue,updated,0.66,P12,True Positive - Coordinated Network
EVT-0002529,C-009,A-0136,S-00460,CT-001654,TGT-026,2026-07-20T12:51:00+00:00,post,account,api,shared,0.591,P03,True Positive - Coordinated Network
EVT-0002530,C-009,A-0121,S-00409,CT-001655,TGT-026,2026-07-20T05:18:00+00:00,message,reporting,account_layer,shared,0.675,P06,True Positive - Coordinated Network
EVT-0002531,C-009,A-0114,S-00391,,TGT-025,2026-07-18T12:07:00+00:00,search,search,chat,submitted,0.523,P12,True Positive - Coordinated Network
EVT-0002532,C-009,A-0130,S-00439,,,2026-07-20T00:27:00+00:00,profile_update,chat,api,submitted,0.818,P08,True Positive - Coordinated Network
EVT-0002533,C-009,A-0120,S-00408,CT-001656,TGT-024,2026-07-20T01:19:00+00:00,post,search,moderation_queue,created,0.823,,True Positive - Coordinated Network
EVT-0002534,C-009,A-0117,S-00400,CT-001657,TGT-022,2026-07-17T12:17:00+00:00,message,account,api,updated,0.735,P12,True Positive - Coordinated Network
EVT-0002535,C-009,A-0112,S-00382,CT-001658,TGT-024,2026-07-21T04:06:00+00:00,message,search,chat,viewed,0.779,,True Positive - Coordinated Network
EVT-0002536,C-009,A-0118,S-00402,CT-001659,TGT-026,2026-07-20T06:46:00+00:00,post,chat,account_layer,submitted,0.779,,True Positive - Coordinated Network
EVT-0002537,C-009,A-0135,S-00455,CT-001660,TGT-026,2026-07-17T14:25:00+00:00,message,account,chat,created,0.623,,True Positive - Coordinated Network
EVT-0002538,C-009,A-0132,S-00446,CT-001661,TGT-023,2026-07-18T16:43:00+00:00,message,chat,moderation_queue,created,0.816,P12,True Positive - Coordinated Network
EVT-0002539,C-009,A-0135,S-00456,CT-001662,TGT-025,2026-07-20T04:58:00+00:00,message,account,moderation_queue,shared,0.867,P01,True Positive - Coordinated Network
EVT-0002540,C-009,A-0116,S-00395,,,2026-07-18T11:07:00+00:00,migration_signal,system,chat,shared,0.763,P12,True Positive - Coordinated Network
EVT-0002541,C-009,A-0138,S-00468,CT-001663,TGT-023,2026-07-18T10:24:00+00:00,message,chat,api,updated,0.865,P06,True Positive - Coordinated Network
EVT-0002542,C-009,A-0126,S-00428,CT-001664,TGT-023,2026-07-18T21:47:00+00:00,post,account,chat,shared,0.627,P03,True Positive - Coordinated Network
EVT-0002543,C-009,A-0136,S-00459,CT-001665,TGT-026,2026-07-20T02:39:00+00:00,report,system,api,viewed,0.731,P06,True Positive - Coordinated Network
EVT-0002544,C-009,A-0120,S-00407,,,2026-07-20T14:55:00+00:00,migration_signal,system,api,created,0.81,P08,True Positive - Coordinated Network
EVT-0002545,C-009,A-0129,S-00435,,TGT-022,2026-07-19T08:08:00+00:00,search,reporting,moderation_queue,updated,0.491,P04,True Positive - Coordinated Network
EVT-0002546,C-009,A-0138,S-00468,CT-001666,TGT-026,2026-07-19T14:20:00+00:00,message,account,moderation_queue,updated,0.697,P12,True Positive - Coordinated Network
EVT-0002547,C-009,A-0124,S-00418,CT-001667,TGT-022,2026-07-17T09:31:00+00:00,post,chat,account_layer,submitted,0.587,,True Positive - Coordinated Network
EVT-0002548,C-009,A-0116,S-00394,,TGT-026,2026-07-21T07:14:00+00:00,search,chat,moderation_queue,viewed,0.723,,True Positive - Coordinated Network
EVT-0002549,C-009,A-0113,S-00387,,,2026-07-19T02:01:00+00:00,login,search,api,submitted,0.751,P03,True Positive - Coordinated Network
EVT-0002550,C-009,A-0116,S-00395,CT-001668,TGT-024,2026-07-21T08:46:00+00:00,post,system,chat,updated,0.875,,True Positive - Coordinated Network
EVT-0002551,C-009,A-0129,S-00436,CT-001669,TGT-024,2026-07-18T17:53:00+00:00,post,search,account_layer,created,0.798,,True Positive - Coordinated Network
EVT-0002552,C-009,A-0124,S-00418,CT-001670,TGT-025,2026-07-20T08:17:00+00:00,post,account,api,submitted,0.656,,True Positive - Coordinated Network
EVT-0002553,C-009,A-0116,S-00394,CT-001671,TGT-022,2026-07-19T19:21:00+00:00,post,account,account_layer,updated,0.701,P06,True Positive - Coordinated Network
EVT-0002554,C-009,A-0132,S-00447,CT-001672,TGT-026,2026-07-20T23:18:00+00:00,post,system,chat,updated,0.652,P12,True Positive - Coordinated Network
EVT-0002555,C-009,A-0125,S-00424,CT-001673,TGT-023,2026-07-17T11:44:00+00:00,post,account,chat,updated,0.651,,True Positive - Coordinated Network
EVT-0002556,C-009,A-0138,S-00469,,TGT-026,2026-07-18T12:07:00+00:00,login,account,moderation_queue,updated,0.536,,True Positive - Coordinated Network
EVT-0002557,C-009,A-0131,S-00442,CT-001674,TGT-022,2026-07-20T10:16:00+00:00,post,chat,api,shared,0.677,P08,True Positive - Coordinated Network
EVT-0002558,C-009,A-0117,S-00398,CT-001675,TGT-026,2026-07-17T21:41:00+00:00,post,search,api,updated,0.894,P06,True Positive - Coordinated Network
EVT-0002559,C-009,A-0137,S-00462,CT-001676,TGT-024,2026-07-21T08:57:00+00:00,message,chat,chat,submitted,0.82,P04,True Positive - Coordinated Network
EVT-0002560,C-009,A-0129,S-00436,,TGT-024,2026-07-18T06:20:00+00:00,login,account,moderation_queue,created,0.602,P01,True Positive - Coordinated Network
EVT-0002561,C-009,A-0137,S-00462,,,2026-07-19T04:11:00+00:00,login,chat,api,updated,0.617,P08,True Positive - Coordinated Network
EVT-0002562,C-009,A-0131,S-00445,CT-001677,TGT-022,2026-07-21T08:23:00+00:00,post,account,api,created,0.586,,True Positive - Coordinated Network
EVT-0002563,C-009,A-0116,S-00395,CT-001678,TGT-022,2026-07-18T19:45:00+00:00,message,system,account_layer,created,0.549,P01,True Positive - Coordinated Network
EVT-0002564,C-009,A-0137,S-00464,,,2026-07-20T16:37:00+00:00,login,reporting,api,shared,0.766,P12,True Positive - Coordinated Network
EVT-0002565,C-009,A-0124,S-00417,,TGT-024,2026-07-17T10:47:00+00:00,search,search,chat,submitted,0.825,P04,True Positive - Coordinated Network
EVT-0002566,C-009,A-0116,S-00395,,TGT-023,2026-07-17T15:24:00+00:00,profile_update,account,moderation_queue,created,0.773,P04,True Positive - Coordinated Network
EVT-0002567,C-009,A-0131,S-00441,CT-001679,TGT-026,2026-07-17T20:26:00+00:00,post,system,moderation_queue,shared,0.796,P08,True Positive - Coordinated Network
EVT-0002568,C-009,A-0113,S-00385,CT-001680,TGT-023,2026-07-21T00:20:00+00:00,post,system,api,viewed,0.675,P12,True Positive - Coordinated Network
EVT-0002569,C-009,A-0120,S-00408,CT-001681,TGT-023,2026-07-20T06:08:00+00:00,message,chat,api,created,0.637,P08,True Positive - Coordinated Network
EVT-0002570,C-009,A-0137,S-00464,CT-001682,TGT-024,2026-07-20T10:36:00+00:00,message,account,api,viewed,0.713,,True Positive - Coordinated Network
EVT-0002571,C-009,A-0136,S-00459,CT-001683,TGT-022,2026-07-20T13:16:00+00:00,message,chat,chat,shared,0.657,P06,True Positive - Coordinated Network
EVT-0002572,C-009,A-0131,S-00442,,TGT-025,2026-07-18T04:08:00+00:00,search,search,moderation_queue,updated,0.59,,True Positive - Coordinated Network
EVT-0002573,C-009,A-0136,S-00459,CT-001684,TGT-025,2026-07-19T21:47:00+00:00,post,search,account_layer,viewed,0.552,P01,True Positive - Coordinated Network
EVT-0002574,C-009,A-0119,S-00406,CT-001685,TGT-026,2026-07-19T04:36:00+00:00,message,search,moderation_queue,updated,0.636,,True Positive - Coordinated Network
EVT-0002575,C-009,A-0123,S-00415,CT-001686,TGT-026,2026-07-20T13:23:00+00:00,post,chat,account_layer,created,0.601,,True Positive - Coordinated Network
EVT-0002576,C-009,A-0117,S-00400,,,2026-07-20T04:23:00+00:00,login,reporting,account_layer,created,0.63,P06,True Positive - Coordinated Network
EVT-0002577,C-009,A-0118,S-00404,,,2026-07-21T06:37:00+00:00,migration_signal,search,api,submitted,0.558,P06,True Positive - Coordinated Network
EVT-0002578,C-009,A-0126,S-00426,CT-001687,TGT-024,2026-07-18T14:39:00+00:00,report,chat,account_layer,created,0.664,,True Positive - Coordinated Network
EVT-0002579,C-009,A-0120,S-00408,CT-001688,TGT-024,2026-07-17T22:00:00+00:00,post,system,chat,submitted,0.87,P04,True Positive - Coordinated Network
EVT-0002580,C-009,A-0120,S-00407,CT-001689,TGT-026,2026-07-19T16:19:00+00:00,message,account,chat,submitted,0.592,,True Positive - Coordinated Network
EVT-0002581,C-009,A-0113,S-00389,CT-001690,TGT-022,2026-07-21T07:03:00+00:00,message,account,account_layer,created,0.541,P04,True Positive - Coordinated Network
EVT-0002582,C-009,A-0130,S-00440,CT-001691,TGT-025,2026-07-21T03:48:00+00:00,report,reporting,api,created,0.779,P08,True Positive - Coordinated Network
EVT-0002583,C-009,A-0117,S-00399,,TGT-024,2026-07-20T18:51:00+00:00,profile_update,search,account_layer,submitted,0.747,P06,True Positive - Coordinated Network
EVT-0002584,C-009,A-0113,S-00386,CT-001692,TGT-022,2026-07-21T04:55:00+00:00,report,search,api,submitted,0.632,P06,True Positive - Coordinated Network
EVT-0002585,C-009,A-0135,S-00458,,TGT-026,2026-07-20T05:56:00+00:00,login,reporting,account_layer,viewed,0.804,,True Positive - Coordinated Network
EVT-0002586,C-009,A-0125,S-00423,,TGT-026,2026-07-20T03:53:00+00:00,login,account,api,created,0.575,,True Positive - Coordinated Network
EVT-0002587,C-009,A-0131,S-00441,CT-001693,TGT-024,2026-07-18T16:24:00+00:00,message,search,chat,submitted,0.781,P03,True Positive - Coordinated Network
EVT-0002588,C-009,A-0134,S-00453,CT-001694,TGT-026,2026-07-20T04:57:00+00:00,report,account,chat,updated,0.552,P08,True Positive - Coordinated Network
EVT-0002589,C-009,A-0127,S-00430,CT-001695,TGT-024,2026-07-18T19:12:00+00:00,post,reporting,account_layer,viewed,0.769,,True Positive - Coordinated Network
EVT-0002590,C-009,A-0131,S-00442,CT-001696,TGT-022,2026-07-19T09:19:00+00:00,message,chat,chat,created,0.564,P12,True Positive - Coordinated Network
EVT-0002591,C-009,A-0125,S-00423,CT-001697,TGT-022,2026-07-18T17:58:00+00:00,post,chat,account_layer,updated,0.798,P06,True Positive - Coordinated Network
EVT-0002592,C-009,A-0112,S-00383,,TGT-026,2026-07-17T11:40:00+00:00,profile_update,chat,account_layer,shared,0.68,P06,True Positive - Coordinated Network
EVT-0002593,C-009,A-0116,S-00394,,TGT-024,2026-07-20T03:25:00+00:00,search,reporting,account_layer,shared,0.868,P04,True Positive - Coordinated Network
EVT-0002594,C-009,A-0122,S-00412,CT-001698,TGT-022,2026-07-20T20:52:00+00:00,post,chat,account_layer,viewed,0.703,P03,True Positive - Coordinated Network
EVT-0002595,C-009,A-0134,S-00451,CT-001699,TGT-024,2026-07-19T16:48:00+00:00,post,search,moderation_queue,viewed,0.596,,True Positive - Coordinated Network
EVT-0002596,C-009,A-0122,S-00413,,,2026-07-19T12:13:00+00:00,login,reporting,account_layer,created,0.708,P12,True Positive - Coordinated Network
EVT-0002597,C-009,A-0115,S-00393,,,2026-07-20T23:15:00+00:00,login,search,chat,submitted,0.68,P03,True Positive - Coordinated Network
EVT-0002598,C-009,A-0113,S-00386,CT-001700,TGT-023,2026-07-19T16:25:00+00:00,message,search,chat,created,0.633,,True Positive - Coordinated Network
EVT-0002599,C-009,A-0119,S-00406,CT-001701,TGT-022,2026-07-19T22:12:00+00:00,post,search,account_layer,viewed,0.542,P04,True Positive - Coordinated Network
EVT-0002600,C-009,A-0127,S-00430,CT-001702,TGT-026,2026-07-21T05:02:00+00:00,post,system,chat,updated,0.587,,True Positive - Coordinated Network
EVT-0002601,C-009,A-0116,S-00395,CT-001703,TGT-024,2026-07-18T18:48:00+00:00,post,chat,account_layer,shared,0.732,P08,True Positive - Coordinated Network
EVT-0002602,C-009,A-0134,S-00451,CT-001704,TGT-025,2026-07-17T15:53:00+00:00,post,account,account_layer,viewed,0.867,P04,True Positive - Coordinated Network
EVT-0002603,C-009,A-0112,S-00383,CT-001705,TGT-023,2026-07-17T15:20:00+00:00,message,account,chat,created,0.807,P12,True Positive - Coordinated Network
EVT-0002604,C-009,A-0121,S-00409,,TGT-026,2026-07-20T19:36:00+00:00,search,reporting,account_layer,submitted,0.646,P04,True Positive - Coordinated Network
EVT-0002605,C-009,A-0113,S-00385,CT-001706,TGT-023,2026-07-21T02:43:00+00:00,message,account,account_layer,updated,0.617,,True Positive - Coordinated Network
EVT-0002606,C-009,A-0116,S-00395,,,2026-07-19T00:06:00+00:00,login,chat,moderation_queue,viewed,0.742,,True Positive - Coordinated Network
EVT-0002607,C-009,A-0124,S-00420,CT-001707,TGT-026,2026-07-20T10:52:00+00:00,post,search,moderation_queue,created,0.805,,True Positive - Coordinated Network
EVT-0002608,C-009,A-0127,S-00430,CT-001708,TGT-023,2026-07-21T08:06:00+00:00,post,account,moderation_queue,updated,0.583,P01,True Positive - Coordinated Network
EVT-0002609,C-009,A-0138,S-00467,CT-001709,TGT-023,2026-07-17T09:20:00+00:00,message,reporting,chat,submitted,0.667,P01,True Positive - Coordinated Network
EVT-0002610,C-009,A-0129,S-00437,CT-001710,TGT-023,2026-07-19T11:15:00+00:00,message,search,chat,viewed,0.664,P06,True Positive - Coordinated Network
EVT-0002611,C-009,A-0123,S-00414,CT-001711,TGT-023,2026-07-19T23:52:00+00:00,message,reporting,account_layer,shared,0.63,,True Positive - Coordinated Network
EVT-0002612,C-009,A-0138,S-00467,CT-001712,TGT-025,2026-07-17T13:37:00+00:00,post,account,api,updated,0.806,,True Positive - Coordinated Network
EVT-0002613,C-009,A-0120,S-00408,CT-001713,TGT-026,2026-07-20T17:36:00+00:00,post,search,api,shared,0.648,P08,True Positive - Coordinated Network
EVT-0002614,C-009,A-0115,S-00393,,TGT-023,2026-07-17T20:24:00+00:00,login,account,chat,updated,0.62,P12,True Positive - Coordinated Network
EVT-0002615,C-009,A-0114,S-00390,CT-001714,TGT-026,2026-07-19T04:49:00+00:00,post,search,account_layer,submitted,0.761,,True Positive - Coordinated Network
EVT-0002616,C-009,A-0133,S-00450,CT-001715,TGT-024,2026-07-18T17:49:00+00:00,post,chat,api,submitted,0.646,,True Positive - Coordinated Network
EVT-0002617,C-009,A-0117,S-00400,CT-001716,TGT-026,2026-07-20T23:49:00+00:00,post,chat,chat,viewed,0.646,,True Positive - Coordinated Network
EVT-0002618,C-009,A-0138,S-00469,,TGT-023,2026-07-20T07:56:00+00:00,search,chat,chat,shared,0.497,,True Positive - Coordinated Network
EVT-0002619,C-009,A-0131,S-00444,CT-001717,TGT-024,2026-07-18T04:46:00+00:00,post,system,moderation_queue,viewed,0.642,P06,True Positive - Coordinated Network
EVT-0002620,C-009,A-0124,S-00417,CT-001718,TGT-024,2026-07-21T07:57:00+00:00,post,reporting,api,shared,0.669,,True Positive - Coordinated Network
EVT-0002621,C-009,A-0133,S-00448,CT-001719,TGT-023,2026-07-20T05:44:00+00:00,message,account,api,shared,0.697,P01,True Positive - Coordinated Network
EVT-0002622,C-009,A-0133,S-00450,CT-001720,TGT-026,2026-07-20T02:54:00+00:00,post,chat,account_layer,shared,0.788,P03,True Positive - Coordinated Network
EVT-0002623,C-009,A-0127,S-00429,,,2026-07-19T19:20:00+00:00,login,search,chat,shared,0.608,P06,True Positive - Coordinated Network
EVT-0002624,C-009,A-0135,S-00455,,TGT-023,2026-07-18T16:39:00+00:00,login,search,api,shared,0.766,P04,True Positive - Coordinated Network
EVT-0002625,C-009,A-0130,S-00440,CT-001721,TGT-023,2026-07-19T18:59:00+00:00,message,chat,chat,submitted,0.754,P08,True Positive - Coordinated Network
EVT-0002626,C-009,A-0132,S-00446,CT-001722,TGT-024,2026-07-17T16:18:00+00:00,post,chat,api,created,0.873,P04,True Positive - Coordinated Network
EVT-0002627,C-009,A-0125,S-00422,,,2026-07-17T17:30:00+00:00,login,search,api,created,0.531,P04,True Positive - Coordinated Network
EVT-0002628,C-009,A-0136,S-00459,CT-001723,TGT-024,2026-07-20T23:43:00+00:00,post,system,account_layer,updated,0.759,,True Positive - Coordinated Network
EVT-0002629,C-009,A-0122,S-00411,CT-001724,TGT-026,2026-07-18T12:12:00+00:00,post,system,account_layer,submitted,0.672,,True Positive - Coordinated Network
EVT-0002630,C-009,A-0112,S-00383,CT-001725,TGT-022,2026-07-17T21:25:00+00:00,post,chat,account_layer,submitted,0.583,,True Positive - Coordinated Network
EVT-0002631,C-009,A-0136,S-00459,,TGT-025,2026-07-19T00:58:00+00:00,search,reporting,api,updated,0.716,P01,True Positive - Coordinated Network
EVT-0002632,C-009,A-0116,S-00394,CT-001726,TGT-024,2026-07-20T11:24:00+00:00,post,system,chat,viewed,0.784,P12,True Positive - Coordinated Network
EVT-0002633,C-009,A-0113,S-00386,CT-001727,TGT-024,2026-07-19T00:09:00+00:00,post,account,chat,created,0.577,P08,True Positive - Coordinated Network
EVT-0002634,C-009,A-0125,S-00422,CT-001728,TGT-023,2026-07-18T22:47:00+00:00,report,account,api,created,0.575,P04,True Positive - Coordinated Network
EVT-0002635,C-009,A-0136,S-00460,,TGT-023,2026-07-20T10:23:00+00:00,search,reporting,account_layer,updated,0.862,P01,True Positive - Coordinated Network
EVT-0002636,C-009,A-0130,S-00439,,,2026-07-18T12:33:00+00:00,login,system,api,updated,0.846,P06,True Positive - Coordinated Network
EVT-0002637,C-009,A-0123,S-00416,CT-001729,TGT-026,2026-07-18T06:59:00+00:00,post,chat,moderation_queue,viewed,0.864,P04,True Positive - Coordinated Network
EVT-0002638,C-009,A-0119,S-00405,CT-001730,TGT-025,2026-07-21T04:27:00+00:00,post,search,api,shared,0.64,P12,True Positive - Coordinated Network
EVT-0002639,C-009,A-0124,S-00419,,,2026-07-18T07:56:00+00:00,login,search,chat,updated,0.669,P06,True Positive - Coordinated Network
EVT-0002640,C-009,A-0113,S-00385,CT-001731,TGT-023,2026-07-19T14:35:00+00:00,post,chat,api,submitted,0.818,,True Positive - Coordinated Network
EVT-0002641,C-009,A-0126,S-00426,CT-001732,TGT-026,2026-07-21T03:20:00+00:00,report,search,moderation_queue,submitted,0.867,P08,True Positive - Coordinated Network
EVT-0002642,C-009,A-0132,S-00447,CT-001733,TGT-025,2026-07-21T01:54:00+00:00,message,account,moderation_queue,viewed,0.617,,True Positive - Coordinated Network
EVT-0002643,C-009,A-0138,S-00467,CT-001734,TGT-025,2026-07-20T04:21:00+00:00,post,system,api,shared,0.756,P01,True Positive - Coordinated Network
EVT-0002644,C-009,A-0135,S-00458,CT-001735,TGT-026,2026-07-20T08:14:00+00:00,post,search,account_layer,created,0.596,P08,True Positive - Coordinated Network
EVT-0002645,C-009,A-0137,S-00465,CT-001736,TGT-025,2026-07-17T21:05:00+00:00,post,account,moderation_queue,updated,0.619,P08,True Positive - Coordinated Network
EVT-0002646,C-009,A-0120,S-00408,CT-001737,TGT-024,2026-07-19T06:22:00+00:00,post,system,moderation_queue,submitted,0.791,P04,True Positive - Coordinated Network
EVT-0002647,C-009,A-0124,S-00421,CT-001738,TGT-026,2026-07-19T08:37:00+00:00,post,chat,chat,updated,0.883,P04,True Positive - Coordinated Network
EVT-0002648,C-009,A-0115,S-00393,CT-001739,TGT-025,2026-07-20T05:17:00+00:00,message,account,account_layer,viewed,0.876,P04,True Positive - Coordinated Network
EVT-0002649,C-009,A-0122,S-00413,CT-001740,TGT-022,2026-07-17T14:04:00+00:00,message,search,api,viewed,0.756,P08,True Positive - Coordinated Network
EVT-0002650,C-009,A-0127,S-00429,CT-001741,TGT-026,2026-07-17T09:26:00+00:00,post,account,account_layer,shared,0.806,P08,True Positive - Coordinated Network
EVT-0002651,C-009,A-0117,S-00400,CT-001742,TGT-022,2026-07-20T00:27:00+00:00,post,account,api,viewed,0.654,P01,True Positive - Coordinated Network
EVT-0002652,C-009,A-0128,S-00434,,TGT-025,2026-07-20T15:31:00+00:00,search,search,moderation_queue,viewed,0.804,P06,True Positive - Coordinated Network
EVT-0002653,C-009,A-0121,S-00410,CT-001743,TGT-022,2026-07-17T22:51:00+00:00,message,search,chat,viewed,0.838,,True Positive - Coordinated Network
EVT-0002654,C-009,A-0128,S-00432,,TGT-023,2026-07-18T02:53:00+00:00,migration_signal,system,api,shared,0.589,P06,True Positive - Coordinated Network
EVT-0002655,C-009,A-0120,S-00408,CT-001744,TGT-024,2026-07-20T14:32:00+00:00,post,chat,api,viewed,0.575,P01,True Positive - Coordinated Network
EVT-0002656,C-009,A-0116,S-00394,,TGT-022,2026-07-20T20:11:00+00:00,search,reporting,chat,updated,0.787,P03,True Positive - Coordinated Network
EVT-0002657,C-009,A-0126,S-00428,CT-001745,TGT-024,2026-07-19T20:53:00+00:00,post,chat,chat,submitted,0.695,,True Positive - Coordinated Network
EVT-0002658,C-009,A-0115,S-00393,CT-001746,TGT-025,2026-07-20T02:15:00+00:00,message,chat,moderation_queue,created,0.69,P03,True Positive - Coordinated Network
EVT-0002659,C-009,A-0116,S-00394,,TGT-024,2026-07-20T20:34:00+00:00,login,search,account_layer,shared,0.611,P04,True Positive - Coordinated Network
EVT-0002660,C-009,A-0136,S-00459,CT-001747,TGT-026,2026-07-18T19:22:00+00:00,post,reporting,chat,updated,0.755,,True Positive - Coordinated Network
EVT-0002661,C-009,A-0138,S-00469,,TGT-024,2026-07-19T03:03:00+00:00,login,account,moderation_queue,shared,0.601,P03,True Positive - Coordinated Network
EVT-0002662,C-009,A-0135,S-00458,CT-001748,TGT-024,2026-07-18T00:33:00+00:00,post,chat,api,updated,0.61,P04,True Positive - Coordinated Network
EVT-0002663,C-009,A-0137,S-00462,CT-001749,TGT-022,2026-07-20T09:27:00+00:00,report,reporting,account_layer,created,0.672,P01,True Positive - Coordinated Network
EVT-0002664,C-009,A-0115,S-00392,,TGT-025,2026-07-17T08:11:00+00:00,migration_signal,system,chat,viewed,0.715,P03,True Positive - Coordinated Network
EVT-0002665,C-009,A-0137,S-00463,CT-001750,TGT-023,2026-07-21T00:20:00+00:00,report,search,api,viewed,0.836,P04,True Positive - Coordinated Network
EVT-0002666,C-009,A-0128,S-00433,CT-001751,TGT-024,2026-07-17T15:43:00+00:00,post,account,moderation_queue,updated,0.671,P08,True Positive - Coordinated Network
EVT-0002667,C-009,A-0137,S-00463,,TGT-024,2026-07-18T04:00:00+00:00,search,chat,moderation_queue,submitted,0.828,P04,True Positive - Coordinated Network
EVT-0002668,C-009,A-0117,S-00397,CT-001752,TGT-024,2026-07-18T04:20:00+00:00,message,account,account_layer,submitted,0.781,,True Positive - Coordinated Network
EVT-0002669,C-009,A-0123,S-00416,,TGT-023,2026-07-17T12:54:00+00:00,login,system,chat,created,0.814,P01,True Positive - Coordinated Network
EVT-0002670,C-009,A-0120,S-00407,CT-001753,TGT-026,2026-07-19T10:02:00+00:00,post,search,api,viewed,0.703,P01,True Positive - Coordinated Network
EVT-0002671,C-009,A-0121,S-00410,CT-001754,TGT-026,2026-07-17T12:19:00+00:00,post,chat,api,shared,0.818,P06,True Positive - Coordinated Network
EVT-0002672,C-009,A-0125,S-00424,CT-001755,TGT-024,2026-07-20T00:53:00+00:00,message,system,account_layer,submitted,0.545,P03,True Positive - Coordinated Network
EVT-0002673,C-009,A-0114,S-00391,CT-001756,TGT-026,2026-07-18T06:25:00+00:00,post,system,account_layer,updated,0.894,P03,True Positive - Coordinated Network
EVT-0002674,C-009,A-0123,S-00414,CT-001757,TGT-024,2026-07-17T09:46:00+00:00,post,search,api,viewed,0.83,,True Positive - Coordinated Network
EVT-0002675,C-009,A-0125,S-00422,CT-001758,TGT-024,2026-07-17T23:55:00+00:00,post,reporting,account_layer,submitted,0.899,P12,True Positive - Coordinated Network
EVT-0002676,C-009,A-0124,S-00421,CT-001759,TGT-025,2026-07-19T12:05:00+00:00,report,account,account_layer,created,0.889,P03,True Positive - Coordinated Network
EVT-0002677,C-009,A-0120,S-00408,CT-001760,TGT-025,2026-07-18T11:14:00+00:00,message,search,chat,created,0.79,P08,True Positive - Coordinated Network
EVT-0002678,C-009,A-0130,S-00440,CT-001761,TGT-023,2026-07-17T20:27:00+00:00,post,search,chat,submitted,0.713,P12,True Positive - Coordinated Network
EVT-0002679,C-009,A-0119,S-00406,CT-001762,TGT-026,2026-07-17T14:56:00+00:00,post,account,chat,shared,0.737,P04,True Positive - Coordinated Network
EVT-0002680,C-009,A-0112,S-00384,CT-001763,TGT-023,2026-07-18T17:49:00+00:00,post,chat,account_layer,updated,0.54,P04,True Positive - Coordinated Network
EVT-0002681,C-009,A-0126,S-00428,,TGT-022,2026-07-18T00:53:00+00:00,search,system,account_layer,submitted,0.581,P06,True Positive - Coordinated Network
EVT-0002682,C-009,A-0116,S-00394,,,2026-07-19T05:55:00+00:00,profile_update,search,moderation_queue,viewed,0.607,P04,True Positive - Coordinated Network
EVT-0002683,C-009,A-0131,S-00445,CT-001764,TGT-022,2026-07-18T01:48:00+00:00,post,system,account_layer,submitted,0.707,,True Positive - Coordinated Network
EVT-0002684,C-009,A-0122,S-00411,CT-001765,TGT-024,2026-07-18T13:00:00+00:00,post,search,account_layer,shared,0.607,P12,True Positive - Coordinated Network
EVT-0002685,C-009,A-0113,S-00388,CT-001766,TGT-026,2026-07-18T06:34:00+00:00,post,search,account_layer,viewed,0.838,P12,True Positive - Coordinated Network
EVT-0002686,C-009,A-0112,S-00384,CT-001767,TGT-024,2026-07-20T04:23:00+00:00,post,system,moderation_queue,submitted,0.879,P12,True Positive - Coordinated Network
EVT-0002687,C-009,A-0134,S-00452,CT-001768,TGT-022,2026-07-18T23:52:00+00:00,message,chat,account_layer,updated,0.745,P06,True Positive - Coordinated Network
EVT-0002688,C-009,A-0122,S-00412,CT-001769,TGT-024,2026-07-20T07:25:00+00:00,post,chat,chat,viewed,0.882,,True Positive - Coordinated Network
EVT-0002689,C-009,A-0136,S-00459,,,2026-07-19T17:27:00+00:00,login,search,account_layer,updated,0.497,P04,True Positive - Coordinated Network
EVT-0002690,C-009,A-0125,S-00422,CT-001770,TGT-023,2026-07-19T11:30:00+00:00,message,chat,account_layer,submitted,0.627,P01,True Positive - Coordinated Network
EVT-0002691,C-009,A-0114,S-00390,,,2026-07-17T09:01:00+00:00,migration_signal,chat,api,shared,0.524,,True Positive - Coordinated Network
EVT-0002692,C-009,A-0125,S-00424,CT-001771,TGT-024,2026-07-20T16:31:00+00:00,message,reporting,chat,submitted,0.679,P12,True Positive - Coordinated Network
EVT-0002693,C-009,A-0125,S-00423,,TGT-024,2026-07-19T15:24:00+00:00,login,account,chat,submitted,0.604,P06,True Positive - Coordinated Network
EVT-0002694,C-009,A-0133,S-00449,,TGT-026,2026-07-18T14:45:00+00:00,search,account,account_layer,updated,0.478,,True Positive - Coordinated Network
EVT-0002695,C-009,A-0126,S-00426,CT-001772,TGT-022,2026-07-19T06:45:00+00:00,post,account,account_layer,submitted,0.782,P01,True Positive - Coordinated Network
EVT-0002696,C-009,A-0130,S-00440,CT-001773,TGT-026,2026-07-18T23:11:00+00:00,post,system,api,submitted,0.872,P01,True Positive - Coordinated Network
EVT-0002697,C-009,A-0133,S-00448,CT-001774,TGT-026,2026-07-18T21:21:00+00:00,message,chat,api,updated,0.679,P04,True Positive - Coordinated Network
EVT-0002698,C-009,A-0114,S-00391,CT-001775,TGT-023,2026-07-20T16:50:00+00:00,post,reporting,account_layer,created,0.556,P01,True Positive - Coordinated Network
EVT-0002699,C-009,A-0117,S-00396,CT-001776,TGT-022,2026-07-19T09:32:00+00:00,post,system,api,shared,0.594,P12,True Positive - Coordinated Network
EVT-0002700,C-009,A-0126,S-00428,CT-001777,TGT-023,2026-07-17T17:22:00+00:00,post,chat,moderation_queue,viewed,0.85,P03,True Positive - Coordinated Network
EVT-0002701,C-009,A-0135,S-00458,CT-001778,TGT-026,2026-07-19T18:47:00+00:00,post,system,account_layer,updated,0.846,,True Positive - Coordinated Network
EVT-0002702,C-009,A-0112,S-00384,,,2026-07-18T11:18:00+00:00,login,account,api,viewed,0.764,P03,True Positive - Coordinated Network
EVT-0002703,C-009,A-0114,S-00390,CT-001779,TGT-024,2026-07-20T12:31:00+00:00,post,search,api,viewed,0.657,P03,True Positive - Coordinated Network
EVT-0002704,C-009,A-0137,S-00463,CT-001780,TGT-026,2026-07-17T17:16:00+00:00,post,account,moderation_queue,submitted,0.634,,True Positive - Coordinated Network
EVT-0002705,C-009,A-0124,S-00421,CT-001781,TGT-025,2026-07-17T17:25:00+00:00,post,account,api,submitted,0.68,P03,True Positive - Coordinated Network
EVT-0002706,C-009,A-0134,S-00454,,TGT-022,2026-07-18T13:39:00+00:00,login,search,chat,submitted,0.513,P01,True Positive - Coordinated Network
EVT-0002707,C-009,A-0138,S-00466,,TGT-024,2026-07-20T03:35:00+00:00,search,search,chat,submitted,0.735,,True Positive - Coordinated Network
EVT-0002708,C-009,A-0125,S-00425,,TGT-025,2026-07-21T00:08:00+00:00,login,search,account_layer,updated,0.784,P04,True Positive - Coordinated Network
EVT-0002709,C-009,A-0115,S-00393,CT-001782,TGT-026,2026-07-18T00:06:00+00:00,post,system,api,shared,0.676,P04,True Positive - Coordinated Network
EVT-0002710,C-009,A-0138,S-00467,CT-001783,TGT-024,2026-07-20T22:51:00+00:00,post,reporting,account_layer,submitted,0.637,P04,True Positive - Coordinated Network
EVT-0002711,C-010,A-0147,S-00501,CT-001784,TGT-027,2026-07-19T20:03:01+00:00,post,system,chat,shared,0.01,P05,True Negative - Benign Coordination
EVT-0002712,C-010,A-0139,S-00474,CT-001785,TGT-027,2026-07-19T20:40:35+00:00,report,search,chat,created,0.01,P10,True Negative - Benign Coordination
EVT-0002713,C-010,A-0157,S-00530,CT-001786,TGT-027,2026-07-22T06:06:00+00:00,message,search,chat,submitted,0.068,P05,True Negative - Benign Coordination
EVT-0002714,C-010,A-0149,S-00507,,TGT-027,2026-07-19T21:03:02+00:00,migration_signal,system,account_layer,updated,0.08,,True Negative - Benign Coordination
EVT-0002715,C-010,A-0145,S-00496,CT-001787,TGT-027,2026-07-19T22:05:00+00:00,post,account,moderation_queue,updated,0.044,,True Negative - Benign Coordination
EVT-0002716,C-010,A-0141,S-00482,CT-001788,TGT-027,2026-07-22T17:00:00+00:00,message,account,api,submitted,0.283,P02,True Negative - Benign Coordination
EVT-0002717,C-010,A-0145,S-00496,,TGT-027,2026-07-19T20:03:40+00:00,login,account,chat,updated,0.127,P02,True Negative - Benign Coordination
EVT-0002718,C-010,A-0141,S-00482,CT-001789,TGT-027,2026-07-20T09:08:00+00:00,message,search,api,submitted,0.292,P10,True Negative - Benign Coordination
EVT-0002719,C-010,A-0158,S-00533,CT-001790,TGT-027,2026-07-19T19:37:18+00:00,post,system,moderation_queue,updated,0.01,P05,True Negative - Benign Coordination
EVT-0002720,C-010,A-0145,S-00494,CT-001791,TGT-027,2026-07-19T15:18:00+00:00,report,reporting,account_layer,submitted,0.124,P05,True Negative - Benign Coordination
EVT-0002721,C-010,A-0143,S-00491,CT-001792,TGT-027,2026-07-21T07:10:00+00:00,message,system,moderation_queue,viewed,0.239,P05,True Negative - Benign Coordination
EVT-0002722,C-010,A-0154,S-00520,CT-001793,TGT-027,2026-07-19T18:36:41+00:00,post,account,account_layer,updated,0.168,,True Negative - Benign Coordination
EVT-0002723,C-010,A-0158,S-00533,CT-001794,TGT-027,2026-07-19T19:43:10+00:00,post,system,chat,created,0.132,,True Negative - Benign Coordination
EVT-0002724,C-010,A-0142,S-00483,CT-001795,TGT-027,2026-07-19T20:11:07+00:00,post,account,moderation_queue,updated,0.229,P10,True Negative - Benign Coordination
EVT-0002725,C-010,A-0158,S-00532,CT-001796,TGT-027,2026-07-22T04:27:00+00:00,post,reporting,moderation_queue,submitted,0.37,P02,True Negative - Benign Coordination
EVT-0002726,C-010,A-0151,S-00511,CT-001797,TGT-027,2026-07-19T10:56:00+00:00,report,chat,account_layer,submitted,0.092,P04,True Negative - Benign Coordination
EVT-0002727,C-010,A-0156,S-00526,CT-001798,TGT-027,2026-07-19T20:40:29+00:00,message,account,moderation_queue,viewed,0.391,P10,True Negative - Benign Coordination
EVT-0002728,C-010,A-0153,S-00515,CT-001799,TGT-027,2026-07-19T20:12:48+00:00,post,reporting,moderation_queue,created,0.249,,True Negative - Benign Coordination
EVT-0002729,C-010,A-0139,S-00473,,TGT-027,2026-07-22T18:31:00+00:00,search,chat,moderation_queue,created,0.135,P02,True Negative - Benign Coordination
EVT-0002730,C-010,A-0140,S-00476,CT-001800,TGT-027,2026-07-19T20:19:41+00:00,post,account,api,viewed,0.383,P04,True Negative - Benign Coordination
EVT-0002731,C-010,A-0142,S-00485,CT-001801,TGT-027,2026-07-19T20:31:21+00:00,report,account,account_layer,submitted,0.16,P05,True Negative - Benign Coordination
EVT-0002732,C-010,A-0150,S-00508,CT-001802,TGT-027,2026-07-19T20:14:31+00:00,post,chat,account_layer,updated,0.133,,True Negative - Benign Coordination
EVT-0002733,C-010,A-0152,S-00513,CT-001803,TGT-027,2026-07-19T20:55:49+00:00,post,reporting,chat,updated,0.397,P02,True Negative - Benign Coordination
EVT-0002734,C-010,A-0158,S-00532,,,2026-07-23T04:40:00+00:00,profile_update,chat,api,viewed,0.233,P05,True Negative - Benign Coordination
EVT-0002735,C-010,A-0140,S-00477,,TGT-027,2026-07-22T22:52:00+00:00,search,account,api,shared,0.035,,True Negative - Benign Coordination
EVT-0002736,C-010,A-0144,S-00492,CT-001804,TGT-027,2026-07-19T21:25:21+00:00,post,system,account_layer,submitted,0.144,P02,True Negative - Benign Coordination
EVT-0002737,C-010,A-0144,S-00492,CT-001805,TGT-027,2026-07-19T19:14:08+00:00,post,chat,api,viewed,0.093,,True Negative - Benign Coordination
EVT-0002738,C-010,A-0149,S-00507,CT-001806,TGT-027,2026-07-19T19:07:49+00:00,post,system,moderation_queue,viewed,0.296,,True Negative - Benign Coordination
EVT-0002739,C-010,A-0154,S-00519,,TGT-027,2026-07-23T00:24:00+00:00,login,search,api,viewed,0.186,P05,True Negative - Benign Coordination
EVT-0002740,C-010,A-0154,S-00519,,TGT-027,2026-07-19T18:47:07+00:00,login,search,chat,updated,0.307,,True Negative - Benign Coordination
EVT-0002741,C-010,A-0150,S-00508,CT-001807,TGT-027,2026-07-19T19:23:33+00:00,post,reporting,account_layer,updated,0.245,,True Negative - Benign Coordination
EVT-0002742,C-010,A-0141,S-00481,,TGT-027,2026-07-19T19:59:09+00:00,login,system,chat,viewed,0.01,P04,True Negative - Benign Coordination
EVT-0002743,C-010,A-0150,S-00508,,TGT-027,2026-07-23T01:53:00+00:00,search,reporting,account_layer,updated,0.323,P02,True Negative - Benign Coordination
EVT-0002744,C-010,A-0143,S-00491,CT-001808,TGT-027,2026-07-19T21:10:10+00:00,post,account,moderation_queue,shared,0.297,,True Negative - Benign Coordination
EVT-0002745,C-010,A-0140,S-00477,CT-001809,TGT-027,2026-07-19T18:45:22+00:00,message,search,api,shared,0.01,P05,True Negative - Benign Coordination
EVT-0002746,C-010,A-0147,S-00502,,,2026-07-22T15:52:00+00:00,login,reporting,account_layer,shared,0.01,,True Negative - Benign Coordination
EVT-0002747,C-010,A-0140,S-00479,CT-001810,TGT-027,2026-07-19T19:30:25+00:00,post,account,moderation_queue,updated,0.366,P02,True Negative - Benign Coordination
EVT-0002748,C-010,A-0151,S-00510,CT-001811,TGT-027,2026-07-19T19:02:25+00:00,post,reporting,api,viewed,0.309,P10,True Negative - Benign Coordination
EVT-0002749,C-010,A-0148,S-00503,,TGT-027,2026-07-22T21:13:00+00:00,search,account,account_layer,shared,0.284,P02,True Negative - Benign Coordination
EVT-0002750,C-010,A-0151,S-00511,,TGT-027,2026-07-19T19:39:02+00:00,search,system,chat,created,0.01,P05,True Negative - Benign Coordination
EVT-0002751,C-010,A-0157,S-00529,CT-001812,TGT-027,2026-07-19T18:36:57+00:00,post,system,chat,created,0.085,P05,True Negative - Benign Coordination
EVT-0002752,C-010,A-0145,S-00496,,TGT-027,2026-07-19T19:54:22+00:00,login,search,api,submitted,0.318,P10,True Negative - Benign Coordination
EVT-0002753,C-010,A-0139,S-00472,,TGT-027,2026-07-21T14:55:00+00:00,login,account,account_layer,shared,0.225,,True Negative - Benign Coordination
EVT-0002754,C-010,A-0148,S-00503,,,2026-07-23T00:58:00+00:00,profile_update,system,chat,created,0.196,,True Negative - Benign Coordination
EVT-0002755,C-010,A-0145,S-00495,,TGT-027,2026-07-19T09:13:00+00:00,login,reporting,account_layer,updated,0.044,P05,True Negative - Benign Coordination
EVT-0002756,C-010,A-0141,S-00481,CT-001813,TGT-027,2026-07-19T21:00:00+00:00,message,system,api,viewed,0.123,,True Negative - Benign Coordination
EVT-0002757,C-010,A-0141,S-00482,CT-001814,TGT-027,2026-07-22T18:58:00+00:00,message,account,moderation_queue,shared,0.292,P02,True Negative - Benign Coordination
EVT-0002758,C-010,A-0155,S-00524,CT-001815,TGT-027,2026-07-19T19:34:57+00:00,post,search,api,submitted,0.081,P02,True Negative - Benign Coordination
EVT-0002759,C-010,A-0141,S-00482,,TGT-027,2026-07-20T08:19:00+00:00,login,chat,account_layer,updated,0.09,P02,True Negative - Benign Coordination
EVT-0002760,C-010,A-0154,S-00519,CT-001816,TGT-027,2026-07-21T14:15:00+00:00,post,account,chat,viewed,0.146,,True Negative - Benign Coordination
EVT-0002761,C-010,A-0139,S-00473,CT-001817,TGT-027,2026-07-19T18:54:57+00:00,report,account,moderation_queue,submitted,0.045,,True Negative - Benign Coordination
EVT-0002762,C-010,A-0141,S-00481,CT-001818,TGT-027,2026-07-19T18:36:25+00:00,post,chat,moderation_queue,submitted,0.172,,True Negative - Benign Coordination
EVT-0002763,C-010,A-0157,S-00530,,TGT-027,2026-07-20T15:22:00+00:00,search,reporting,moderation_queue,submitted,0.146,P04,True Negative - Benign Coordination
EVT-0002764,C-010,A-0152,S-00512,CT-001819,TGT-027,2026-07-19T21:07:56+00:00,post,system,account_layer,created,0.01,P10,True Negative - Benign Coordination
EVT-0002765,C-010,A-0150,S-00509,CT-001820,TGT-027,2026-07-19T21:15:23+00:00,post,reporting,moderation_queue,submitted,0.404,P02,True Negative - Benign Coordination
EVT-0002766,C-010,A-0144,S-00493,,TGT-027,2026-07-19T19:54:08+00:00,login,system,account_layer,shared,0.092,,True Negative - Benign Coordination
EVT-0002767,C-010,A-0142,S-00487,CT-001821,TGT-027,2026-07-19T21:08:49+00:00,report,reporting,account_layer,updated,0.191,,True Negative - Benign Coordination
EVT-0002768,C-010,A-0139,S-00471,CT-001822,TGT-027,2026-07-19T19:59:40+00:00,report,reporting,moderation_queue,updated,0.12,P05,True Negative - Benign Coordination
EVT-0002769,C-010,A-0139,S-00473,CT-001823,TGT-027,2026-07-19T20:32:07+00:00,report,account,chat,viewed,0.297,,True Negative - Benign Coordination
EVT-0002770,C-010,A-0146,S-00499,,TGT-027,2026-07-20T01:55:00+00:00,search,system,moderation_queue,created,0.18,P05,True Negative - Benign Coordination
EVT-0002771,C-010,A-0142,S-00483,,TGT-027,2026-07-19T19:06:14+00:00,migration_signal,account,chat,created,0.279,P05,True Negative - Benign Coordination
EVT-0002772,C-010,A-0148,S-00504,,TGT-027,2026-07-19T20:12:08+00:00,search,account,api,viewed,0.27,P05,True Negative - Benign Coordination
EVT-0002773,C-010,A-0143,S-00491,,,2026-07-21T22:10:00+00:00,login,system,moderation_queue,submitted,0.126,,True Negative - Benign Coordination
EVT-0002774,C-010,A-0156,S-00528,CT-001824,TGT-027,2026-07-19T21:22:06+00:00,post,chat,chat,created,0.138,,True Negative - Benign Coordination
EVT-0002775,C-010,A-0156,S-00526,CT-001825,TGT-027,2026-07-20T17:16:00+00:00,post,account,account_layer,updated,0.051,P02,True Negative - Benign Coordination
EVT-0002776,C-010,A-0144,S-00492,CT-001826,TGT-027,2026-07-19T19:35:22+00:00,post,search,account_layer,viewed,0.177,P10,True Negative - Benign Coordination
EVT-0002777,C-010,A-0147,S-00500,CT-001827,TGT-027,2026-07-22T21:55:00+00:00,message,account,api,created,0.341,P04,True Negative - Benign Coordination
EVT-0002778,C-010,A-0150,S-00509,CT-001828,TGT-027,2026-07-19T19:30:18+00:00,post,chat,chat,updated,0.076,P05,True Negative - Benign Coordination
EVT-0002779,C-010,A-0152,S-00512,,TGT-027,2026-07-19T19:51:23+00:00,login,account,account_layer,submitted,0.259,P02,True Negative - Benign Coordination
EVT-0002780,C-010,A-0143,S-00489,CT-001829,TGT-027,2026-07-19T18:31:06+00:00,report,reporting,moderation_queue,shared,0.207,,True Negative - Benign Coordination
EVT-0002781,C-010,A-0158,S-00533,,TGT-027,2026-07-20T11:06:00+00:00,search,reporting,account_layer,updated,0.133,P04,True Negative - Benign Coordination
EVT-0002782,C-010,A-0157,S-00530,,,2026-07-19T20:20:27+00:00,profile_update,chat,api,updated,0.01,P02,True Negative - Benign Coordination
EVT-0002783,C-010,A-0154,S-00519,CT-001830,TGT-027,2026-07-19T20:31:30+00:00,report,system,moderation_queue,updated,0.335,,True Negative - Benign Coordination
EVT-0002784,C-010,A-0155,S-00523,,TGT-027,2026-07-21T04:35:00+00:00,search,system,api,updated,0.143,,True Negative - Benign Coordination
EVT-0002785,C-010,A-0145,S-00494,,TGT-027,2026-07-20T23:28:00+00:00,migration_signal,search,chat,updated,0.244,P02,True Negative - Benign Coordination
EVT-0002786,C-010,A-0140,S-00475,,TGT-027,2026-07-19T19:22:47+00:00,migration_signal,chat,moderation_queue,shared,0.01,P04,True Negative - Benign Coordination
EVT-0002787,C-010,A-0139,S-00470,CT-001831,TGT-027,2026-07-19T20:59:24+00:00,post,reporting,account_layer,created,0.063,,True Negative - Benign Coordination
EVT-0002788,C-010,A-0146,S-00498,,,2026-07-19T19:13:58+00:00,login,system,moderation_queue,viewed,0.279,P04,True Negative - Benign Coordination
EVT-0002789,C-010,A-0154,S-00519,CT-001832,TGT-027,2026-07-19T14:04:00+00:00,post,reporting,moderation_queue,shared,0.191,P02,True Negative - Benign Coordination
EVT-0002790,C-010,A-0139,S-00471,CT-001833,TGT-027,2026-07-19T19:23:20+00:00,message,reporting,api,shared,0.249,P02,True Negative - Benign Coordination
EVT-0002791,C-010,A-0157,S-00529,,,2026-07-19T19:39:12+00:00,profile_update,search,api,viewed,0.145,P02,True Negative - Benign Coordination
EVT-0002792,C-010,A-0153,S-00514,CT-001834,TGT-027,2026-07-21T14:20:00+00:00,post,account,chat,submitted,0.287,P10,True Negative - Benign Coordination
EVT-0002793,C-010,A-0145,S-00497,CT-001835,TGT-027,2026-07-19T19:42:03+00:00,post,system,account_layer,updated,0.01,P02,True Negative - Benign Coordination
EVT-0002794,C-010,A-0147,S-00500,CT-001836,TGT-027,2026-07-21T09:34:00+00:00,message,system,api,updated,0.187,,True Negative - Benign Coordination
EVT-0002795,C-010,A-0147,S-00500,CT-001837,TGT-027,2026-07-22T02:40:00+00:00,post,chat,account_layer,submitted,0.055,,True Negative - Benign Coordination
EVT-0002796,C-010,A-0153,S-00515,CT-001838,TGT-027,2026-07-19T20:10:38+00:00,post,search,account_layer,viewed,0.147,P10,True Negative - Benign Coordination
EVT-0002797,C-010,A-0154,S-00519,CT-001839,TGT-027,2026-07-19T19:30:48+00:00,post,chat,api,viewed,0.07,P10,True Negative - Benign Coordination
EVT-0002798,C-010,A-0148,S-00503,CT-001840,TGT-027,2026-07-19T18:45:49+00:00,post,search,api,viewed,0.102,P02,True Negative - Benign Coordination
EVT-0002799,C-010,A-0148,S-00503,CT-001841,TGT-027,2026-07-21T22:29:00+00:00,report,reporting,account_layer,created,0.01,P02,True Negative - Benign Coordination
EVT-0002800,C-010,A-0158,S-00532,CT-001842,TGT-027,2026-07-22T13:00:00+00:00,post,chat,api,shared,0.194,P05,True Negative - Benign Coordination
EVT-0002801,C-010,A-0142,S-00487,CT-001843,TGT-027,2026-07-19T20:34:57+00:00,post,system,moderation_queue,shared,0.134,P04,True Negative - Benign Coordination
EVT-0002802,C-010,A-0148,S-00505,,,2026-07-19T19:27:01+00:00,login,search,chat,updated,0.28,,True Negative - Benign Coordination
EVT-0002803,C-010,A-0151,S-00511,CT-001844,TGT-027,2026-07-19T19:58:56+00:00,post,chat,chat,submitted,0.136,P10,True Negative - Benign Coordination
EVT-0002804,C-010,A-0148,S-00503,CT-001845,TGT-027,2026-07-19T19:53:15+00:00,report,account,account_layer,created,0.246,,True Negative - Benign Coordination
EVT-0002805,C-010,A-0144,S-00492,CT-001846,TGT-027,2026-07-19T11:13:00+00:00,post,search,moderation_queue,updated,0.137,P05,True Negative - Benign Coordination
EVT-0002806,C-010,A-0151,S-00511,CT-001847,TGT-027,2026-07-22T08:10:00+00:00,post,chat,chat,shared,0.058,P05,True Negative - Benign Coordination
EVT-0002807,C-010,A-0152,S-00512,CT-001848,TGT-027,2026-07-21T17:41:00+00:00,post,account,account_layer,shared,0.125,P04,True Negative - Benign Coordination
EVT-0002808,C-010,A-0149,S-00507,,TGT-027,2026-07-19T19:40:00+00:00,profile_update,reporting,account_layer,viewed,0.101,P10,True Negative - Benign Coordination
EVT-0002809,C-010,A-0143,S-00488,CT-001849,TGT-027,2026-07-19T19:12:44+00:00,post,system,api,shared,0.171,P10,True Negative - Benign Coordination
EVT-0002810,C-010,A-0156,S-00527,,TGT-027,2026-07-20T10:16:00+00:00,search,chat,account_layer,created,0.062,P04,True Negative - Benign Coordination
EVT-0002811,C-010,A-0143,S-00490,,TGT-027,2026-07-19T18:59:53+00:00,search,search,moderation_queue,created,0.025,P05,True Negative - Benign Coordination
EVT-0002812,C-010,A-0143,S-00489,,TGT-027,2026-07-19T20:04:04+00:00,login,search,api,shared,0.01,P10,True Negative - Benign Coordination
EVT-0002813,C-010,A-0153,S-00517,CT-001850,TGT-027,2026-07-19T23:13:00+00:00,post,system,account_layer,viewed,0.099,,True Negative - Benign Coordination
EVT-0002814,C-010,A-0139,S-00472,,TGT-027,2026-07-20T10:21:00+00:00,search,search,chat,updated,0.127,,True Negative - Benign Coordination
EVT-0002815,C-010,A-0150,S-00509,,TGT-027,2026-07-21T00:28:00+00:00,migration_signal,reporting,moderation_queue,created,0.019,P10,True Negative - Benign Coordination
EVT-0002816,C-010,A-0154,S-00520,,,2026-07-19T15:25:00+00:00,migration_signal,system,moderation_queue,viewed,0.01,P02,True Negative - Benign Coordination
EVT-0002817,C-010,A-0149,S-00507,,TGT-027,2026-07-22T11:12:00+00:00,login,chat,account_layer,shared,0.223,P02,True Negative - Benign Coordination
EVT-0002818,C-010,A-0149,S-00506,CT-001851,TGT-027,2026-07-22T14:08:00+00:00,report,account,moderation_queue,shared,0.187,P02,True Negative - Benign Coordination
EVT-0002819,C-010,A-0155,S-00523,CT-001852,TGT-027,2026-07-22T08:19:00+00:00,report,chat,chat,updated,0.074,,True Negative - Benign Coordination
EVT-0002820,C-010,A-0141,S-00481,CT-001853,TGT-027,2026-07-19T21:16:39+00:00,post,reporting,api,viewed,0.095,,True Negative - Benign Coordination
EVT-0002821,C-010,A-0151,S-00510,CT-001854,TGT-027,2026-07-19T17:56:00+00:00,post,system,chat,updated,0.196,,True Negative - Benign Coordination
EVT-0002822,C-010,A-0151,S-00511,,TGT-027,2026-07-19T20:47:18+00:00,search,reporting,account_layer,created,0.013,P05,True Negative - Benign Coordination
EVT-0002823,C-010,A-0152,S-00512,CT-001855,TGT-027,2026-07-19T20:27:16+00:00,post,system,chat,shared,0.06,P04,True Negative - Benign Coordination
EVT-0002824,C-010,A-0154,S-00520,CT-001856,TGT-027,2026-07-23T03:51:00+00:00,post,chat,moderation_queue,updated,0.227,,True Negative - Benign Coordination
EVT-0002825,C-010,A-0154,S-00520,CT-001857,TGT-027,2026-07-19T19:53:53+00:00,post,chat,moderation_queue,created,0.15,P04,True Negative - Benign Coordination
EVT-0002826,C-010,A-0145,S-00494,,,2026-07-20T08:43:00+00:00,profile_update,system,chat,submitted,0.167,P10,True Negative - Benign Coordination
EVT-0002827,C-010,A-0155,S-00524,CT-001858,TGT-027,2026-07-19T19:07:51+00:00,message,search,moderation_queue,submitted,0.094,P02,True Negative - Benign Coordination
EVT-0002828,C-010,A-0155,S-00522,,TGT-027,2026-07-19T20:22:35+00:00,migration_signal,chat,account_layer,viewed,0.083,P04,True Negative - Benign Coordination
EVT-0002829,C-010,A-0140,S-00479,CT-001859,TGT-027,2026-07-19T19:24:32+00:00,post,system,account_layer,updated,0.133,,True Negative - Benign Coordination
EVT-0002830,C-010,A-0157,S-00531,,TGT-027,2026-07-20T20:28:00+00:00,search,reporting,moderation_queue,created,0.082,,True Negative - Benign Coordination
EVT-0002831,C-010,A-0153,S-00518,CT-001860,TGT-027,2026-07-19T18:48:03+00:00,message,chat,account_layer,created,0.1,P04,True Negative - Benign Coordination
EVT-0002832,C-010,A-0158,S-00533,CT-001861,TGT-027,2026-07-21T08:17:00+00:00,post,search,moderation_queue,shared,0.108,,True Negative - Benign Coordination
EVT-0002833,C-010,A-0141,S-00481,CT-001862,TGT-027,2026-07-19T19:31:56+00:00,post,reporting,moderation_queue,viewed,0.244,P02,True Negative - Benign Coordination
EVT-0002834,C-010,A-0151,S-00511,,TGT-027,2026-07-19T20:02:44+00:00,search,reporting,api,updated,0.047,,True Negative - Benign Coordination
EVT-0002835,C-010,A-0157,S-00530,CT-001863,TGT-027,2026-07-19T20:06:36+00:00,message,search,moderation_queue,updated,0.111,,True Negative - Benign Coordination
EVT-0002836,C-010,A-0142,S-00486,CT-001864,TGT-027,2026-07-21T22:38:00+00:00,post,search,chat,viewed,0.287,,True Negative - Benign Coordination
EVT-0002837,C-010,A-0141,S-00482,,,2026-07-22T06:04:00+00:00,migration_signal,system,api,shared,0.242,,True Negative - Benign Coordination
EVT-0002838,C-010,A-0139,S-00470,CT-001865,TGT-027,2026-07-19T18:31:52+00:00,post,chat,api,viewed,0.134,P02,True Negative - Benign Coordination
EVT-0002839,C-010,A-0145,S-00497,,TGT-027,2026-07-21T10:24:00+00:00,migration_signal,chat,api,submitted,0.01,,True Negative - Benign Coordination
EVT-0002840,C-010,A-0157,S-00530,,TGT-027,2026-07-22T16:20:00+00:00,search,system,account_layer,viewed,0.055,P04,True Negative - Benign Coordination
EVT-0002841,C-010,A-0155,S-00521,CT-001866,TGT-027,2026-07-19T19:10:38+00:00,message,system,chat,submitted,0.262,,True Negative - Benign Coordination
EVT-0002842,C-010,A-0144,S-00492,CT-001867,TGT-027,2026-07-22T15:32:00+00:00,post,system,moderation_queue,submitted,0.01,P05,True Negative - Benign Coordination
EVT-0002843,C-010,A-0150,S-00508,CT-001868,TGT-027,2026-07-21T12:17:00+00:00,report,account,api,submitted,0.04,P02,True Negative - Benign Coordination
EVT-0002844,C-010,A-0156,S-00526,CT-001869,TGT-027,2026-07-19T19:25:29+00:00,post,chat,api,viewed,0.216,P05,True Negative - Benign Coordination
EVT-0002845,C-010,A-0152,S-00512,CT-001870,TGT-027,2026-07-19T18:48:01+00:00,message,chat,moderation_queue,shared,0.079,,True Negative - Benign Coordination
EVT-0002846,C-010,A-0155,S-00523,,TGT-027,2026-07-20T20:38:00+00:00,search,system,account_layer,submitted,0.163,P04,True Negative - Benign Coordination
EVT-0002847,C-010,A-0141,S-00480,,,2026-07-19T20:05:11+00:00,login,system,moderation_queue,viewed,0.12,P10,True Negative - Benign Coordination
EVT-0002848,C-010,A-0153,S-00518,CT-001871,TGT-027,2026-07-19T20:21:08+00:00,post,search,chat,shared,0.01,P02,True Negative - Benign Coordination
EVT-0002849,C-010,A-0147,S-00501,,,2026-07-20T23:14:00+00:00,migration_signal,chat,account_layer,created,0.213,P05,True Negative - Benign Coordination
EVT-0002850,C-010,A-0140,S-00476,CT-001872,TGT-027,2026-07-21T23:39:00+00:00,post,search,api,shared,0.269,,True Negative - Benign Coordination
EVT-0002851,C-010,A-0158,S-00533,CT-001873,TGT-027,2026-07-21T12:15:00+00:00,post,system,api,shared,0.042,P10,True Negative - Benign Coordination
EVT-0002852,C-010,A-0157,S-00529,CT-001874,TGT-027,2026-07-21T11:30:00+00:00,post,search,moderation_queue,updated,0.346,,True Negative - Benign Coordination
EVT-0002853,C-010,A-0145,S-00494,,,2026-07-19T18:49:07+00:00,login,reporting,chat,submitted,0.154,P04,True Negative - Benign Coordination
EVT-0002854,C-010,A-0150,S-00509,CT-001875,TGT-027,2026-07-20T12:12:00+00:00,post,search,moderation_queue,shared,0.211,P04,True Negative - Benign Coordination
EVT-0002855,C-010,A-0146,S-00499,,TGT-027,2026-07-19T19:03:32+00:00,search,search,moderation_queue,created,0.212,P10,True Negative - Benign Coordination
EVT-0002856,C-010,A-0152,S-00513,CT-001876,TGT-027,2026-07-19T10:54:00+00:00,post,chat,moderation_queue,updated,0.176,,True Negative - Benign Coordination
EVT-0002857,C-010,A-0155,S-00521,CT-001877,TGT-027,2026-07-19T19:09:41+00:00,message,reporting,moderation_queue,shared,0.137,P05,True Negative - Benign Coordination
EVT-0002858,C-010,A-0147,S-00501,,TGT-027,2026-07-19T19:03:14+00:00,search,search,moderation_queue,submitted,0.01,,True Negative - Benign Coordination
EVT-0002859,C-010,A-0149,S-00506,,TGT-027,2026-07-23T03:02:00+00:00,migration_signal,reporting,account_layer,updated,0.01,,True Negative - Benign Coordination
EVT-0002860,C-010,A-0143,S-00489,CT-001878,TGT-027,2026-07-19T21:30:40+00:00,post,search,api,shared,0.171,P04,True Negative - Benign Coordination
EVT-0002861,C-010,A-0155,S-00521,,TGT-027,2026-07-19T18:34:36+00:00,search,search,account_layer,submitted,0.137,P02,True Negative - Benign Coordination
EVT-0002862,C-010,A-0152,S-00512,CT-001879,TGT-027,2026-07-19T18:58:32+00:00,post,reporting,account_layer,submitted,0.265,,True Negative - Benign Coordination
EVT-0002863,C-010,A-0142,S-00485,,,2026-07-21T21:42:00+00:00,login,chat,api,updated,0.3,P05,True Negative - Benign Coordination
EVT-0002864,C-010,A-0156,S-00528,CT-001880,TGT-027,2026-07-19T18:34:48+00:00,post,search,moderation_queue,viewed,0.195,P10,True Negative - Benign Coordination
EVT-0002865,C-010,A-0150,S-00508,CT-001881,TGT-027,2026-07-21T22:05:00+00:00,message,chat,moderation_queue,submitted,0.014,,True Negative - Benign Coordination
EVT-0002866,C-010,A-0153,S-00518,CT-001882,TGT-027,2026-07-21T07:07:00+00:00,post,reporting,moderation_queue,submitted,0.324,P04,True Negative - Benign Coordination
EVT-0002867,C-010,A-0143,S-00491,,TGT-027,2026-07-20T14:40:00+00:00,search,search,moderation_queue,created,0.16,P02,True Negative - Benign Coordination
EVT-0002868,C-010,A-0151,S-00511,CT-001883,TGT-027,2026-07-19T19:48:44+00:00,post,reporting,api,created,0.01,P04,True Negative - Benign Coordination
EVT-0002869,C-010,A-0146,S-00499,CT-001884,TGT-027,2026-07-19T20:50:09+00:00,post,account,moderation_queue,updated,0.149,P10,True Negative - Benign Coordination
EVT-0002870,C-010,A-0146,S-00498,CT-001885,TGT-027,2026-07-19T20:26:43+00:00,post,account,moderation_queue,created,0.271,,True Negative - Benign Coordination
EVT-0002871,C-010,A-0148,S-00504,CT-001886,TGT-027,2026-07-21T02:01:00+00:00,post,reporting,chat,shared,0.088,P10,True Negative - Benign Coordination
EVT-0002872,C-010,A-0142,S-00483,CT-001887,TGT-027,2026-07-19T21:26:41+00:00,report,reporting,account_layer,viewed,0.024,P04,True Negative - Benign Coordination
EVT-0002873,C-010,A-0154,S-00520,CT-001888,TGT-027,2026-07-19T19:22:59+00:00,post,system,moderation_queue,created,0.025,P04,True Negative - Benign Coordination
EVT-0002874,C-010,A-0148,S-00505,CT-001889,TGT-027,2026-07-21T12:25:00+00:00,post,chat,account_layer,viewed,0.108,,True Negative - Benign Coordination
EVT-0002875,C-010,A-0154,S-00519,CT-001890,TGT-027,2026-07-19T19:20:26+00:00,report,system,moderation_queue,submitted,0.111,,True Negative - Benign Coordination
EVT-0002876,C-010,A-0147,S-00502,CT-001891,TGT-027,2026-07-20T06:20:00+00:00,post,search,api,submitted,0.194,P04,True Negative - Benign Coordination
EVT-0002877,C-010,A-0145,S-00497,CT-001892,TGT-027,2026-07-19T11:48:00+00:00,message,account,api,submitted,0.285,P05,True Negative - Benign Coordination
EVT-0002878,C-010,A-0142,S-00487,CT-001893,TGT-027,2026-07-23T06:32:00+00:00,post,chat,chat,shared,0.282,,True Negative - Benign Coordination
EVT-0002879,C-010,A-0142,S-00485,CT-001894,TGT-027,2026-07-19T18:50:35+00:00,post,chat,moderation_queue,shared,0.096,P02,True Negative - Benign Coordination
EVT-0002880,C-010,A-0151,S-00510,CT-001895,TGT-027,2026-07-21T00:55:00+00:00,post,chat,chat,shared,0.079,,True Negative - Benign Coordination
EVT-0002881,C-010,A-0141,S-00480,CT-001896,TGT-027,2026-07-19T10:51:00+00:00,message,reporting,chat,updated,0.225,,True Negative - Benign Coordination
EVT-0002882,C-010,A-0141,S-00482,,TGT-027,2026-07-19T19:00:39+00:00,profile_update,search,chat,submitted,0.027,,True Negative - Benign Coordination
EVT-0002883,C-010,A-0153,S-00518,CT-001897,TGT-027,2026-07-19T21:08:16+00:00,post,search,moderation_queue,viewed,0.259,P02,True Negative - Benign Coordination
EVT-0002884,C-010,A-0145,S-00497,CT-001898,TGT-027,2026-07-19T19:12:00+00:00,message,search,moderation_queue,submitted,0.083,,True Negative - Benign Coordination
EVT-0002885,C-010,A-0143,S-00490,CT-001899,TGT-027,2026-07-21T07:05:00+00:00,post,account,account_layer,submitted,0.371,,True Negative - Benign Coordination
EVT-0002886,C-010,A-0155,S-00522,CT-001900,TGT-027,2026-07-21T11:04:00+00:00,post,search,api,viewed,0.091,P10,True Negative - Benign Coordination
EVT-0002887,C-010,A-0151,S-00510,CT-001901,TGT-027,2026-07-20T07:30:00+00:00,message,search,moderation_queue,viewed,0.167,P04,True Negative - Benign Coordination
EVT-0002888,C-010,A-0150,S-00509,,,2026-07-20T05:40:00+00:00,login,system,account_layer,shared,0.28,,True Negative - Benign Coordination
EVT-0002889,C-010,A-0140,S-00478,,,2026-07-19T20:50:48+00:00,profile_update,system,moderation_queue,updated,0.119,,True Negative - Benign Coordination
EVT-0002890,C-010,A-0146,S-00498,CT-001902,TGT-027,2026-07-19T23:44:00+00:00,post,account,moderation_queue,updated,0.14,P05,True Negative - Benign Coordination
EVT-0002891,C-010,A-0156,S-00525,CT-001903,TGT-027,2026-07-19T21:18:58+00:00,message,account,chat,created,0.01,P10,True Negative - Benign Coordination
EVT-0002892,C-010,A-0144,S-00493,CT-001904,TGT-027,2026-07-21T11:23:00+00:00,post,system,moderation_queue,shared,0.361,P04,True Negative - Benign Coordination
EVT-0002893,C-010,A-0154,S-00519,CT-001905,TGT-027,2026-07-19T08:04:00+00:00,report,chat,chat,created,0.275,P05,True Negative - Benign Coordination
EVT-0002894,C-010,A-0148,S-00505,CT-001906,TGT-027,2026-07-19T20:17:17+00:00,post,system,chat,viewed,0.183,,True Negative - Benign Coordination
EVT-0002895,C-010,A-0153,S-00514,CT-001907,TGT-027,2026-07-21T16:58:00+00:00,post,account,moderation_queue,submitted,0.134,P04,True Negative - Benign Coordination
EVT-0002896,C-010,A-0145,S-00495,CT-001908,TGT-027,2026-07-19T18:33:38+00:00,message,chat,api,updated,0.357,P10,True Negative - Benign Coordination
EVT-0002897,C-010,A-0153,S-00518,CT-001909,TGT-027,2026-07-19T18:46:38+00:00,message,reporting,chat,shared,0.041,P05,True Negative - Benign Coordination
EVT-0002898,C-010,A-0151,S-00510,,TGT-027,2026-07-19T19:29:49+00:00,login,chat,account_layer,submitted,0.166,P10,True Negative - Benign Coordination
EVT-0002899,C-010,A-0154,S-00520,,TGT-027,2026-07-23T02:25:00+00:00,profile_update,search,moderation_queue,updated,0.207,P04,True Negative - Benign Coordination
EVT-0002900,C-010,A-0145,S-00497,CT-001910,TGT-027,2026-07-22T15:00:00+00:00,post,chat,moderation_queue,shared,0.063,,True Negative - Benign Coordination
EVT-0002901,C-010,A-0144,S-00492,CT-001911,TGT-027,2026-07-19T18:48:50+00:00,post,reporting,api,updated,0.245,P04,True Negative - Benign Coordination
EVT-0002902,C-010,A-0142,S-00486,CT-001912,TGT-027,2026-07-21T04:43:00+00:00,post,search,api,shared,0.26,,True Negative - Benign Coordination
EVT-0002903,C-010,A-0151,S-00510,,TGT-027,2026-07-20T11:43:00+00:00,login,reporting,chat,updated,0.01,P04,True Negative - Benign Coordination
EVT-0002904,C-010,A-0149,S-00506,,,2026-07-22T23:03:00+00:00,profile_update,chat,api,submitted,0.207,P10,True Negative - Benign Coordination
EVT-0002905,C-010,A-0154,S-00520,CT-001913,TGT-027,2026-07-19T21:16:41+00:00,post,account,chat,submitted,0.208,P04,True Negative - Benign Coordination
EVT-0002906,C-010,A-0149,S-00507,CT-001914,TGT-027,2026-07-19T19:20:31+00:00,post,account,api,shared,0.431,,True Negative - Benign Coordination
EVT-0002907,C-010,A-0147,S-00501,CT-001915,TGT-027,2026-07-20T02:31:00+00:00,post,chat,api,shared,0.234,P02,True Negative - Benign Coordination
EVT-0002908,C-010,A-0146,S-00499,,,2026-07-20T18:14:00+00:00,login,reporting,chat,created,0.272,P04,True Negative - Benign Coordination
EVT-0002909,C-010,A-0146,S-00498,CT-001916,TGT-027,2026-07-19T19:08:37+00:00,post,reporting,chat,shared,0.016,,True Negative - Benign Coordination
EVT-0002910,C-010,A-0145,S-00497,,TGT-027,2026-07-19T18:58:44+00:00,search,reporting,api,shared,0.18,P10,True Negative - Benign Coordination
EVT-0002911,C-010,A-0158,S-00533,,,2026-07-21T13:33:00+00:00,migration_signal,search,moderation_queue,shared,0.101,,True Negative - Benign Coordination
EVT-0002912,C-010,A-0158,S-00533,CT-001917,TGT-027,2026-07-21T04:40:00+00:00,message,reporting,chat,submitted,0.193,,True Negative - Benign Coordination
EVT-0002913,C-010,A-0145,S-00496,CT-001918,TGT-027,2026-07-21T22:45:00+00:00,message,chat,moderation_queue,viewed,0.393,P02,True Negative - Benign Coordination
EVT-0002914,C-010,A-0157,S-00530,CT-001919,TGT-027,2026-07-19T19:16:46+00:00,message,search,account_layer,created,0.061,,True Negative - Benign Coordination
EVT-0002915,C-010,A-0150,S-00509,CT-001920,TGT-027,2026-07-19T19:31:57+00:00,report,search,moderation_queue,viewed,0.143,,True Negative - Benign Coordination
EVT-0002916,C-010,A-0151,S-00510,CT-001921,TGT-027,2026-07-20T02:04:00+00:00,message,search,api,created,0.233,,True Negative - Benign Coordination
EVT-0002917,C-010,A-0145,S-00494,CT-001922,TGT-027,2026-07-19T19:35:54+00:00,post,account,chat,shared,0.193,P04,True Negative - Benign Coordination
EVT-0002918,C-010,A-0151,S-00510,CT-001923,TGT-027,2026-07-23T08:49:00+00:00,post,search,api,submitted,0.033,P10,True Negative - Benign Coordination
EVT-0002919,C-010,A-0146,S-00499,CT-001924,TGT-027,2026-07-19T21:03:47+00:00,post,chat,account_layer,submitted,0.01,,True Negative - Benign Coordination
EVT-0002920,C-010,A-0153,S-00516,,TGT-027,2026-07-19T21:30:53+00:00,login,chat,moderation_queue,updated,0.01,,True Negative - Benign Coordination
EVT-0002921,C-010,A-0140,S-00478,CT-001925,TGT-027,2026-07-21T10:35:00+00:00,report,chat,chat,viewed,0.042,P04,True Negative - Benign Coordination
EVT-0002922,C-010,A-0140,S-00478,CT-001926,TGT-027,2026-07-19T18:36:35+00:00,post,search,account_layer,viewed,0.01,P05,True Negative - Benign Coordination
EVT-0002923,C-010,A-0143,S-00489,CT-001927,TGT-027,2026-07-21T02:50:00+00:00,post,account,account_layer,shared,0.275,P02,True Negative - Benign Coordination
EVT-0002924,C-010,A-0152,S-00513,CT-001928,TGT-027,2026-07-19T19:07:36+00:00,post,chat,account_layer,shared,0.362,P02,True Negative - Benign Coordination
EVT-0002925,C-010,A-0140,S-00476,CT-001929,TGT-027,2026-07-23T03:44:00+00:00,post,system,chat,viewed,0.087,,True Negative - Benign Coordination
EVT-0002926,C-010,A-0148,S-00504,CT-001930,TGT-027,2026-07-19T19:31:10+00:00,post,chat,moderation_queue,submitted,0.2,P04,True Negative - Benign Coordination
EVT-0002927,C-010,A-0157,S-00529,CT-001931,TGT-027,2026-07-19T21:04:51+00:00,post,search,chat,shared,0.085,P02,True Negative - Benign Coordination
EVT-0002928,C-010,A-0156,S-00527,,TGT-027,2026-07-19T20:04:47+00:00,login,system,moderation_queue,submitted,0.301,P02,True Negative - Benign Coordination
EVT-0002929,C-010,A-0148,S-00504,,TGT-027,2026-07-19T20:38:04+00:00,search,reporting,chat,viewed,0.01,P04,True Negative - Benign Coordination
EVT-0002930,C-010,A-0140,S-00475,CT-001932,TGT-027,2026-07-19T18:33:58+00:00,post,search,chat,updated,0.246,P04,True Negative - Benign Coordination
EVT-0002931,C-010,A-0150,S-00509,,TGT-027,2026-07-19T20:21:57+00:00,search,search,chat,shared,0.189,,True Negative - Benign Coordination
EVT-0002932,C-010,A-0157,S-00531,CT-001933,TGT-027,2026-07-22T04:52:00+00:00,post,account,account_layer,updated,0.114,P05,True Negative - Benign Coordination
EVT-0002933,C-010,A-0140,S-00478,CT-001934,TGT-027,2026-07-19T21:28:34+00:00,post,system,account_layer,viewed,0.01,,True Negative - Benign Coordination
EVT-0002934,C-010,A-0146,S-00498,CT-001935,TGT-027,2026-07-19T21:15:00+00:00,report,chat,chat,created,0.067,P04,True Negative - Benign Coordination
EVT-0002935,C-010,A-0145,S-00497,,TGT-027,2026-07-19T18:50:53+00:00,profile_update,account,account_layer,updated,0.265,,True Negative - Benign Coordination
EVT-0002936,C-010,A-0151,S-00511,CT-001936,TGT-027,2026-07-19T19:27:01+00:00,post,system,chat,created,0.169,P05,True Negative - Benign Coordination
EVT-0002937,C-010,A-0141,S-00480,CT-001937,TGT-027,2026-07-19T21:07:30+00:00,post,system,api,updated,0.342,,True Negative - Benign Coordination
EVT-0002938,C-010,A-0150,S-00508,CT-001938,TGT-027,2026-07-19T20:36:35+00:00,post,chat,account_layer,updated,0.035,,True Negative - Benign Coordination
EVT-0002939,C-010,A-0152,S-00513,,TGT-027,2026-07-19T19:40:51+00:00,search,account,chat,viewed,0.324,P10,True Negative - Benign Coordination
EVT-0002940,C-010,A-0156,S-00528,,TGT-027,2026-07-19T19:29:34+00:00,login,account,account_layer,viewed,0.188,P10,True Negative - Benign Coordination
EVT-0002941,C-010,A-0149,S-00507,CT-001939,TGT-027,2026-07-23T04:42:00+00:00,post,account,account_layer,viewed,0.123,P05,True Negative - Benign Coordination
EVT-0002942,C-010,A-0153,S-00516,CT-001940,TGT-027,2026-07-19T19:29:36+00:00,message,search,account_layer,viewed,0.022,P05,True Negative - Benign Coordination
EVT-0002943,C-010,A-0156,S-00528,CT-001941,TGT-027,2026-07-19T20:56:02+00:00,message,chat,account_layer,updated,0.212,,True Negative - Benign Coordination
EVT-0002944,C-010,A-0154,S-00520,CT-001942,TGT-027,2026-07-19T08:54:00+00:00,message,search,api,created,0.412,P02,True Negative - Benign Coordination
EVT-0002945,C-010,A-0155,S-00523,CT-001943,TGT-027,2026-07-20T17:09:00+00:00,message,reporting,api,created,0.195,P10,True Negative - Benign Coordination
EVT-0002946,C-010,A-0146,S-00498,CT-001944,TGT-027,2026-07-19T21:24:53+00:00,post,reporting,account_layer,submitted,0.01,,True Negative - Benign Coordination
EVT-0002947,C-010,A-0142,S-00484,CT-001945,TGT-027,2026-07-22T13:17:00+00:00,post,search,moderation_queue,created,0.152,,True Negative - Benign Coordination
EVT-0002948,C-010,A-0156,S-00526,,TGT-027,2026-07-19T21:16:15+00:00,profile_update,chat,moderation_queue,shared,0.01,P05,True Negative - Benign Coordination
EVT-0002949,C-010,A-0141,S-00482,,,2026-07-19T21:18:27+00:00,login,system,account_layer,submitted,0.01,,True Negative - Benign Coordination
EVT-0002950,C-010,A-0158,S-00532,,TGT-027,2026-07-19T19:20:50+00:00,login,account,moderation_queue,submitted,0.022,P10,True Negative - Benign Coordination
EVT-0002951,C-010,A-0156,S-00526,,TGT-027,2026-07-19T19:33:46+00:00,search,chat,moderation_queue,submitted,0.01,P02,True Negative - Benign Coordination
EVT-0002952,C-010,A-0152,S-00512,CT-001946,TGT-027,2026-07-19T19:41:57+00:00,post,account,api,updated,0.388,,True Negative - Benign Coordination
EVT-0002953,C-010,A-0143,S-00491,CT-001947,TGT-027,2026-07-22T01:49:00+00:00,message,account,account_layer,shared,0.2,P10,True Negative - Benign Coordination
EVT-0002954,C-010,A-0157,S-00530,CT-001948,TGT-027,2026-07-19T18:43:34+00:00,post,reporting,chat,shared,0.01,P10,True Negative - Benign Coordination
EVT-0002955,C-010,A-0149,S-00506,,,2026-07-21T05:51:00+00:00,login,account,moderation_queue,updated,0.101,P05,True Negative - Benign Coordination
EVT-0002956,C-010,A-0140,S-00475,CT-001949,TGT-027,2026-07-19T20:53:33+00:00,post,system,api,created,0.01,P02,True Negative - Benign Coordination
EVT-0002957,C-010,A-0145,S-00495,,TGT-027,2026-07-19T20:10:54+00:00,login,chat,api,updated,0.063,P02,True Negative - Benign Coordination
EVT-0002958,C-010,A-0139,S-00472,CT-001950,TGT-027,2026-07-19T21:26:28+00:00,post,system,account_layer,shared,0.077,P04,True Negative - Benign Coordination
EVT-0002959,C-010,A-0153,S-00514,,,2026-07-19T19:17:49+00:00,profile_update,account,api,viewed,0.168,,True Negative - Benign Coordination
EVT-0002960,C-010,A-0142,S-00484,CT-001951,TGT-027,2026-07-20T09:34:00+00:00,message,account,account_layer,shared,0.094,,True Negative - Benign Coordination
EVT-0002961,C-010,A-0141,S-00481,CT-001952,TGT-027,2026-07-19T18:49:12+00:00,message,search,api,shared,0.101,,True Negative - Benign Coordination
EVT-0002962,C-010,A-0153,S-00514,,TGT-027,2026-07-19T20:04:47+00:00,login,system,moderation_queue,created,0.072,P05,True Negative - Benign Coordination
EVT-0002963,C-010,A-0152,S-00513,CT-001953,TGT-027,2026-07-19T19:28:57+00:00,post,account,account_layer,updated,0.114,P05,True Negative - Benign Coordination
EVT-0002964,C-010,A-0146,S-00499,CT-001954,TGT-027,2026-07-20T13:09:00+00:00,message,search,moderation_queue,shared,0.374,P02,True Negative - Benign Coordination
EVT-0002965,C-010,A-0142,S-00486,,,2026-07-19T19:59:01+00:00,profile_update,system,account_layer,viewed,0.011,,True Negative - Benign Coordination
EVT-0002966,C-010,A-0158,S-00532,,TGT-027,2026-07-20T09:26:00+00:00,login,account,api,created,0.053,P02,True Negative - Benign Coordination
EVT-0002967,C-010,A-0149,S-00506,,,2026-07-19T20:03:05+00:00,login,reporting,api,updated,0.209,,True Negative - Benign Coordination
EVT-0002968,C-010,A-0150,S-00509,CT-001955,TGT-027,2026-07-19T18:59:41+00:00,post,system,chat,submitted,0.369,P04,True Negative - Benign Coordination
EVT-0002969,C-010,A-0139,S-00472,CT-001956,TGT-027,2026-07-22T00:41:00+00:00,post,reporting,chat,updated,0.01,,True Negative - Benign Coordination
EVT-0002970,C-010,A-0156,S-00527,CT-001957,TGT-027,2026-07-19T20:40:26+00:00,post,account,chat,shared,0.142,,True Negative - Benign Coordination
EVT-0002971,C-010,A-0148,S-00504,CT-001958,TGT-027,2026-07-19T18:43:48+00:00,post,account,moderation_queue,shared,0.028,,True Negative - Benign Coordination
EVT-0002972,C-010,A-0141,S-00480,CT-001959,TGT-027,2026-07-20T22:55:00+00:00,post,chat,moderation_queue,shared,0.01,P02,True Negative - Benign Coordination
EVT-0002973,C-010,A-0149,S-00507,CT-001960,TGT-027,2026-07-19T15:50:00+00:00,message,reporting,api,updated,0.056,P02,True Negative - Benign Coordination
EVT-0002974,C-010,A-0153,S-00516,,TGT-027,2026-07-19T18:42:18+00:00,migration_signal,search,account_layer,shared,0.168,P04,True Negative - Benign Coordination
EVT-0002975,C-010,A-0140,S-00475,CT-001961,TGT-027,2026-07-20T05:10:00+00:00,post,search,chat,shared,0.138,,True Negative - Benign Coordination
EVT-0002976,C-010,A-0139,S-00472,CT-001962,TGT-027,2026-07-19T18:47:38+00:00,post,reporting,account_layer,updated,0.22,,True Negative - Benign Coordination
EVT-0002977,C-010,A-0153,S-00515,CT-001963,TGT-027,2026-07-23T07:09:00+00:00,post,chat,api,submitted,0.1,P02,True Negative - Benign Coordination
EVT-0002978,C-010,A-0151,S-00511,CT-001964,TGT-027,2026-07-19T19:55:29+00:00,post,system,chat,shared,0.128,P02,True Negative - Benign Coordination
EVT-0002979,C-010,A-0155,S-00524,CT-001965,TGT-027,2026-07-20T22:43:00+00:00,post,search,api,viewed,0.201,,True Negative - Benign Coordination
EVT-0002980,C-010,A-0142,S-00484,CT-001966,TGT-027,2026-07-19T18:40:32+00:00,report,account,chat,viewed,0.087,,True Negative - Benign Coordination
EVT-0002981,C-010,A-0140,S-00477,CT-001967,TGT-027,2026-07-23T03:07:00+00:00,post,system,account_layer,submitted,0.232,,True Negative - Benign Coordination
EVT-0002982,C-010,A-0156,S-00528,,TGT-027,2026-07-19T19:14:57+00:00,search,reporting,moderation_queue,shared,0.01,P02,True Negative - Benign Coordination
EVT-0002983,C-010,A-0143,S-00490,CT-001968,TGT-027,2026-07-22T09:34:00+00:00,message,search,chat,shared,0.01,P04,True Negative - Benign Coordination
EVT-0002984,C-010,A-0152,S-00513,CT-001969,TGT-027,2026-07-22T09:42:00+00:00,message,chat,account_layer,shared,0.166,P04,True Negative - Benign Coordination
EVT-0002985,C-010,A-0150,S-00509,,TGT-027,2026-07-19T18:41:57+00:00,login,account,api,updated,0.01,P02,True Negative - Benign Coordination
EVT-0002986,C-010,A-0153,S-00517,CT-001970,TGT-027,2026-07-21T05:26:00+00:00,message,reporting,account_layer,submitted,0.331,P10,True Negative - Benign Coordination
EVT-0002987,C-010,A-0158,S-00533,,TGT-027,2026-07-21T15:01:00+00:00,search,system,account_layer,created,0.054,P10,True Negative - Benign Coordination
EVT-0002988,C-010,A-0152,S-00513,CT-001971,TGT-027,2026-07-19T21:29:13+00:00,post,system,moderation_queue,submitted,0.338,,True Negative - Benign Coordination
EVT-0002989,C-010,A-0141,S-00480,CT-001972,TGT-027,2026-07-19T20:28:42+00:00,post,system,api,updated,0.261,P05,True Negative - Benign Coordination
EVT-0002990,C-010,A-0139,S-00472,,TGT-027,2026-07-21T09:35:00+00:00,profile_update,system,moderation_queue,submitted,0.082,P10,True Negative - Benign Coordination
EVT-0002991,C-010,A-0139,S-00472,CT-001973,TGT-027,2026-07-21T12:48:00+00:00,post,account,api,shared,0.278,,True Negative - Benign Coordination
EVT-0002992,C-010,A-0152,S-00513,,,2026-07-19T18:32:22+00:00,login,system,moderation_queue,created,0.066,P04,True Negative - Benign Coordination
EVT-0002993,C-010,A-0152,S-00513,CT-001974,TGT-027,2026-07-21T21:34:00+00:00,post,system,api,submitted,0.036,P02,True Negative - Benign Coordination
EVT-0002994,C-010,A-0141,S-00482,CT-001975,TGT-027,2026-07-19T19:57:48+00:00,message,system,api,created,0.345,,True Negative - Benign Coordination
EVT-0002995,C-010,A-0148,S-00504,CT-001976,TGT-027,2026-07-19T21:02:15+00:00,post,reporting,account_layer,viewed,0.204,P02,True Negative - Benign Coordination
EVT-0002996,C-010,A-0146,S-00499,CT-001977,TGT-027,2026-07-20T02:32:00+00:00,post,reporting,account_layer,submitted,0.307,,True Negative - Benign Coordination
EVT-0002997,C-010,A-0157,S-00530,CT-001978,TGT-027,2026-07-21T21:31:00+00:00,post,account,moderation_queue,viewed,0.084,P02,True Negative - Benign Coordination
EVT-0002998,C-010,A-0157,S-00529,CT-001979,TGT-027,2026-07-20T01:26:00+00:00,post,reporting,api,updated,0.026,P05,True Negative - Benign Coordination
EVT-0002999,C-010,A-0154,S-00519,CT-001980,TGT-027,2026-07-19T20:52:41+00:00,message,chat,account_layer,updated,0.01,P05,True Negative - Benign Coordination
EVT-0003000,C-010,A-0144,S-00492,,TGT-027,2026-07-19T18:44:53+00:00,login,system,moderation_queue,shared,0.032,P10,True Negative - Benign Coordination
EVT-0003001,C-010,A-0140,S-00478,CT-001981,TGT-027,2026-07-19T19:06:46+00:00,message,system,chat,shared,0.081,,True Negative - Benign Coordination
EVT-0003002,C-010,A-0142,S-00485,CT-001982,TGT-027,2026-07-22T14:49:00+00:00,post,system,api,viewed,0.144,,True Negative - Benign Coordination
EVT-0003003,C-010,A-0149,S-00507,CT-001983,TGT-027,2026-07-19T19:32:45+00:00,post,search,api,created,0.179,P04,True Negative - Benign Coordination
EVT-0003004,C-010,A-0143,S-00488,,,2026-07-19T20:59:33+00:00,login,chat,chat,viewed,0.254,P10,True Negative - Benign Coordination
EVT-0003005,C-010,A-0153,S-00517,CT-001984,TGT-027,2026-07-20T09:30:00+00:00,report,system,account_layer,viewed,0.01,P05,True Negative - Benign Coordination
EVT-0003006,C-010,A-0141,S-00482,CT-001985,TGT-027,2026-07-19T21:25:26+00:00,post,account,moderation_queue,viewed,0.079,P04,True Negative - Benign Coordination
EVT-0003007,C-010,A-0154,S-00519,CT-001986,TGT-027,2026-07-19T19:49:43+00:00,post,chat,api,updated,0.074,P02,True Negative - Benign Coordination
EVT-0003008,C-010,A-0149,S-00507,CT-001987,TGT-027,2026-07-21T12:48:00+00:00,post,account,moderation_queue,shared,0.22,P02,True Negative - Benign Coordination
EVT-0003009,C-010,A-0152,S-00512,CT-001988,TGT-027,2026-07-20T17:44:00+00:00,post,chat,api,created,0.351,P04,True Negative - Benign Coordination
EVT-0003010,C-010,A-0149,S-00506,CT-001989,TGT-027,2026-07-19T16:12:00+00:00,report,account,moderation_queue,submitted,0.104,P02,True Negative - Benign Coordination
